mtllib minecraft_ender_dragon.mtl
o Minecraft_EnderDragon
v 0.347525 1.814869 5.763546
v -0.372475 1.814869 5.763546
v -0.372475 1.814869 5.043546
v 0.347525 1.814869 5.043546
v 0.347525 2.534869 5.763546
v -0.372475 2.534869 5.763546
v -0.372475 2.534869 5.043546
v 0.347525 2.534869 5.043546
v -0.372475 1.814869 5.763546
v 0.347525 2.354869 5.763546
v -0.372475 2.354869 5.763546
v -0.372475 2.354869 5.043546
v 0.347525 2.354869 5.043546
v -0.372475 2.354869 5.763546
v 0.347525 2.264869 5.763546
v -0.372475 2.264869 5.763546
v -0.372475 2.264869 5.043546
v 0.347525 2.264869 5.043546
v -0.372475 2.264869 5.763546
v -0.102475 1.814869 5.763546
v -0.102475 1.814869 5.043546
v -0.102475 2.534869 5.763546
v -0.102475 2.534869 5.043546
v -0.102475 1.814869 5.763546
v -0.102475 2.354869 5.763546
v -0.102475 2.354869 5.043546
v -0.102475 2.264869 5.763546
v -0.102475 2.264869 5.043546
v 0.077525 1.814869 5.043546
v 0.077525 2.534869 5.043546
v 0.077525 2.354869 5.043546
v 0.077525 2.264869 5.043546
v 0.077525 1.814869 5.763546
v 0.077525 2.534869 5.763546
v 0.077525 1.814869 5.763546
v 0.077525 2.354869 5.763546
v 0.077525 2.264869 5.763546
v 0.257525 1.814869 5.043546
v 0.257525 2.534869 5.043546
v 0.257525 2.354869 5.043546
v 0.257525 2.264869 5.043546
v 0.257525 1.814869 5.763546
v 0.257525 2.534869 5.763546
v 0.257525 1.814869 5.763546
v 0.257525 2.354869 5.763546
v 0.257525 2.264869 5.763546
v -0.282475 1.814869 5.763546
v -0.282475 2.534869 5.763546
v -0.282475 1.814869 5.763546
v -0.282475 2.354869 5.763546
v -0.282475 2.264869 5.763546
v -0.282475 1.814869 5.043546
v -0.282475 2.534869 5.043546
v -0.282475 2.354869 5.043546
v -0.282475 2.264869 5.043546
v 0.347525 2.039870 5.763546
v -0.372475 2.039870 5.763546
v -0.372475 2.039870 5.043546
v 0.347525 2.039870 5.043546
v -0.372475 2.039870 5.763546
v -0.102475 2.039869 5.763546
v -0.102475 2.039869 5.043546
v 0.077525 2.039870 5.043546
v 0.077525 2.039869 5.763546
v 0.257525 2.039870 5.043546
v 0.257525 2.039869 5.763546
v -0.282475 2.039869 5.763546
v -0.282475 2.039869 5.043546
v 0.347525 1.904869 5.763546
v -0.372475 1.904869 5.763546
v -0.372475 1.904869 5.043546
v 0.347525 1.904869 5.043546
v -0.372475 1.904869 5.763546
v -0.102475 1.904869 5.763546
v -0.102475 1.904869 5.043546
v 0.077525 1.904869 5.043546
v 0.077525 1.904869 5.763546
v 0.257525 1.904869 5.043546
v 0.257525 1.904869 5.763546
v -0.282475 1.904869 5.763546
v -0.282475 1.904869 5.043546
v 0.167525 1.814869 5.043546
v 0.167525 2.534869 5.043546
v 0.167525 2.354869 5.043546
v 0.167525 2.264869 5.043546
v 0.167525 1.814869 5.763546
v 0.167525 2.534869 5.763546
v 0.167525 1.814869 5.763546
v 0.167525 2.354869 5.763546
v 0.167525 2.264869 5.763546
v 0.167525 2.039869 5.763546
v 0.167525 2.039870 5.043546
v 0.167525 1.904869 5.763546
v 0.167525 1.904869 5.043546
v -0.192475 1.814869 5.763546
v -0.192475 2.534869 5.763546
v -0.192475 1.814869 5.763546
v -0.192475 2.354869 5.763546
v -0.192475 2.264869 5.763546
v -0.192475 1.814869 5.043546
v -0.192475 2.534869 5.043546
v -0.192475 2.354869 5.043546
v -0.192475 2.264869 5.043546
v -0.192475 2.039869 5.043546
v -0.192475 2.039869 5.763546
v -0.192475 1.904869 5.043546
v -0.192475 1.904869 5.763546
v 0.347525 2.444869 5.763546
v -0.372475 2.444869 5.763546
v -0.372475 2.444869 5.043546
v 0.347525 2.444869 5.043546
v -0.372475 2.444869 5.763546
v -0.102475 2.444869 5.763546
v -0.102475 2.444869 5.043546
v 0.077525 2.444869 5.043546
v 0.077525 2.444869 5.763546
v 0.257525 2.444869 5.043546
v 0.257525 2.444869 5.763546
v -0.282475 2.444869 5.763546
v -0.282475 2.444869 5.043546
v 0.167525 2.444869 5.763546
v 0.167525 2.444869 5.043546
v -0.192475 2.444869 5.043546
v -0.192475 2.444869 5.763546
v -0.102475 2.399869 5.763546
v -0.102475 2.399869 5.043546
v 0.077525 2.399869 5.043546
v 0.077525 2.399869 5.763546
v 0.257525 2.399869 5.043546
v 0.257525 2.399869 5.763546
v -0.282475 2.399869 5.763546
v -0.282475 2.399869 5.043546
v 0.167525 2.399869 5.763546
v 0.167525 2.399869 5.043546
v -0.192475 2.399869 5.043546
v -0.192475 2.399869 5.763546
v 0.347525 2.399869 5.763546
v -0.372475 2.399869 5.763546
v -0.372475 2.399869 5.043546
v 0.347525 2.399869 5.043546
v -0.372475 2.399869 5.763546
v -0.102475 2.309869 5.763546
v 0.077525 2.309869 5.763546
v 0.122525 2.354869 5.763546
v 0.122525 2.264869 5.763546
v 0.257525 2.377369 5.763546
v 0.257525 2.309869 5.763546
v -0.147475 2.354869 5.763546
v -0.147475 2.264869 5.763546
v -0.282475 2.377369 5.763546
v -0.282475 2.309869 5.763546
v 0.212525 2.354869 5.763546
v 0.212525 2.264869 5.763546
v 0.167525 2.377369 5.763546
v -0.237475 2.354869 5.763546
v -0.237475 2.264869 5.763546
v -0.192475 2.377369 5.763546
v -0.147475 2.444869 5.763546
v -0.102475 2.422369 5.763546
v -0.192475 2.422369 5.763546
v -0.237475 2.399869 5.763546
v 0.212525 2.399869 5.763546
v -0.147475 2.399869 5.763546
v 0.122525 2.309869 5.763546
v -0.147475 2.309869 5.763546
v -0.147475 2.422369 5.763546
v -0.237475 2.377369 5.763546
v 0.212525 2.377369 5.763546
v -0.102475 2.264869 5.745545
v 0.077525 2.264869 5.745545
v 0.257525 2.354869 5.745545
v 0.257525 2.264869 5.745545
v -0.282475 2.354869 5.745545
v -0.282475 2.264869 5.745545
v 0.167525 2.354869 5.745545
v 0.167525 2.264869 5.745545
v -0.192475 2.354869 5.745545
v -0.192475 2.264869 5.745545
v -0.102475 2.309869 5.745545
v 0.077525 2.309869 5.745545
v 0.122525 2.354869 5.745545
v 0.122525 2.264869 5.745545
v 0.257525 2.309869 5.745545
v -0.147475 2.354869 5.745545
v -0.147475 2.264869 5.745545
v -0.282475 2.309869 5.745545
v 0.212525 2.354869 5.745545
v 0.212525 2.264869 5.745545
v 0.167525 2.309869 5.745545
v -0.237475 2.354869 5.745545
v -0.237475 2.264869 5.745545
v -0.192475 2.309869 5.745545
v 0.122525 2.309869 5.745545
v -0.237475 2.309869 5.745545
v 0.212525 2.309869 5.745545
v -0.147475 2.309869 5.745545
v -0.282475 2.354869 5.763546
v -0.192475 2.354869 5.763546
v -0.147475 2.354869 5.763546
v -0.237475 2.354869 5.763546
v -0.282475 2.354869 5.745545
v -0.192475 2.354869 5.745545
v -0.147475 2.354869 5.745545
v -0.237475 2.354869 5.745545
v -0.102475 2.309869 5.763546
v -0.147475 2.309869 5.763546
v -0.102475 2.309869 5.745545
v -0.147475 2.309869 5.745545
v 0.257525 2.354869 5.763546
v 0.167525 2.354869 5.763546
v 0.122525 2.354869 5.763546
v 0.212525 2.354869 5.763546
v 0.257525 2.354869 5.745545
v 0.167525 2.354869 5.745545
v 0.122525 2.354869 5.745545
v 0.212525 2.354869 5.745545
v 0.077525 2.309869 5.763546
v 0.122525 2.309869 5.763546
v 0.077525 2.309869 5.745545
v 0.122525 2.309869 5.745545
v -0.147475 2.309869 5.763546
v -0.102475 2.264869 5.763546
v -0.282475 2.264869 5.763546
v -0.192475 2.264869 5.763546
v -0.147475 2.264869 5.763546
v -0.237475 2.264869 5.763546
v -0.102475 2.264869 5.745545
v -0.282475 2.264869 5.745545
v -0.192475 2.264869 5.745545
v -0.147475 2.264869 5.745545
v -0.237475 2.264869 5.745545
v 0.077525 2.264869 5.763546
v 0.257525 2.264869 5.763546
v 0.167525 2.264869 5.763546
v 0.122525 2.264869 5.763546
v 0.212525 2.264869 5.763546
v 0.077525 2.264869 5.745545
v 0.257525 2.264869 5.745545
v 0.167525 2.264869 5.745545
v 0.122525 2.264869 5.745545
v 0.212525 2.264869 5.745545
v 0.212525 2.354869 5.745546
v 0.212525 2.264869 5.745546
v -0.237475 2.354869 5.745547
v -0.237475 2.264869 5.745547
v 0.167525 2.264869 5.745546
v -0.192475 2.264869 5.745547
v 0.257525 2.354869 5.745546
v 0.257525 2.264869 5.745546
v 0.212525 2.309869 5.745546
v -0.282475 2.354869 5.745547
v -0.282475 2.264869 5.745547
v -0.237475 2.309869 5.745547
v 0.167525 2.309869 5.745546
v -0.282475 2.309869 5.745547
v 0.257525 2.309869 5.745546
v -0.192475 2.309869 5.745547
v 0.212525 2.354869 5.750046
v 0.212525 2.264869 5.750046
v -0.237475 2.354869 5.750048
v -0.237475 2.264869 5.750048
v 0.167525 2.264869 5.750046
v -0.192475 2.264869 5.750048
v 0.257525 2.354869 5.750046
v 0.257525 2.264869 5.750046
v 0.212525 2.309869 5.750046
v -0.282475 2.354869 5.750048
v -0.282475 2.264869 5.750048
v -0.237475 2.309869 5.750048
v 0.167525 2.309869 5.750046
v -0.282475 2.309869 5.750048
v 0.257525 2.309869 5.750046
v -0.192475 2.309869 5.750048
v 0.065489 2.724858 0.729434
v -0.024993 2.724858 0.729434
v -0.024993 2.724858 0.189530
v 0.065489 2.724858 0.189530
v 0.065489 2.995339 0.729434
v -0.024993 2.995339 0.729434
v -0.024993 2.995339 0.189530
v 0.065489 2.995339 0.189530
v -0.024993 2.724858 0.729434
v -0.024993 2.995339 0.189530
v 0.065490 2.724858 1.628468
v -0.024993 2.724858 1.628468
v -0.024993 2.724858 1.088565
v 0.065490 2.724858 1.088565
v 0.065490 2.995339 1.628468
v -0.024993 2.995339 1.628468
v -0.024993 2.995339 1.088565
v 0.065490 2.995339 1.088565
v -0.024993 2.724858 1.628468
v -0.024993 2.995339 1.088565
v 0.065490 2.724858 2.527503
v -0.024993 2.724858 2.527503
v -0.024993 2.724858 1.987600
v 0.065490 2.724858 1.987600
v 0.065490 2.995339 2.527503
v -0.024993 2.995339 2.527503
v -0.024993 2.995339 1.987600
v 0.065490 2.995339 1.987600
v -0.024993 2.724858 2.527503
v -0.024993 2.995339 1.987600
v 0.560485 1.644867 0.999144
v -0.519989 1.644867 0.999145
v -0.519990 1.644867 -0.080180
v 0.560485 1.644867 -0.080180
v 0.560485 2.725342 0.999144
v -0.519989 2.725342 0.999144
v -0.519989 2.725342 -0.080179
v 0.560485 2.725342 -0.080180
v 0.560486 1.644867 2.797214
v -0.519989 1.644867 2.797214
v -0.519989 1.644867 0.998662
v 0.560485 1.644867 0.998662
v 0.560486 2.725342 2.797214
v -0.519989 2.725342 2.797214
v -0.519989 2.725342 0.998662
v 0.560485 2.725342 0.998662
v -0.519989 1.644867 0.999145
v 1.235481 0.893866 0.206389
v 0.515003 0.893866 0.206389
v 0.515003 1.328814 -0.367373
v 1.235481 1.328814 -0.367373
v 1.235480 2.042234 1.075073
v 0.515002 2.042234 1.075073
v 0.515003 2.477182 0.501311
v 1.235481 2.477181 0.501311
v 0.515003 0.893866 0.206389
v 1.145482 0.357527 -1.285639
v 0.605003 0.357527 -1.285639
v 0.605004 0.860322 -1.483712
v 1.145482 0.860322 -1.483712
v 1.145481 0.885978 0.052967
v 0.605002 0.885979 0.052967
v 0.605002 1.388773 -0.145106
v 1.145481 1.388773 -0.145106
v 0.605003 0.357527 -1.285639
v 1.280483 -0.244106 -1.337516
v 0.470006 -0.244106 -1.337516
v 0.470006 0.760175 -1.735653
v 1.280482 0.760175 -1.735653
v 1.280483 -0.144334 -1.086378
v 0.470006 -0.144334 -1.086378
v 0.470006 0.859947 -1.484515
v 1.280482 0.859947 -1.484515
v 0.470006 -0.244106 -1.337516
v -0.474505 0.893878 0.206362
v -1.194983 0.893878 0.206362
v -1.194982 1.328837 -0.367392
v -0.474505 1.328837 -0.367392
v -0.474506 2.042228 1.075069
v -1.194983 2.042228 1.075069
v -1.194983 2.477187 0.501316
v -0.474505 2.477187 0.501316
v -1.194983 0.893878 0.206362
v -0.564505 0.357521 -1.285646
v -1.104983 0.357521 -1.285646
v -1.104984 0.860312 -1.483728
v -0.564505 0.860312 -1.483728
v -0.564505 0.885997 0.052949
v -1.104984 0.885997 0.052949
v -1.104984 1.388789 -0.145133
v -0.564505 1.388789 -0.145133
v -1.104983 0.357521 -1.285646
v -0.429508 -0.244110 -1.337509
v -1.239984 -0.244110 -1.337509
v -1.239982 0.760162 -1.735668
v -0.429505 0.760162 -1.735668
v -0.429508 -0.144333 -1.086372
v -1.239984 -0.144333 -1.086372
v -1.239982 0.859939 -1.484531
v -0.429506 0.859939 -1.484531
v -1.239984 -0.244110 -1.337509
v 0.875484 1.181637 1.579730
v 0.515003 1.181637 1.579730
v 0.515003 1.490487 1.394031
v 0.875483 1.490487 1.394031
v 0.875482 1.738831 2.504467
v 0.515002 1.738831 2.504467
v 0.515002 2.047681 2.318768
v 0.875482 2.047681 2.318768
v 0.515003 1.181637 1.579730
v 0.830485 0.291567 1.206444
v 0.560004 0.291567 1.206444
v 0.560004 0.390729 0.955064
v 0.830485 0.390729 0.955064
v 0.830484 1.296811 1.602141
v 0.560003 1.296811 1.602141
v 0.560003 1.395973 1.350761
v 0.830484 1.395973 1.350761
v 0.560004 0.291567 1.206444
v 0.875485 -0.050466 1.551345
v 0.515005 -0.050466 1.551345
v 0.515005 0.228178 0.887639
v 0.875485 0.228178 0.887639
v 0.875485 0.115972 1.621072
v 0.515004 0.115971 1.621072
v 0.515004 0.394615 0.957366
v 0.875485 0.394616 0.957366
v 0.515005 -0.050466 1.551345
v -0.474506 1.181637 1.579731
v -0.834986 1.181637 1.579731
v -0.834986 1.490486 1.394032
v -0.474506 1.490486 1.394032
v -0.474507 1.738832 2.504468
v -0.834987 1.738832 2.504468
v -0.834987 2.047681 2.318769
v -0.474507 2.047681 2.318769
v -0.834986 1.181637 1.579731
v -0.519502 0.291565 1.206442
v -0.789983 0.291565 1.206443
v -0.789983 0.390727 0.955063
v -0.519502 0.390728 0.955063
v -0.519504 1.296809 1.602141
v -0.789985 1.296809 1.602141
v -0.789985 1.395971 1.350762
v -0.519504 1.395972 1.350761
v -0.789983 0.291565 1.206443
v -0.474502 -0.050468 1.551345
v -0.834982 -0.050468 1.551345
v -0.834983 0.228177 0.887640
v -0.474503 0.228177 0.887640
v -0.474502 0.115969 1.621072
v -0.834982 0.115969 1.621072
v -0.834983 0.394614 0.957367
v -0.474503 0.394614 0.957367
v -0.834982 -0.050468 1.551345
v 0.077764 2.399495 3.155249
v -0.012665 2.399488 3.158339
v -0.021894 2.399765 2.888304
v 0.068536 2.399772 2.885214
v 0.077758 2.579977 3.155434
v -0.012672 2.579970 3.158525
v -0.021901 2.580247 2.888490
v 0.068529 2.580254 2.885399
v -0.012665 2.399488 3.158339
v 0.260746 1.949420 3.238489
v -0.189471 1.949388 3.253876
v -0.204841 1.949848 2.804140
v 0.245375 1.949880 2.788753
v 0.260729 2.399899 3.238951
v -0.189488 2.399867 3.254339
v -0.204858 2.400328 2.804602
v 0.245359 2.400360 2.789215
v -0.189471 1.949388 3.253876
v 0.071862 2.399657 3.606977
v -0.018592 2.399662 3.604716
v -0.011839 2.399467 3.334607
v 0.078615 2.399463 3.336868
v 0.071873 2.580139 3.606847
v -0.018581 2.580143 3.604585
v -0.011828 2.579948 3.334477
v 0.078626 2.579944 3.336738
v -0.018592 2.399662 3.604716
v 0.249530 1.949718 3.701674
v -0.200809 1.949738 3.690416
v -0.189562 1.949413 3.240557
v 0.260777 1.949393 3.251816
v 0.249558 2.400198 3.701350
v -0.200781 2.400218 3.690092
v -0.189534 2.399892 3.240232
v 0.260805 2.399873 3.251491
v -0.200809 1.949738 3.690416
v 0.065894 2.399820 4.055863
v -0.024583 2.399834 4.054920
v -0.021767 2.399757 3.784742
v 0.068711 2.399743 3.785686
v 0.065922 2.580302 4.055812
v -0.024555 2.580316 4.054869
v -0.021739 2.580239 3.784691
v 0.068739 2.580225 3.785634
v -0.024583 2.399834 4.054920
v 0.244876 1.949822 4.147765
v -0.205579 1.949891 4.143069
v -0.200888 1.949763 3.693094
v 0.249567 1.949694 3.697790
v 0.244946 2.400302 4.147638
v -0.205509 2.400371 4.142942
v -0.200818 2.400243 3.692967
v 0.249637 2.400174 3.697662
v -0.205579 1.949891 4.143069
v 0.066633 2.399854 4.504730
v -0.023849 2.399872 4.505152
v -0.025108 2.399864 4.234962
v 0.065373 2.399846 4.234540
v 0.066668 2.580335 4.504725
v -0.023813 2.580353 4.505147
v -0.025072 2.580346 4.234958
v 0.065409 2.580328 4.234536
v -0.023849 2.399872 4.505152
v 0.246960 1.949824 4.593806
v -0.203515 1.949913 4.595906
v -0.205612 1.949901 4.145911
v 0.244862 1.949812 4.143811
v 0.247049 2.400303 4.593794
v -0.203426 2.400392 4.595894
v -0.205523 2.400381 4.145899
v 0.244951 2.400292 4.143799
v -0.203515 1.949913 4.595905
v 0.081402 2.399850 4.952342
v -0.009007 2.399869 4.955972
v -0.019846 2.399873 4.685997
v 0.070563 2.399855 4.682366
v 0.081439 2.580332 4.952343
v -0.008971 2.580350 4.955973
v -0.019810 2.580355 4.685998
v 0.070600 2.580336 4.682368
v -0.009007 2.399869 4.955972
v 0.264771 1.949817 5.034948
v -0.185346 1.949907 5.053020
v -0.203398 1.949915 4.603382
v 0.246719 1.949823 4.585310
v 0.264863 2.400296 5.034952
v -0.185254 2.400387 5.053023
v -0.203306 2.400394 4.603386
v 0.246811 2.400303 4.585314
v -0.185346 1.949907 5.053020
v 0.245486 2.534861 5.494319
v 0.155004 2.534861 5.494319
v 0.155004 2.534861 5.224126
v 0.245486 2.534861 5.224126
v 0.245486 2.715343 5.494319
v 0.155004 2.715343 5.494319
v 0.155004 2.715343 5.224126
v 0.245486 2.715343 5.224126
v 0.155004 2.534861 5.494319
v -0.114510 2.534860 5.494319
v -0.204993 2.534860 5.494319
v -0.204992 2.534860 5.224127
v -0.114510 2.534860 5.224127
v -0.114510 2.715343 5.494319
v -0.204993 2.715342 5.494319
v -0.204992 2.715341 5.224127
v -0.114510 2.715342 5.224127
v -0.204993 2.534860 5.494319
v 0.290486 1.814869 6.438306
v -0.249993 1.814869 6.438306
v -0.249992 1.814868 5.763548
v 0.290486 1.814869 5.763548
v 0.290486 1.995351 6.438306
v -0.249993 1.995351 6.438306
v -0.249992 1.995350 5.763548
v 0.290486 1.995350 5.763548
v -0.249993 1.814869 6.438306
v 0.245487 2.219864 6.348401
v 0.155004 2.219864 6.348401
v 0.155005 2.219864 6.168111
v 0.245487 2.219864 6.168111
v 0.245487 2.310347 6.348401
v 0.155004 2.310347 6.348401
v 0.155005 2.310347 6.168111
v 0.245487 2.310347 6.168111
v 0.155004 2.219864 6.348401
v -0.114511 2.219865 6.348402
v -0.204993 2.219865 6.348402
v -0.204993 2.219864 6.168112
v -0.114510 2.219864 6.168112
v -0.114511 2.310347 6.348402
v -0.204993 2.310347 6.348402
v -0.204993 2.310347 6.168112
v -0.114510 2.310347 6.168112
v -0.204993 2.219865 6.348402
v 0.290486 1.994867 6.438305
v -0.249993 1.994867 6.438305
v -0.249992 1.994866 5.763546
v 0.290486 1.994867 5.763546
v 0.290486 2.220349 6.438305
v -0.249993 2.220348 6.438305
v -0.249992 2.220348 5.763546
v 0.290486 2.220348 5.763546
v -0.249993 1.994867 6.438305
v 0.065489 2.399859 -0.169602
v -0.024993 2.399859 -0.169602
v -0.024993 2.399859 -0.439794
v 0.065490 2.399859 -0.439794
v 0.065489 2.580341 -0.169601
v -0.024993 2.580341 -0.169602
v -0.024993 2.580341 -0.439794
v 0.065490 2.580341 -0.439794
v -0.024993 2.399859 -0.169602
v 0.245488 1.949863 -0.079698
v -0.204991 1.949863 -0.079698
v -0.204991 1.949863 -0.529698
v 0.245489 1.949862 -0.529698
v 0.245488 2.400343 -0.079698
v -0.204991 2.400343 -0.079698
v -0.204991 2.400342 -0.529698
v 0.245489 2.400342 -0.529698
v -0.204991 1.949863 -0.079698
v 0.065490 2.399859 -0.619118
v -0.024992 2.399859 -0.619118
v -0.024992 2.399859 -0.889311
v 0.065490 2.399859 -0.889312
v 0.065490 2.580341 -0.619118
v -0.024993 2.580341 -0.619118
v -0.024992 2.580341 -0.889311
v 0.065490 2.580341 -0.889312
v -0.024992 2.399859 -0.619118
v 0.245489 1.949863 -0.529215
v -0.204990 1.949863 -0.529215
v -0.204990 1.949863 -0.979215
v 0.245489 1.949863 -0.979215
v 0.245489 2.400343 -0.529215
v -0.204991 2.400343 -0.529215
v -0.204990 2.400343 -0.979215
v 0.245489 2.400342 -0.979215
v -0.204990 1.949863 -0.529215
v 0.065491 2.399860 -1.068636
v -0.024992 2.399860 -1.068636
v -0.024991 2.399859 -1.338829
v 0.065491 2.399859 -1.338829
v 0.065491 2.580341 -1.068636
v -0.024992 2.580341 -1.068636
v -0.024991 2.580341 -1.338829
v 0.065491 2.580341 -1.338829
v -0.024992 2.399860 -1.068636
v 0.245490 1.949863 -0.978733
v -0.204990 1.949863 -0.978733
v -0.204989 1.949863 -1.428733
v 0.245490 1.949863 -1.428733
v 0.245490 2.400343 -0.978733
v -0.204990 2.400343 -0.978733
v -0.204989 2.400343 -1.428733
v 0.245490 2.400343 -1.428733
v -0.204990 1.949863 -0.978733
v 0.065490 2.399860 -1.518153
v -0.024992 2.399860 -1.518153
v -0.024992 2.399860 -1.788346
v 0.065490 2.399860 -1.788346
v 0.065490 2.580341 -1.518153
v -0.024992 2.580341 -1.518153
v -0.024992 2.580341 -1.788346
v 0.065490 2.580341 -1.788346
v -0.024992 2.399860 -1.518153
v 0.245489 1.949863 -1.428249
v -0.204990 1.949863 -1.428249
v -0.204990 1.949863 -1.878249
v 0.245489 1.949863 -1.878249
v 0.245489 2.400343 -1.428249
v -0.204990 2.400343 -1.428249
v -0.204990 2.400343 -1.878249
v 0.245489 2.400343 -1.878249
v -0.204990 1.949863 -1.428249
v 0.065490 2.399860 -1.967671
v -0.024992 2.399860 -1.967671
v -0.024992 2.399860 -2.237864
v 0.065490 2.399860 -2.237864
v 0.065490 2.580342 -1.967671
v -0.024992 2.580342 -1.967671
v -0.024992 2.580342 -2.237864
v 0.065490 2.580342 -2.237864
v -0.024992 2.399860 -1.967671
v 0.245489 1.949864 -1.877767
v -0.204990 1.949864 -1.877767
v -0.204991 1.949864 -2.327767
v 0.245489 1.949864 -2.327767
v 0.245489 2.400343 -1.877767
v -0.204991 2.400343 -1.877767
v -0.204991 2.400343 -2.327767
v 0.245489 2.400344 -2.327767
v -0.204990 1.949864 -1.877767
v 0.065491 2.399860 -2.417188
v -0.024991 2.399860 -2.417188
v -0.024991 2.399860 -2.687381
v 0.065491 2.399860 -2.687381
v 0.065491 2.580342 -2.417188
v -0.024991 2.580342 -2.417188
v -0.024991 2.580342 -2.687381
v 0.065491 2.580342 -2.687381
v -0.024991 2.399860 -2.417188
v 0.245490 1.949864 -2.327285
v -0.204989 1.949864 -2.327285
v -0.204989 1.949864 -2.777285
v 0.245490 1.949864 -2.777285
v 0.245490 2.400344 -2.327285
v -0.204990 2.400343 -2.327285
v -0.204989 2.400343 -2.777285
v 0.245490 2.400343 -2.777285
v -0.204989 1.949864 -2.327285
v 0.065491 2.399860 -2.866705
v -0.024991 2.399860 -2.866705
v -0.024991 2.399860 -3.136898
v 0.065491 2.399860 -3.136898
v 0.065491 2.580341 -2.866705
v -0.024992 2.580341 -2.866705
v -0.024991 2.580341 -3.136898
v 0.065491 2.580341 -3.136898
v -0.024991 2.399860 -2.866705
v 0.245490 1.949863 -2.776802
v -0.204989 1.949864 -2.776802
v -0.204990 1.949864 -3.226801
v 0.245490 1.949863 -3.226801
v 0.245490 2.400343 -2.776802
v -0.204990 2.400343 -2.776802
v -0.204990 2.400343 -3.226801
v 0.245490 2.400343 -3.226801
v -0.204989 1.949863 -2.776802
v 0.065492 2.399860 -3.316222
v -0.024991 2.399860 -3.316222
v -0.024991 2.399861 -3.586415
v 0.065492 2.399861 -3.586415
v 0.065492 2.580342 -3.316222
v -0.024991 2.580342 -3.316222
v -0.024991 2.580342 -3.586415
v 0.065492 2.580342 -3.586415
v -0.024991 2.399860 -3.316222
v 0.245491 1.949864 -3.226318
v -0.204989 1.949864 -3.226318
v -0.204989 1.949864 -3.676318
v 0.245491 1.949864 -3.676318
v 0.245491 2.400343 -3.226318
v -0.204989 2.400343 -3.226318
v -0.204989 2.400343 -3.676318
v 0.245491 2.400343 -3.676318
v -0.204989 1.949864 -3.226318
v 0.065492 2.399859 -3.765738
v -0.024990 2.399859 -3.765738
v -0.024990 2.399860 -4.035931
v 0.065492 2.399859 -4.035931
v 0.065492 2.580341 -3.765738
v -0.024990 2.580341 -3.765738
v -0.024990 2.580341 -4.035931
v 0.065492 2.580341 -4.035931
v -0.024990 2.399859 -3.765738
v 0.245491 1.949863 -3.675835
v -0.204988 1.949863 -3.675835
v -0.204988 1.949863 -4.125834
v 0.245491 1.949863 -4.125834
v 0.245491 2.400343 -3.675835
v -0.204988 2.400342 -3.675835
v -0.204988 2.400342 -4.125834
v 0.245491 2.400343 -4.125834
v -0.204988 1.949863 -3.675835
v 0.065491 2.399860 -4.215256
v -0.024991 2.399860 -4.215256
v -0.024991 2.399860 -4.485449
v 0.065491 2.399860 -4.485449
v 0.065491 2.580341 -4.215256
v -0.024991 2.580341 -4.215256
v -0.024991 2.580341 -4.485449
v 0.065491 2.580341 -4.485449
v -0.024991 2.399860 -4.215256
v 0.245490 1.949863 -4.125353
v -0.204989 1.949863 -4.125353
v -0.204989 1.949864 -4.575353
v 0.245490 1.949863 -4.575353
v 0.245490 2.400343 -4.125353
v -0.204989 2.400342 -4.125353
v -0.204989 2.400343 -4.575353
v 0.245490 2.400343 -4.575353
v -0.204989 1.949863 -4.125353
v 0.065492 2.399860 -4.664774
v -0.024991 2.399860 -4.664774
v -0.024991 2.399860 -4.934967
v 0.065492 2.399861 -4.934967
v 0.065492 2.580342 -4.664774
v -0.024991 2.580342 -4.664774
v -0.024991 2.580342 -4.934967
v 0.065492 2.580342 -4.934967
v -0.024991 2.399860 -4.664774
v 0.245491 1.949864 -4.574871
v -0.204989 1.949864 -4.574871
v -0.204989 1.949864 -5.024871
v 0.245491 1.949864 -5.024871
v 0.245491 2.400343 -4.574871
v -0.204989 2.400343 -4.574871
v -0.204989 2.400344 -5.024871
v 0.245491 2.400343 -5.024871
v -0.204989 1.949864 -4.574871
v 0.065491 2.399860 -5.114292
v -0.024992 2.399861 -5.114292
v -0.024992 2.399861 -5.384484
v 0.065491 2.399861 -5.384484
v 0.065491 2.580343 -5.114292
v -0.024992 2.580343 -5.114292
v -0.024992 2.580343 -5.384484
v 0.065491 2.580343 -5.384484
v -0.024992 2.399861 -5.114292
v 0.245490 1.949865 -5.024389
v -0.204990 1.949865 -5.024389
v -0.204990 1.949865 -5.474388
v 0.245490 1.949865 -5.474388
v 0.245490 2.400344 -5.024389
v -0.204990 2.400344 -5.024389
v -0.204990 2.400344 -5.474388
v 0.245490 2.400344 -5.474388
v -0.204990 1.949865 -5.024389
v 3.053096 2.600196 2.392647
v 0.576989 2.129421 2.392647
v 0.576989 2.129420 2.032551
v 3.053097 2.600195 2.032550
v 2.985765 2.954332 2.392647
v 0.509658 2.483557 2.392647
v 0.509658 2.483557 2.032551
v 2.985765 2.954332 2.032550
v 0.576989 2.129421 2.392647
v 2.798441 2.734999 2.122935
v 2.488511 2.676074 2.122935
v 2.488511 2.676073 1.897694
v 2.798440 2.734999 1.897694
v 2.789945 2.779682 2.122935
v 2.480016 2.720756 2.122935
v 2.480016 2.720756 1.897694
v 2.789945 2.779682 1.897694
v 2.488511 2.676074 2.122935
v 2.488986 2.676164 2.122935
v 2.179057 2.617238 2.122935
v 2.179056 2.617238 1.583032
v 2.488986 2.676163 1.583032
v 2.480490 2.720846 2.122935
v 2.170562 2.661920 2.122935
v 2.170562 2.661920 1.583032
v 2.480490 2.720846 1.583032
v 2.179057 2.617238 2.122935
v 2.179531 2.617328 2.122935
v 1.869602 2.558402 2.122936
v 1.869603 2.558402 1.313322
v 2.179532 2.617328 1.313322
v 2.171036 2.662010 2.122935
v 1.861107 2.603085 2.122936
v 1.861107 2.603084 1.313322
v 2.171036 2.662010 1.313322
v 1.869602 2.558402 2.122936
v 1.870077 2.558493 2.122936
v 1.648564 2.516376 2.122935
v 1.648564 2.516376 1.043611
v 1.870077 2.558492 1.043611
v 1.861581 2.603175 2.122936
v 1.640069 2.561059 2.122935
v 1.640069 2.561059 1.043611
v 1.861581 2.603174 1.043611
v 1.648564 2.516376 2.122935
v 1.649039 2.516467 2.122935
v 1.427525 2.474351 2.122935
v 1.427525 2.474351 0.818853
v 1.649039 2.516466 0.818853
v 1.640543 2.561149 2.122935
v 1.419030 2.519034 2.122935
v 1.419030 2.519033 0.818853
v 1.640544 2.561149 0.818853
v 1.427525 2.474351 2.122935
v 1.428000 2.474441 2.122935
v 1.339109 2.457541 2.122935
v 1.339109 2.457541 0.683998
v 1.428000 2.474441 0.683998
v 1.419504 2.519124 2.122935
v 1.330614 2.502223 2.122935
v 1.330615 2.502223 0.683998
v 1.419504 2.519123 0.683998
v 1.339109 2.457541 2.122935
v 1.339584 2.457631 2.122935
v 1.250694 2.440731 2.122935
v 1.250693 2.440730 0.549142
v 1.339584 2.457631 0.549142
v 1.331088 2.502314 2.122935
v 1.242198 2.485413 2.122935
v 1.242199 2.485413 0.549142
v 1.331089 2.502313 0.549142
v 1.250694 2.440731 2.122935
v 1.251168 2.440821 2.122935
v 1.162278 2.423920 2.122935
v 1.162278 2.423920 0.369336
v 1.251168 2.440820 0.369336
v 1.242672 2.485503 2.122935
v 1.153782 2.468603 2.122935
v 1.153783 2.468602 0.369336
v 1.242673 2.485502 0.369336
v 1.162278 2.423920 2.122935
v 0.588059 2.314746 2.122936
v 0.543377 2.306250 2.122935
v 0.543377 2.306250 2.032549
v 0.588059 2.314746 2.032550
v 0.579563 2.359428 2.122936
v 0.534881 2.350933 2.122935
v 0.534882 2.350933 2.032549
v 0.579564 2.359428 2.032550
v 0.543377 2.306250 2.122935
v 0.588059 2.314746 2.032550
v 0.632266 2.323151 2.122936
v 0.587583 2.314656 2.122936
v 0.587584 2.314655 1.942646
v 0.632266 2.323151 1.942646
v 0.623770 2.367833 2.122936
v 0.579088 2.359338 2.122936
v 0.579089 2.359338 1.942646
v 0.623771 2.367833 1.942646
v 0.587583 2.314656 2.122936
v 0.632266 2.323151 1.942646
v 0.676473 2.331556 2.122936
v 0.631791 2.323061 2.122936
v 0.631791 2.323060 1.852743
v 0.676473 2.331556 1.852743
v 0.667977 2.376238 2.122936
v 0.623295 2.367743 2.122936
v 0.623296 2.367743 1.852743
v 0.667978 2.376238 1.852743
v 0.631791 2.323061 2.122936
v 0.676473 2.331556 1.852743
v 0.720680 2.339961 2.122936
v 0.675998 2.331465 2.122936
v 0.675998 2.331465 1.807791
v 0.720680 2.339961 1.807791
v 0.712185 2.384643 2.122936
v 0.667502 2.376148 2.122936
v 0.667503 2.376148 1.807791
v 0.712185 2.384643 1.807791
v 0.675998 2.331465 2.122936
v 0.720680 2.339961 1.807791
v 0.764887 2.348366 2.122936
v 0.720205 2.339870 2.122936
v 0.720205 2.339870 1.762839
v 0.764887 2.348366 1.762839
v 0.756392 2.393048 2.122936
v 0.711709 2.384553 2.122936
v 0.711710 2.384553 1.762839
v 0.756392 2.393048 1.762839
v 0.720205 2.339870 2.122936
v 0.764887 2.348366 1.762839
v 0.809094 2.356771 2.122936
v 0.764412 2.348275 2.122936
v 0.764412 2.348275 1.672936
v 0.809094 2.356771 1.672936
v 0.800599 2.401453 2.122936
v 0.755916 2.392958 2.122936
v 0.755917 2.392958 1.672935
v 0.800599 2.401453 1.672935
v 0.764412 2.348275 2.122936
v 0.853301 2.365176 2.122936
v 0.808619 2.356680 2.122936
v 0.808619 2.356680 1.627984
v 0.853302 2.365175 1.627984
v 0.844806 2.409858 2.122936
v 0.800124 2.401363 2.122936
v 0.800124 2.401363 1.627984
v 0.844806 2.409858 1.627984
v 0.808619 2.356680 2.122936
v 0.897509 2.373581 2.122936
v 0.852826 2.365085 2.122936
v 0.852826 2.365085 1.538080
v 0.897509 2.373580 1.538080
v 0.889013 2.418263 2.122936
v 0.844331 2.409768 2.122936
v 0.844331 2.409768 1.538080
v 0.889013 2.418263 1.538080
v 0.852826 2.365085 2.122936
v 0.941716 2.381986 2.122936
v 0.897033 2.373490 2.122936
v 0.897033 2.373490 1.403225
v 0.941716 2.381985 1.403225
v 0.933220 2.426668 2.122936
v 0.888538 2.418173 2.122936
v 0.888538 2.418173 1.403225
v 0.933220 2.426668 1.403225
v 0.897033 2.373490 2.122936
v 0.985923 2.390391 2.122936
v 0.941240 2.381896 2.122936
v 0.941240 2.381895 1.268370
v 0.985923 2.390390 1.268370
v 0.977427 2.435073 2.122936
v 0.932745 2.426578 2.122936
v 0.932745 2.426578 1.268370
v 0.977427 2.435073 1.268370
v 0.941240 2.381896 2.122936
v 1.030130 2.398795 2.122936
v 0.985447 2.390300 2.122936
v 0.985447 2.390300 1.088563
v 1.030130 2.398795 1.088563
v 1.021634 2.443478 2.122936
v 0.976952 2.434983 2.122936
v 0.976952 2.434982 1.088563
v 1.021635 2.443478 1.088563
v 0.985447 2.390300 2.122936
v 1.074337 2.407200 2.122935
v 1.029654 2.398705 2.122936
v 1.029654 2.398704 0.863804
v 1.074337 2.407200 0.863804
v 1.065841 2.451883 2.122936
v 1.021159 2.443388 2.122936
v 1.021159 2.443387 0.863804
v 1.065841 2.451882 0.863804
v 1.029654 2.398705 2.122936
v 1.162753 2.424011 2.122935
v 1.073862 2.407110 2.122935
v 1.073862 2.407109 0.234480
v 1.162752 2.424010 0.234480
v 1.154257 2.468693 2.122935
v 1.065367 2.451793 2.122936
v 1.065367 2.451792 0.234480
v 1.154257 2.468692 0.234480
v 1.073862 2.407110 2.122935
v 1.074338 2.407200 0.279914
v 1.029655 2.398704 0.279914
v 1.029655 2.398704 0.144577
v 1.074338 2.407200 0.144577
v 1.065842 2.451882 0.279914
v 1.021160 2.443387 0.279914
v 1.021160 2.443387 0.144577
v 1.065843 2.451882 0.144577
v 1.029655 2.398704 0.279914
v 1.118545 2.415605 0.055156
v 1.073862 2.407109 0.055156
v 1.073862 2.407109 0.009722
v 1.118545 2.415605 0.009722
v 1.110049 2.460287 0.055156
v 1.065367 2.451792 0.055156
v 1.065367 2.451792 0.009722
v 1.110049 2.460287 0.009722
v 1.073862 2.407109 0.055156
v 1.206960 2.432415 0.234963
v 1.118070 2.415514 0.234963
v 1.118070 2.415514 0.009722
v 1.206960 2.432415 0.009722
v 1.198465 2.477098 0.234963
v 1.109575 2.460197 0.234963
v 1.109575 2.460197 0.009722
v 1.198465 2.477097 0.009722
v 1.118070 2.415514 0.234963
v 1.295376 2.449225 0.369818
v 1.206486 2.432325 0.369818
v 1.206486 2.432325 0.009722
v 1.295376 2.449225 0.009722
v 1.286880 2.493908 0.369818
v 1.197990 2.477007 0.369818
v 1.197991 2.477007 0.009722
v 1.286881 2.493908 0.009722
v 1.206486 2.432325 0.369818
v 1.339583 2.457630 0.414770
v 1.294900 2.449135 0.414770
v 1.294901 2.449135 0.054674
v 1.339583 2.457630 0.054674
v 1.331087 2.502313 0.414770
v 1.286405 2.493817 0.414770
v 1.286406 2.493817 0.054674
v 1.331088 2.502313 0.054674
v 1.294900 2.449135 0.414770
v 1.516415 2.491251 0.639529
v 1.339109 2.457541 0.639529
v 1.339109 2.457540 0.054674
v 1.516415 2.491251 0.054674
v 1.507919 2.535933 0.639528
v 1.330614 2.502223 0.639529
v 1.330614 2.502223 0.054674
v 1.507919 2.535933 0.054674
v 1.339109 2.457541 0.639529
v 1.737453 2.533277 0.864287
v 1.515940 2.491161 0.864287
v 1.515940 2.491160 0.054674
v 1.737453 2.533276 0.054673
v 1.728958 2.577959 0.864287
v 1.507444 2.535843 0.864287
v 1.507445 2.535843 0.054674
v 1.728958 2.577959 0.054673
v 1.515940 2.491161 0.864287
v 1.825869 2.550087 0.954190
v 1.736979 2.533186 0.954190
v 1.736979 2.533186 0.099625
v 1.825869 2.550086 0.099625
v 1.817373 2.594769 0.954190
v 1.728483 2.577869 0.954190
v 1.728484 2.577868 0.099625
v 1.817374 2.594769 0.099625
v 1.736979 2.533186 0.954190
v 2.135324 2.608922 1.223901
v 1.825395 2.549997 1.223901
v 1.825395 2.549996 0.099625
v 2.135324 2.608922 0.099625
v 2.126828 2.653605 1.223901
v 1.816899 2.594679 1.223901
v 1.816899 2.594679 0.099625
v 2.126828 2.653605 0.099625
v 1.825395 2.549997 1.223901
v 2.400569 2.659353 1.448659
v 2.134848 2.608832 1.448659
v 2.134848 2.608831 0.054673
v 2.400569 2.659352 0.054673
v 2.392073 2.704035 1.448659
v 2.126353 2.653515 1.448659
v 2.126353 2.653514 0.054673
v 2.392074 2.704035 0.054673
v 2.134848 2.608832 1.448659
v 2.488985 2.676163 1.538563
v 2.400095 2.659263 1.538563
v 2.400095 2.659262 0.009721
v 2.488985 2.676162 0.009721
v 2.480490 2.720845 1.538563
v 2.391599 2.703946 1.538563
v 2.391599 2.703944 0.009721
v 2.480489 2.720845 0.009721
v 2.400095 2.659263 1.538563
v 2.621608 2.701379 1.673418
v 2.488510 2.676073 1.673418
v 2.488510 2.676072 -0.035230
v 2.621609 2.701378 -0.035230
v 2.613113 2.746061 1.673418
v 2.480015 2.720756 1.673418
v 2.480016 2.720755 -0.035230
v 2.613113 2.746060 -0.035230
v 2.488510 2.676073 1.673418
v 2.710023 2.718189 1.718369
v 2.621133 2.701288 1.718369
v 2.621133 2.701288 -0.080182
v 2.710023 2.718188 -0.080182
v 2.701527 2.762871 1.718369
v 2.612638 2.745971 1.718370
v 2.612638 2.745970 -0.080182
v 2.701528 2.762870 -0.080182
v 2.621133 2.701288 1.718369
v 2.754231 2.726594 1.763321
v 2.709548 2.718099 1.763321
v 2.709549 2.718098 -0.125134
v 2.754231 2.726593 -0.125134
v 2.745735 2.771276 1.763321
v 2.701053 2.762781 1.763321
v 2.701054 2.762780 -0.125134
v 2.745736 2.771275 -0.125134
v 2.709548 2.718099 1.763321
v 2.842646 2.743404 1.853225
v 2.753756 2.726503 1.853225
v 2.753756 2.726503 -0.170085
v 2.842646 2.743403 -0.170086
v 2.834150 2.788086 1.853225
v 2.745260 2.771186 1.853225
v 2.745261 2.771185 -0.170085
v 2.834151 2.788085 -0.170086
v 2.753756 2.726503 1.853225
v 2.886854 2.751809 1.853225
v 2.842171 2.743314 1.853225
v 2.842172 2.743313 -0.259989
v 2.886854 2.751808 -0.259989
v 2.878358 2.796491 1.853225
v 2.833676 2.787996 1.853225
v 2.833677 2.787995 -0.259989
v 2.878359 2.796490 -0.259989
v 2.842171 2.743314 1.853225
v 2.931062 2.760214 1.268852
v 2.886379 2.751719 1.268852
v 2.886379 2.751718 -0.304941
v 2.931062 2.760213 -0.304941
v 2.922567 2.804896 1.268852
v 2.877884 2.796401 1.268852
v 2.877884 2.796400 -0.304941
v 2.922566 2.804896 -0.304941
v 2.886379 2.751719 1.268852
v 2.975269 2.768618 -0.034748
v 2.930587 2.760123 -0.034748
v 2.930587 2.760123 -0.349892
v 2.975269 2.768618 -0.349892
v 2.966774 2.813301 -0.034748
v 2.922091 2.804806 -0.034748
v 2.922091 2.804805 -0.349892
v 2.966774 2.813301 -0.349892
v 2.930587 2.760123 -0.034748
v 2.891895 2.725286 2.122935
v 2.847213 2.716790 2.122935
v 2.847213 2.716790 1.852742
v 2.891896 2.725286 1.852742
v 2.873314 2.823018 2.122935
v 2.828632 2.814522 2.122935
v 2.828632 2.814522 1.852742
v 2.873314 2.823017 1.852742
v 2.847213 2.716790 2.122935
v 2.847687 2.716881 2.122935
v 2.803006 2.708385 2.122935
v 2.803005 2.708385 1.852742
v 2.847688 2.716881 1.852742
v 2.829106 2.814612 2.122935
v 2.784424 2.806117 2.122935
v 2.784424 2.806117 1.852742
v 2.829106 2.814612 1.852742
v 2.803006 2.708385 2.122935
v 2.803480 2.708476 2.077984
v 2.758798 2.699980 2.077984
v 2.758798 2.699980 1.807791
v 2.803480 2.708475 1.807791
v 2.784899 2.806207 2.077984
v 2.740216 2.797712 2.077983
v 2.740216 2.797712 1.807790
v 2.784899 2.806207 1.807791
v 2.758798 2.699980 2.077984
v 2.759273 2.700070 2.033032
v 2.714590 2.691575 2.033031
v 2.714590 2.691575 1.762839
v 2.759273 2.700070 1.762839
v 2.740691 2.797802 2.033031
v 2.696008 2.789307 2.033031
v 2.696009 2.789307 1.762839
v 2.740691 2.797802 1.762839
v 2.714590 2.691575 2.033031
v 2.715065 2.691665 1.988080
v 2.670382 2.683170 1.988080
v 2.670382 2.683169 1.717887
v 2.715065 2.691665 1.717887
v 2.696483 2.789397 1.988080
v 2.651801 2.780902 1.988080
v 2.651802 2.780902 1.717887
v 2.696484 2.789397 1.717887
v 2.670382 2.683170 1.988080
v 2.670857 2.683260 1.988080
v 2.626175 2.674765 1.988080
v 2.626175 2.674765 1.717887
v 2.670857 2.683260 1.717887
v 2.652276 2.780992 1.988080
v 2.607593 2.772497 1.988080
v 2.607594 2.772496 1.717887
v 2.652276 2.780992 1.717887
v 2.626175 2.674765 1.988080
v 2.626649 2.674855 1.943128
v 2.581967 2.666360 1.943128
v 2.581967 2.666360 1.672935
v 2.626650 2.674855 1.672935
v 2.608067 2.772587 1.943128
v 2.563385 2.764091 1.943128
v 2.563386 2.764091 1.672935
v 2.608068 2.772587 1.672935
v 2.581967 2.666360 1.943128
v 2.582442 2.666450 1.898177
v 2.537759 2.657955 1.898177
v 2.537759 2.657954 1.627984
v 2.582442 2.666450 1.627984
v 2.563859 2.764182 1.898177
v 2.519178 2.755687 1.898177
v 2.519178 2.755686 1.627984
v 2.563861 2.764182 1.627984
v 2.537759 2.657955 1.898177
v 2.538234 2.658045 1.898177
v 2.493551 2.649549 1.898177
v 2.493552 2.649549 1.583032
v 2.538234 2.658045 1.583032
v 2.519652 2.755777 1.898177
v 2.474970 2.747281 1.898177
v 2.474970 2.747281 1.583032
v 2.519653 2.755776 1.583032
v 2.493551 2.649549 1.898177
v 2.537759 2.657954 1.627984
v 2.494026 2.649640 1.853225
v 2.449343 2.641145 1.853225
v 2.449344 2.641144 1.538080
v 2.494027 2.649640 1.538080
v 2.475444 2.747371 1.853225
v 2.430762 2.738876 1.853225
v 2.430763 2.738876 1.538080
v 2.475446 2.747371 1.538080
v 2.449343 2.641145 1.853225
v 2.449818 2.641235 1.808273
v 2.405136 2.632739 1.808273
v 2.405137 2.632739 1.493128
v 2.449820 2.641234 1.493128
v 2.431237 2.738966 1.808273
v 2.386555 2.730471 1.808273
v 2.386556 2.730471 1.493128
v 2.431238 2.738966 1.493128
v 2.405136 2.632739 1.808273
v 2.405611 2.632829 1.763321
v 2.360929 2.624334 1.763322
v 2.360929 2.624334 1.448177
v 2.405612 2.632829 1.448177
v 2.387029 2.730561 1.763321
v 2.342347 2.722066 1.763322
v 2.342348 2.722066 1.448177
v 2.387030 2.730561 1.448177
v 2.360929 2.624334 1.763322
v 2.361403 2.624424 1.718370
v 2.316721 2.615929 1.718370
v 2.316722 2.615929 1.448177
v 2.361404 2.624424 1.448177
v 2.342822 2.722156 1.718370
v 2.298139 2.713661 1.718370
v 2.298140 2.713661 1.448177
v 2.342822 2.722156 1.448177
v 2.316721 2.615929 1.718370
v 2.317196 2.616019 1.673418
v 2.272513 2.607524 1.673418
v 2.272514 2.607523 1.403225
v 2.317197 2.616019 1.403225
v 2.298614 2.713751 1.673418
v 2.253931 2.705256 1.673418
v 2.253932 2.705255 1.403225
v 2.298615 2.713751 1.403225
v 2.272513 2.607524 1.673418
v 2.272988 2.607614 1.628466
v 2.228305 2.599119 1.628466
v 2.228306 2.599118 1.358273
v 2.272989 2.607614 1.358273
v 2.254406 2.705346 1.628466
v 2.209724 2.696851 1.628466
v 2.209725 2.696850 1.358273
v 2.254408 2.705345 1.358273
v 2.228305 2.599119 1.628466
v 2.228781 2.599209 1.583515
v 2.184098 2.590714 1.583515
v 2.184098 2.590713 1.313322
v 2.228781 2.599209 1.313322
v 2.210199 2.696941 1.583515
v 2.165517 2.688446 1.583515
v 2.165518 2.688445 1.313322
v 2.210200 2.696940 1.313322
v 2.184098 2.590714 1.583515
v 2.184573 2.590804 1.538563
v 2.139890 2.582309 1.538563
v 2.139891 2.582308 1.268370
v 2.184573 2.590804 1.268370
v 2.165991 2.688535 1.538563
v 2.121309 2.680040 1.538563
v 2.121310 2.680040 1.268370
v 2.165992 2.688535 1.268370
v 2.139890 2.582309 1.538563
v 2.140366 2.582399 1.493611
v 2.095683 2.573904 1.493611
v 2.095683 2.573903 1.223418
v 2.140366 2.582398 1.223418
v 2.121783 2.680130 1.493611
v 2.077101 2.671635 1.493611
v 2.077102 2.671635 1.223418
v 2.121784 2.680130 1.223418
v 2.095683 2.573904 1.493611
v 2.096158 2.573994 1.493611
v 2.051475 2.565498 1.493611
v 2.051476 2.565498 1.223418
v 2.096158 2.573993 1.223418
v 2.077575 2.671726 1.493611
v 2.032894 2.663230 1.493611
v 2.032894 2.663229 1.223418
v 2.077577 2.671725 1.223418
v 2.051475 2.565498 1.493611
v 2.051950 2.565588 1.448659
v 2.007267 2.557093 1.448659
v 2.007268 2.557093 1.178466
v 2.051951 2.565588 1.178466
v 2.033368 2.663320 1.448659
v 1.988686 2.654825 1.448659
v 1.988687 2.654825 1.178466
v 2.033369 2.663320 1.178466
v 2.007267 2.557093 1.448659
v 2.007742 2.557184 1.403708
v 1.963060 2.548688 1.403708
v 1.963060 2.548687 1.133515
v 2.007743 2.557183 1.133515
v 1.989161 2.654915 1.403708
v 1.944479 2.646420 1.403708
v 1.944479 2.646420 1.133515
v 1.989162 2.654915 1.133515
v 1.963060 2.548688 1.403708
v 1.963534 2.548778 1.358756
v 1.918852 2.540283 1.358756
v 1.918852 2.540283 1.088563
v 1.963535 2.548778 1.088563
v 1.944953 2.646510 1.358756
v 1.900271 2.638015 1.358756
v 1.900272 2.638014 1.088563
v 1.944954 2.646509 1.088563
v 1.918852 2.540283 1.358756
v 1.919327 2.540373 1.313804
v 1.874645 2.531878 1.313804
v 1.874645 2.531877 1.043611
v 1.919327 2.540373 1.043611
v 1.900745 2.638104 1.313804
v 1.856063 2.629610 1.313804
v 1.856063 2.629609 1.043611
v 1.900746 2.638104 1.043611
v 1.874645 2.531878 1.313804
v 1.875120 2.531968 1.268852
v 1.830437 2.523473 1.268852
v 1.830437 2.523472 0.998660
v 1.875120 2.531967 0.998660
v 1.856538 2.629700 1.268852
v 1.811855 2.621204 1.268852
v 1.811856 2.621204 0.998660
v 1.856539 2.629699 0.998660
v 1.830437 2.523473 1.268852
v 1.830912 2.523563 1.223901
v 1.786229 2.515068 1.223901
v 1.786230 2.515067 0.953708
v 1.830913 2.523563 0.953708
v 1.812330 2.621294 1.223901
v 1.767648 2.612799 1.223901
v 1.767649 2.612799 0.953708
v 1.812331 2.621294 0.953708
v 1.786229 2.515068 1.223901
v 1.786704 2.515158 1.178949
v 1.742022 2.506662 1.178949
v 1.742022 2.506662 0.908756
v 1.786705 2.515157 0.908756
v 1.768123 2.612889 1.178949
v 1.723441 2.604394 1.178949
v 1.723441 2.604394 0.908756
v 1.768123 2.612889 0.908756
v 1.742022 2.506662 1.178949
v 1.742497 2.506753 1.133997
v 1.697814 2.498257 1.133997
v 1.697815 2.498257 0.863805
v 1.742497 2.506752 0.863805
v 1.723915 2.604484 1.133997
v 1.679233 2.595989 1.133997
v 1.679233 2.595989 0.863805
v 1.723916 2.604484 0.863805
v 1.697814 2.498257 1.133997
v 1.698289 2.498348 1.044094
v 1.653607 2.489852 1.044094
v 1.653607 2.489852 0.818853
v 1.698289 2.498347 0.818853
v 1.679708 2.596079 1.044094
v 1.635025 2.587584 1.044094
v 1.635026 2.587584 0.818853
v 1.679709 2.596079 0.818853
v 1.653607 2.489852 1.044094
v 1.654082 2.489942 0.999142
v 1.609399 2.481447 0.999142
v 1.609400 2.481447 0.773901
v 1.654082 2.489942 0.773901
v 1.635500 2.587674 0.999142
v 1.590818 2.579179 0.999142
v 1.590818 2.579178 0.773901
v 1.635501 2.587674 0.773901
v 1.609399 2.481447 0.999142
v 1.609874 2.481537 0.954191
v 1.565191 2.473042 0.954191
v 1.565192 2.473042 0.728950
v 1.609874 2.481537 0.728950
v 1.591292 2.579269 0.954191
v 1.546610 2.570773 0.954191
v 1.546611 2.570773 0.728950
v 1.591293 2.579268 0.728950
v 1.565191 2.473042 0.954191
v 1.565666 2.473132 0.909239
v 1.520984 2.464637 0.909239
v 1.520985 2.464636 0.683998
v 1.565667 2.473132 0.683998
v 1.547085 2.570863 0.909239
v 1.502402 2.562368 0.909239
v 1.502403 2.562368 0.683998
v 1.547085 2.570863 0.683998
v 1.520984 2.464637 0.909239
v 1.521459 2.464727 0.864287
v 1.476776 2.456231 0.864287
v 1.476777 2.456231 0.639046
v 1.521460 2.464726 0.639046
v 1.502877 2.562459 0.864287
v 1.458194 2.553963 0.864287
v 1.458196 2.553963 0.639046
v 1.502878 2.562458 0.639046
v 1.476776 2.456231 0.864287
v 1.477251 2.456321 0.819336
v 1.432569 2.447826 0.819336
v 1.432570 2.447826 0.594095
v 1.477252 2.456321 0.594095
v 1.458670 2.554053 0.819336
v 1.413987 2.545558 0.819336
v 1.413988 2.545558 0.594095
v 1.458671 2.554053 0.594095
v 1.432569 2.447826 0.819336
v 1.433044 2.447917 0.729432
v 1.388362 2.439421 0.729432
v 1.388362 2.439421 0.549143
v 1.433045 2.447916 0.549143
v 1.414462 2.545648 0.729432
v 1.369780 2.537153 0.729432
v 1.369781 2.537153 0.549143
v 1.414463 2.545648 0.549143
v 1.388362 2.439421 0.729432
v 1.388837 2.439511 0.684480
v 1.344154 2.431016 0.684480
v 1.344154 2.431016 0.504191
v 1.388837 2.439511 0.504191
v 1.370254 2.537243 0.684480
v 1.325572 2.528748 0.684480
v 1.325573 2.528748 0.504191
v 1.370255 2.537243 0.504191
v 1.344154 2.431016 0.684480
v 1.344629 2.431106 0.639529
v 1.299946 2.422611 0.639529
v 1.299947 2.422610 0.414288
v 1.344629 2.431106 0.414288
v 1.326047 2.528838 0.639529
v 1.281365 2.520343 0.639529
v 1.281365 2.520343 0.414288
v 1.326047 2.528838 0.414288
v 1.299946 2.422611 0.639529
v 1.300421 2.422701 0.549625
v 1.255738 2.414206 0.549625
v 1.255739 2.414206 0.369336
v 1.300421 2.422701 0.369336
v 1.281839 2.520433 0.549625
v 1.237157 2.511937 0.549625
v 1.237158 2.511937 0.369336
v 1.281840 2.520432 0.369336
v 1.255738 2.414206 0.549625
v 1.256214 2.414296 0.459722
v 1.211531 2.405801 0.459722
v 1.211531 2.405800 0.279433
v 1.256214 2.414296 0.279433
v 1.237632 2.512028 0.459722
v 1.192950 2.503532 0.459722
v 1.192950 2.503532 0.279433
v 1.237633 2.512028 0.279433
v 1.211531 2.405801 0.459722
v 1.212006 2.405891 0.369818
v 1.167323 2.397395 0.369818
v 1.167324 2.397395 0.234481
v 1.212006 2.405890 0.234481
v 1.193424 2.503623 0.369818
v 1.148742 2.495127 0.369818
v 1.148743 2.495127 0.234481
v 1.193425 2.503622 0.234481
v 1.167323 2.397395 0.369818
v 1.167799 2.397485 0.279915
v 1.123116 2.388990 0.279915
v 1.123116 2.388990 0.144578
v 1.167799 2.397485 0.144578
v 1.149217 2.495217 0.279915
v 1.104534 2.486722 0.279915
v 1.104535 2.486722 0.144578
v 1.149217 2.495217 0.144578
v 1.123116 2.388990 0.279915
v 1.123591 2.389080 0.234963
v 1.078909 2.380585 0.234963
v 1.078909 2.380585 0.054674
v 1.123592 2.389080 0.054674
v 1.105009 2.486812 0.234963
v 1.060327 2.478317 0.234963
v 1.060328 2.478316 0.054674
v 1.105010 2.486812 0.054674
v 1.078909 2.380585 0.234963
v 1.079383 2.380675 0.145060
v 1.034701 2.372180 0.145060
v 1.034701 2.372180 0.009722
v 1.079384 2.380675 0.009722
v 1.060802 2.478407 0.145060
v 1.016119 2.469911 0.145060
v 1.016120 2.469911 0.009722
v 1.060802 2.478406 0.009722
v 1.034701 2.372180 0.145060
v 1.035176 2.372270 0.055156
v 0.990493 2.363775 0.055156
v 0.990494 2.363775 0.009722
v 1.035176 2.372270 0.009722
v 1.016594 2.470002 0.055156
v 0.971912 2.461506 0.055156
v 0.971913 2.461506 0.009722
v 1.016595 2.470002 0.009722
v 0.990493 2.363775 0.055156
v 2.936103 2.733691 2.122935
v 2.891421 2.725196 2.122935
v 2.891423 2.725194 1.268370
v 2.936105 2.733690 1.268370
v 2.917522 2.831423 2.122935
v 2.872839 2.822927 2.122935
v 2.872841 2.822926 1.268370
v 2.917524 2.831422 1.268370
v 2.891421 2.725196 2.122935
v 2.980311 2.742096 2.122935
v 2.935629 2.733601 2.122935
v 2.935633 2.733598 -0.035230
v 2.980315 2.742094 -0.035230
v 2.961730 2.839828 2.122935
v 2.917047 2.831332 2.122935
v 2.917052 2.831330 -0.035230
v 2.961734 2.839825 -0.035230
v 2.935629 2.733601 2.122935
v 3.024520 2.750501 2.122935
v 2.979837 2.742005 2.122935
v 2.979837 2.742004 -0.394844
v 3.024520 2.750499 -0.394844
v 3.005938 2.848233 2.122935
v 2.961256 2.839737 2.122935
v 2.961256 2.839736 -0.394844
v 3.005939 2.848231 -0.394844
v 2.979837 2.742005 2.122935
v 5.424253 2.077958 2.302742
v 2.987210 2.721039 2.302743
v 2.987210 2.721039 2.122454
v 5.424253 2.077957 2.122453
v 5.470303 2.252466 2.302742
v 3.033260 2.895548 2.302743
v 3.033260 2.895548 2.122454
v 5.470303 2.252466 2.122453
v 2.987210 2.721039 2.302743
v 3.242846 2.793044 2.122937
v 3.547885 2.712550 2.122937
v 3.547885 2.712551 1.897696
v 3.242846 2.793043 1.897696
v 3.231242 2.749066 2.122937
v 3.536281 2.668573 2.122937
v 3.536280 2.668573 1.897696
v 3.231241 2.749066 1.897696
v 3.547885 2.712550 2.122937
v 3.547419 2.712674 2.122937
v 3.852458 2.632180 2.122937
v 3.852457 2.632181 1.583034
v 3.547417 2.712674 1.583034
v 3.535814 2.668696 2.122937
v 3.840853 2.588203 2.122937
v 3.840852 2.588203 1.583034
v 3.535813 2.668696 1.583034
v 3.852458 2.632180 2.122937
v 3.851991 2.632304 2.122937
v 4.157029 2.551811 2.122937
v 4.157029 2.551811 1.313323
v 3.851990 2.632304 1.313323
v 3.840387 2.588326 2.122937
v 4.145425 2.507833 2.122937
v 4.145425 2.507833 1.313323
v 3.840385 2.588326 1.313323
v 4.157029 2.551811 2.122937
v 4.156562 2.551934 2.122937
v 4.374582 2.494404 2.122936
v 4.374582 2.494404 1.043613
v 4.156562 2.551934 1.043613
v 4.144958 2.507956 2.122937
v 4.362977 2.450426 2.122936
v 4.362976 2.450426 1.043613
v 4.144958 2.507957 1.043613
v 4.374582 2.494404 2.122936
v 4.374114 2.494527 2.122936
v 4.592133 2.436997 2.122936
v 4.592134 2.436997 0.818854
v 4.374114 2.494527 0.818854
v 4.362510 2.450550 2.122936
v 4.580528 2.393019 2.122936
v 4.580528 2.393019 0.818854
v 4.362510 2.450550 0.818854
v 4.592133 2.436997 2.122936
v 4.591665 2.437120 2.122936
v 4.679153 2.414034 2.122936
v 4.679153 2.414034 0.683999
v 4.591666 2.437120 0.683999
v 4.580061 2.393142 2.122936
v 4.667548 2.370056 2.122936
v 4.667549 2.370056 0.683999
v 4.580061 2.393142 0.683999
v 4.679153 2.414034 2.122936
v 4.678686 2.414157 2.122937
v 4.766174 2.391071 2.122937
v 4.766174 2.391071 0.549143
v 4.678686 2.414157 0.549144
v 4.667083 2.370179 2.122937
v 4.754570 2.347093 2.122937
v 4.754569 2.347094 0.549143
v 4.667082 2.370180 0.549144
v 4.766174 2.391071 2.122937
v 4.765708 2.391194 2.122936
v 4.853195 2.368108 2.122936
v 4.853196 2.368108 0.369336
v 4.765707 2.391194 0.369336
v 4.754103 2.347217 2.122936
v 4.841591 2.324131 2.122936
v 4.841590 2.324131 0.369336
v 4.754103 2.347217 0.369336
v 4.853195 2.368108 2.122936
v 5.418355 2.218975 2.122936
v 5.462334 2.207370 2.122936
v 5.462334 2.207370 2.032550
v 5.418355 2.218975 2.032550
v 5.406751 2.174997 2.122936
v 5.450727 2.163393 2.122936
v 5.450727 2.163393 2.032550
v 5.406751 2.174997 2.032550
v 5.462334 2.207370 2.122936
v 5.418355 2.218975 2.032550
v 5.374846 2.230456 2.122936
v 5.418823 2.218852 2.122936
v 5.418823 2.218852 1.942647
v 5.374846 2.230456 1.942647
v 5.363241 2.186479 2.122936
v 5.407219 2.174874 2.122936
v 5.407219 2.174874 1.942647
v 5.363240 2.186479 1.942647
v 5.418823 2.218852 2.122936
v 5.374846 2.230456 1.942647
v 5.331335 2.241938 2.122936
v 5.375314 2.230332 2.122936
v 5.375314 2.230333 1.852743
v 5.331335 2.241938 1.852743
v 5.319732 2.197960 2.122936
v 5.363708 2.186355 2.122936
v 5.363708 2.186355 1.852743
v 5.319731 2.197960 1.852743
v 5.375314 2.230332 2.122936
v 5.331335 2.241938 1.852743
v 5.287826 2.253418 2.122936
v 5.331804 2.241814 2.122936
v 5.331804 2.241814 1.807792
v 5.287826 2.253419 1.807792
v 5.276221 2.209441 2.122936
v 5.320200 2.197836 2.122936
v 5.320199 2.197836 1.807792
v 5.276221 2.209441 1.807792
v 5.331804 2.241814 2.122936
v 5.287826 2.253419 1.807792
v 5.244317 2.264900 2.122936
v 5.288294 2.253295 2.122936
v 5.288294 2.253295 1.762840
v 5.244317 2.264900 1.762840
v 5.232713 2.220922 2.122936
v 5.276690 2.209318 2.122936
v 5.276689 2.209318 1.762840
v 5.232713 2.220922 1.762840
v 5.288294 2.253295 2.122936
v 5.244317 2.264900 1.762840
v 5.200808 2.276381 2.122936
v 5.244784 2.264776 2.122936
v 5.244784 2.264776 1.672936
v 5.200807 2.276381 1.672936
v 5.189202 2.232404 2.122936
v 5.233179 2.220799 2.122936
v 5.233179 2.220799 1.672936
v 5.189201 2.232404 1.672936
v 5.244784 2.264776 2.122936
v 5.157297 2.287863 2.122936
v 5.201275 2.276258 2.122936
v 5.201275 2.276258 1.627985
v 5.157297 2.287863 1.627985
v 5.145694 2.243885 2.122936
v 5.189670 2.232280 2.122936
v 5.189670 2.232280 1.627985
v 5.145692 2.243885 1.627985
v 5.201275 2.276258 2.122936
v 5.113787 2.299343 2.122936
v 5.157765 2.287739 2.122936
v 5.157765 2.287739 1.538081
v 5.113787 2.299344 1.538081
v 5.102183 2.255366 2.122936
v 5.146161 2.243761 2.122936
v 5.146160 2.243761 1.538081
v 5.102182 2.255366 1.538081
v 5.157765 2.287739 2.122936
v 5.070278 2.310825 2.122936
v 5.114256 2.299220 2.122936
v 5.114255 2.299220 1.403226
v 5.070278 2.310825 1.403226
v 5.058673 2.266847 2.122936
v 5.102651 2.255243 2.122936
v 5.102651 2.255243 1.403226
v 5.058673 2.266847 1.403226
v 5.114256 2.299220 2.122936
v 5.026769 2.322306 2.122936
v 5.070746 2.310701 2.122936
v 5.070746 2.310701 1.268371
v 5.026769 2.322306 1.268371
v 5.015163 2.278328 2.122936
v 5.059141 2.266724 2.122936
v 5.059140 2.266724 1.268371
v 5.015163 2.278328 1.268371
v 5.070746 2.310701 2.122936
v 4.983259 2.333787 2.122936
v 5.027236 2.322182 2.122936
v 5.027236 2.322182 1.088564
v 4.983259 2.333787 1.088564
v 4.971655 2.289809 2.122936
v 5.015632 2.278205 2.122936
v 5.015632 2.278205 1.088564
v 4.971654 2.289810 1.088564
v 5.027236 2.322182 2.122936
v 4.939749 2.345268 2.122936
v 4.983727 2.333664 2.122936
v 4.983727 2.333664 0.863805
v 4.939749 2.345269 0.863805
v 4.928144 2.301291 2.122936
v 4.972122 2.289686 2.122936
v 4.972122 2.289686 0.863805
v 4.928144 2.301291 0.863805
v 4.983727 2.333664 2.122936
v 4.852729 2.368232 2.122936
v 4.940216 2.345145 2.122936
v 4.940216 2.345145 0.234481
v 4.852729 2.368231 0.234481
v 4.841124 2.324254 2.122936
v 4.928611 2.301167 2.122936
v 4.928612 2.301168 0.234481
v 4.841124 2.324254 0.234481
v 4.940216 2.345145 2.122936
v 4.939749 2.345269 0.279915
v 4.983727 2.333664 0.279915
v 4.983727 2.333664 0.144578
v 4.939749 2.345269 0.144578
v 4.928144 2.301291 0.279915
v 4.972121 2.289686 0.279915
v 4.972121 2.289686 0.144578
v 4.928144 2.301291 0.144578
v 4.983727 2.333664 0.279915
v 4.896237 2.356750 0.055157
v 4.940215 2.345145 0.055157
v 4.940215 2.345145 0.009723
v 4.896237 2.356750 0.009723
v 4.884634 2.312773 0.055157
v 4.928611 2.301168 0.055157
v 4.928611 2.301168 0.009723
v 4.884633 2.312773 0.009723
v 4.940215 2.345145 0.055157
v 4.809217 2.379713 0.234964
v 4.896706 2.356627 0.234964
v 4.896705 2.356627 0.009723
v 4.809216 2.379713 0.009723
v 4.797614 2.335735 0.234964
v 4.885101 2.312649 0.234964
v 4.885100 2.312649 0.009723
v 4.797612 2.335735 0.009723
v 4.896706 2.356627 0.234964
v 4.722198 2.402676 0.369819
v 4.809686 2.379589 0.369819
v 4.809685 2.379589 0.009723
v 4.722197 2.402676 0.009723
v 4.710592 2.358698 0.369819
v 4.798080 2.335612 0.369819
v 4.798079 2.335612 0.009723
v 4.710591 2.358698 0.009723
v 4.809686 2.379589 0.369819
v 4.678687 2.414157 0.414771
v 4.722665 2.402552 0.414771
v 4.722664 2.402552 0.054675
v 4.678686 2.414157 0.054675
v 4.667084 2.370179 0.414771
v 4.711060 2.358575 0.414771
v 4.711059 2.358575 0.054675
v 4.667082 2.370180 0.054675
v 4.722665 2.402552 0.414771
v 4.504645 2.460083 0.639530
v 4.679153 2.414034 0.639530
v 4.679152 2.414034 0.054675
v 4.504644 2.460083 0.054675
v 4.493041 2.416105 0.639530
v 4.667549 2.370056 0.639530
v 4.667548 2.370056 0.054675
v 4.493040 2.416105 0.054675
v 4.679153 2.414034 0.639530
v 4.287094 2.517490 0.864289
v 4.505114 2.459959 0.864288
v 4.505113 2.459959 0.054675
v 4.287094 2.517490 0.054675
v 4.275490 2.473512 0.864289
v 4.493509 2.415982 0.864288
v 4.493506 2.415982 0.054675
v 4.275489 2.473512 0.054675
v 4.505114 2.459959 0.864288
v 4.200073 2.540452 0.954192
v 4.287561 2.517366 0.954192
v 4.287560 2.517366 0.099626
v 4.200072 2.540453 0.099626
v 4.188469 2.496475 0.954192
v 4.275957 2.473389 0.954192
v 4.275955 2.473389 0.099626
v 4.188468 2.496475 0.099626
v 4.287561 2.517366 0.954192
v 3.895500 2.620822 1.223902
v 4.200540 2.540329 1.223902
v 4.200540 2.540329 0.099626
v 3.895500 2.620823 0.099627
v 3.883896 2.576845 1.223902
v 4.188935 2.496352 1.223902
v 4.188934 2.496352 0.099626
v 3.883895 2.576845 0.099627
v 4.200540 2.540329 1.223902
v 3.634439 2.689711 1.448661
v 3.895969 2.620699 1.448661
v 3.895968 2.620699 0.054675
v 3.634439 2.689711 0.054675
v 3.622835 2.645733 1.448661
v 3.884364 2.576721 1.448661
v 3.884363 2.576721 0.054675
v 3.622834 2.645733 0.054675
v 3.895969 2.620699 1.448661
v 3.547418 2.712674 1.538565
v 3.634907 2.689588 1.538564
v 3.634906 2.689587 0.009723
v 3.547418 2.712673 0.009723
v 3.535814 2.668696 1.538565
v 3.623302 2.645610 1.538565
v 3.623301 2.645610 0.009723
v 3.535813 2.668696 0.009723
v 3.634907 2.689588 1.538564
v 3.416887 2.747118 1.673420
v 3.547885 2.712550 1.673420
v 3.547885 2.712551 -0.035228
v 3.416887 2.747118 -0.035228
v 3.405283 2.703140 1.673420
v 3.536281 2.668573 1.673420
v 3.536280 2.668573 -0.035228
v 3.405282 2.703140 -0.035228
v 3.547885 2.712550 1.673420
v 3.329867 2.770081 1.718372
v 3.417355 2.746994 1.718372
v 3.417355 2.746994 -0.080180
v 3.329866 2.770081 -0.080180
v 3.318263 2.726103 1.718372
v 3.405750 2.703017 1.718372
v 3.405750 2.703017 -0.080180
v 3.318262 2.726103 -0.080180
v 3.417355 2.746994 1.718372
v 3.286356 2.781562 1.763323
v 3.330334 2.769957 1.763323
v 3.330334 2.769957 -0.125132
v 3.286356 2.781562 -0.125132
v 3.274752 2.737584 1.763323
v 3.318729 2.725979 1.763323
v 3.318729 2.725980 -0.125132
v 3.274752 2.737585 -0.125132
v 3.330334 2.769957 1.763323
v 3.199336 2.804525 1.853227
v 3.286824 2.781438 1.853227
v 3.286824 2.781439 -0.170083
v 3.199336 2.804525 -0.170083
v 3.187732 2.760547 1.853227
v 3.275220 2.737461 1.853227
v 3.275219 2.737461 -0.170083
v 3.187732 2.760547 -0.170083
v 3.286824 2.781438 1.853227
v 3.155826 2.816006 1.853227
v 3.199803 2.804401 1.853227
v 3.199803 2.804401 -0.259987
v 3.155826 2.816006 -0.259987
v 3.144222 2.772028 1.853227
v 3.188199 2.760424 1.853227
v 3.188198 2.760424 -0.259987
v 3.144221 2.772028 -0.259987
v 3.199803 2.804401 1.853227
v 3.112316 2.827487 1.268854
v 3.156294 2.815883 1.268854
v 3.156293 2.815883 -0.304938
v 3.112315 2.827488 -0.304938
v 3.100711 2.783510 1.268854
v 3.144689 2.771905 1.268854
v 3.144688 2.771906 -0.304938
v 3.100710 2.783510 -0.304938
v 3.156294 2.815883 1.268854
v 3.068806 2.838969 -0.034745
v 3.112783 2.827364 -0.034745
v 3.112783 2.827364 -0.349890
v 3.068806 2.838969 -0.349890
v 3.057201 2.794991 -0.034745
v 3.101179 2.783386 -0.034745
v 3.101178 2.783386 -0.349890
v 3.057201 2.794991 -0.349890
v 3.112783 2.827364 -0.034745
v 3.162717 2.842110 2.122937
v 3.206694 2.830505 2.122937
v 3.206693 2.830506 1.852744
v 3.162715 2.842111 1.852744
v 3.137334 2.745920 2.122937
v 3.181312 2.734315 2.122937
v 3.181311 2.734316 1.852744
v 3.137333 2.745921 1.852744
v 3.206694 2.830505 2.122937
v 3.206227 2.830629 2.122937
v 3.250204 2.819024 2.122937
v 3.250204 2.819025 1.852744
v 3.206226 2.830629 1.852744
v 3.180845 2.734439 2.122937
v 3.224822 2.722834 2.122937
v 3.224821 2.722835 1.852744
v 3.180843 2.734439 1.852744
v 3.250204 2.819024 2.122937
v 3.249737 2.819147 2.077985
v 3.293715 2.807543 2.077985
v 3.293714 2.807543 1.807793
v 3.249736 2.819148 1.807793
v 3.224355 2.722958 2.077985
v 3.268332 2.711353 2.077985
v 3.268331 2.711353 1.807793
v 3.224354 2.722958 1.807793
v 3.293715 2.807543 2.077985
v 3.293247 2.807666 2.033034
v 3.337225 2.796062 2.033034
v 3.337224 2.796062 1.762841
v 3.293247 2.807666 1.762841
v 3.267865 2.711476 2.033034
v 3.311842 2.699872 2.033034
v 3.311841 2.699872 1.762841
v 3.267864 2.711477 1.762841
v 3.337225 2.796062 2.033034
v 3.336757 2.796185 1.988082
v 3.380735 2.784580 1.988082
v 3.380734 2.784580 1.717889
v 3.336756 2.796185 1.717889
v 3.311376 2.699995 1.988082
v 3.355353 2.688390 1.988082
v 3.355351 2.688390 1.717889
v 3.311374 2.699995 1.717889
v 3.380735 2.784580 1.988082
v 3.380268 2.784703 1.988082
v 3.424246 2.773099 1.988082
v 3.424244 2.773099 1.717889
v 3.380267 2.784704 1.717889
v 3.354886 2.688514 1.988082
v 3.398863 2.676909 1.988082
v 3.398862 2.676909 1.717889
v 3.354885 2.688514 1.717889
v 3.424246 2.773099 1.988082
v 3.423777 2.773222 1.943130
v 3.467755 2.761617 1.943130
v 3.467755 2.761618 1.672937
v 3.423777 2.773222 1.672937
v 3.398396 2.677032 1.943130
v 3.442373 2.665428 1.943130
v 3.442372 2.665428 1.672937
v 3.398395 2.677032 1.672937
v 3.467755 2.761617 1.943130
v 3.467288 2.761741 1.898178
v 3.511266 2.750136 1.898178
v 3.511265 2.750136 1.627985
v 3.467287 2.761741 1.627985
v 3.441906 2.665551 1.898178
v 3.485883 2.653946 1.898179
v 3.485882 2.653947 1.627985
v 3.441905 2.665551 1.627985
v 3.511266 2.750136 1.898178
v 3.510798 2.750259 1.898178
v 3.554776 2.738655 1.898178
v 3.554775 2.738655 1.583034
v 3.510797 2.750260 1.583034
v 3.485416 2.654069 1.898179
v 3.529394 2.642465 1.898178
v 3.529392 2.642465 1.583034
v 3.485415 2.654070 1.583034
v 3.554776 2.738655 1.898178
v 3.511265 2.750136 1.627985
v 3.554308 2.738778 1.853227
v 3.598286 2.727173 1.853227
v 3.598286 2.727174 1.538082
v 3.554308 2.738779 1.538082
v 3.528926 2.642588 1.853227
v 3.572903 2.630984 1.853227
v 3.572903 2.630984 1.538082
v 3.528925 2.642589 1.538082
v 3.598286 2.727173 1.853227
v 3.597818 2.727297 1.808275
v 3.641796 2.715692 1.808275
v 3.641796 2.715693 1.493130
v 3.597818 2.727298 1.493130
v 3.572437 2.631107 1.808275
v 3.616414 2.619502 1.808275
v 3.616413 2.619503 1.493130
v 3.572436 2.631108 1.493130
v 3.641796 2.715692 1.808275
v 3.641329 2.715815 1.763323
v 3.685307 2.704211 1.763323
v 3.685306 2.704211 1.448179
v 3.641328 2.715816 1.448179
v 3.615947 2.619626 1.763323
v 3.659924 2.608021 1.763323
v 3.659923 2.608021 1.448179
v 3.615946 2.619626 1.448179
v 3.685307 2.704211 1.763323
v 3.684839 2.704334 1.718371
v 3.728817 2.692729 1.718371
v 3.728816 2.692730 1.448179
v 3.684839 2.704334 1.448179
v 3.659457 2.608144 1.718371
v 3.703434 2.596539 1.718371
v 3.703434 2.596540 1.448179
v 3.659456 2.608145 1.448179
v 3.728817 2.692729 1.718371
v 3.728349 2.692852 1.673420
v 3.772327 2.681248 1.673420
v 3.772326 2.681248 1.403227
v 3.728349 2.692853 1.403227
v 3.702967 2.596663 1.673420
v 3.746944 2.585058 1.673420
v 3.746943 2.585059 1.403227
v 3.702966 2.596663 1.403227
v 3.772327 2.681248 1.673420
v 3.771859 2.681371 1.628468
v 3.815837 2.669766 1.628468
v 3.815837 2.669767 1.358275
v 3.771859 2.681372 1.358275
v 3.746477 2.585181 1.628468
v 3.790455 2.573577 1.628468
v 3.790454 2.573577 1.358275
v 3.746477 2.585182 1.358275
v 3.815837 2.669766 1.628468
v 3.815369 2.669890 1.583516
v 3.859347 2.658285 1.583516
v 3.859347 2.658286 1.313323
v 3.815369 2.669890 1.313323
v 3.789988 2.573700 1.583516
v 3.833965 2.562095 1.583516
v 3.833964 2.562096 1.313323
v 3.789987 2.573700 1.313323
v 3.859347 2.658285 1.583516
v 3.858880 2.658409 1.538564
v 3.902858 2.646804 1.538564
v 3.902857 2.646804 1.268371
v 3.858880 2.658409 1.268372
v 3.833498 2.562219 1.538564
v 3.877475 2.550614 1.538564
v 3.877474 2.550615 1.268371
v 3.833497 2.562220 1.268371
v 3.902858 2.646804 1.538564
v 3.902390 2.646928 1.493613
v 3.946368 2.635323 1.493613
v 3.946367 2.635323 1.223420
v 3.902390 2.646928 1.223420
v 3.877008 2.550737 1.493613
v 3.920985 2.539133 1.493613
v 3.920985 2.539133 1.223420
v 3.877007 2.550738 1.223420
v 3.946368 2.635323 1.493613
v 3.945900 2.635446 1.493613
v 3.989878 2.623841 1.493613
v 3.989878 2.623842 1.223420
v 3.945900 2.635446 1.223420
v 3.920518 2.539256 1.493613
v 3.964495 2.527651 1.493613
v 3.964495 2.527652 1.223420
v 3.920517 2.539257 1.223420
v 3.989878 2.623841 1.493613
v 3.989410 2.623965 1.448661
v 4.033388 2.612360 1.448661
v 4.033388 2.612360 1.178468
v 3.989410 2.623965 1.178468
v 3.964029 2.527775 1.448661
v 4.008006 2.516170 1.448661
v 4.008006 2.516171 1.178468
v 3.964028 2.527775 1.178468
v 4.033388 2.612360 1.448661
v 4.032921 2.612483 1.403709
v 4.076899 2.600878 1.403709
v 4.076898 2.600879 1.133516
v 4.032921 2.612484 1.133516
v 4.007539 2.516293 1.403709
v 4.051517 2.504689 1.403709
v 4.051516 2.504689 1.133516
v 4.007538 2.516294 1.133516
v 4.076899 2.600878 1.403709
v 4.076431 2.601002 1.358757
v 4.120409 2.589397 1.358757
v 4.120409 2.589398 1.088564
v 4.076430 2.601002 1.088564
v 4.051049 2.504812 1.358757
v 4.095026 2.493207 1.358757
v 4.095025 2.493208 1.088564
v 4.051049 2.504812 1.088565
v 4.120409 2.589397 1.358757
v 4.119941 2.589520 1.313806
v 4.163919 2.577916 1.313806
v 4.163918 2.577916 1.043613
v 4.119941 2.589521 1.043613
v 4.094560 2.493330 1.313806
v 4.138536 2.481726 1.313806
v 4.138536 2.481727 1.043613
v 4.094559 2.493331 1.043613
v 4.163919 2.577916 1.313806
v 4.163452 2.578040 1.268854
v 4.207429 2.566434 1.268854
v 4.207429 2.566435 0.998661
v 4.163452 2.578040 0.998661
v 4.138069 2.481849 1.268854
v 4.182047 2.470245 1.268854
v 4.182046 2.470245 0.998661
v 4.138069 2.481850 0.998661
v 4.207429 2.566434 1.268854
v 4.206962 2.566558 1.223902
v 4.250939 2.554953 1.223902
v 4.250940 2.554954 0.953709
v 4.206962 2.566559 0.953709
v 4.181580 2.470368 1.223902
v 4.225556 2.458763 1.223902
v 4.225556 2.458764 0.953709
v 4.181580 2.470369 0.953709
v 4.250939 2.554953 1.223902
v 4.250472 2.555077 1.178951
v 4.294450 2.543472 1.178950
v 4.294449 2.543473 0.908758
v 4.250472 2.555077 0.908758
v 4.225090 2.458887 1.178951
v 4.269068 2.447282 1.178950
v 4.269067 2.447283 0.908758
v 4.225089 2.458887 0.908758
v 4.294450 2.543472 1.178950
v 4.293982 2.543596 1.133999
v 4.337959 2.531991 1.133999
v 4.337960 2.531991 0.863806
v 4.293982 2.543596 0.863806
v 4.268600 2.447406 1.133999
v 4.312578 2.435801 1.133999
v 4.312577 2.435802 0.863806
v 4.268600 2.447406 0.863806
v 4.337959 2.531991 1.133999
v 4.337492 2.532114 1.044095
v 4.381471 2.520509 1.044095
v 4.381470 2.520510 0.818854
v 4.337493 2.532115 0.818854
v 4.312110 2.435924 1.044095
v 4.356088 2.424320 1.044095
v 4.356087 2.424320 0.818854
v 4.312110 2.435925 0.818854
v 4.381471 2.520509 1.044095
v 4.381002 2.520633 0.999144
v 4.424980 2.509028 0.999144
v 4.424980 2.509029 0.773903
v 4.381002 2.520633 0.773903
v 4.355620 2.424443 0.999144
v 4.399598 2.412838 0.999144
v 4.399597 2.412839 0.773903
v 4.355619 2.424443 0.773903
v 4.424980 2.509028 0.999144
v 4.424514 2.509151 0.954192
v 4.468491 2.497547 0.954192
v 4.468490 2.497547 0.728951
v 4.424514 2.509152 0.728951
v 4.399131 2.412961 0.954192
v 4.443109 2.401357 0.954192
v 4.443108 2.401357 0.728951
v 4.399130 2.412962 0.728951
v 4.468491 2.497547 0.954192
v 4.468023 2.497670 0.909240
v 4.512001 2.486065 0.909240
v 4.512001 2.486066 0.683999
v 4.468022 2.497671 0.683999
v 4.442641 2.401480 0.909240
v 4.486618 2.389876 0.909240
v 4.486617 2.389876 0.683999
v 4.442641 2.401481 0.683999
v 4.512001 2.486065 0.909240
v 4.511534 2.486189 0.864289
v 4.555511 2.474584 0.864289
v 4.555510 2.474585 0.639048
v 4.511534 2.486189 0.639048
v 4.486151 2.389999 0.864289
v 4.530128 2.378394 0.864289
v 4.530128 2.378395 0.639048
v 4.486150 2.389999 0.639048
v 4.555511 2.474584 0.864289
v 4.555044 2.474707 0.819337
v 4.599021 2.463103 0.819337
v 4.599021 2.463103 0.594096
v 4.555042 2.474708 0.594096
v 4.529661 2.378518 0.819337
v 4.573639 2.366913 0.819337
v 4.573638 2.366913 0.594096
v 4.529661 2.378518 0.594096
v 4.599021 2.463103 0.819337
v 4.598554 2.463227 0.729433
v 4.642531 2.451622 0.729433
v 4.642531 2.451622 0.549144
v 4.598554 2.463227 0.549144
v 4.573172 2.367036 0.729433
v 4.617148 2.355432 0.729433
v 4.617148 2.355432 0.549144
v 4.573171 2.367037 0.549144
v 4.642531 2.451622 0.729433
v 4.642064 2.451745 0.684482
v 4.686041 2.440140 0.684482
v 4.686041 2.440140 0.504193
v 4.642063 2.451745 0.504193
v 4.616681 2.355555 0.684482
v 4.660659 2.343950 0.684482
v 4.660659 2.343951 0.504193
v 4.616681 2.355555 0.504193
v 4.686041 2.440140 0.684482
v 4.685575 2.440264 0.639530
v 4.729551 2.428659 0.639530
v 4.729551 2.428659 0.414289
v 4.685575 2.440264 0.414289
v 4.660192 2.344074 0.639530
v 4.704169 2.332469 0.639530
v 4.704168 2.332470 0.414289
v 4.660191 2.344074 0.414289
v 4.729551 2.428659 0.639530
v 4.729084 2.428782 0.549626
v 4.773062 2.417178 0.549626
v 4.773062 2.417178 0.369337
v 4.729083 2.428783 0.369337
v 4.703702 2.332592 0.549626
v 4.747679 2.320988 0.549626
v 4.747679 2.320988 0.369337
v 4.703702 2.332593 0.369337
v 4.773062 2.417178 0.549626
v 4.772594 2.417301 0.459723
v 4.816571 2.405696 0.459723
v 4.816571 2.405697 0.279434
v 4.772594 2.417301 0.279434
v 4.747211 2.321111 0.459723
v 4.791189 2.309507 0.459723
v 4.791189 2.309507 0.279434
v 4.747211 2.321112 0.279434
v 4.816571 2.405696 0.459723
v 4.816103 2.405820 0.369819
v 4.860082 2.394215 0.369819
v 4.860082 2.394216 0.234482
v 4.816103 2.405820 0.234482
v 4.790722 2.309630 0.369819
v 4.834700 2.298025 0.369819
v 4.834699 2.298026 0.234482
v 4.790722 2.309630 0.234482
v 4.860082 2.394215 0.369819
v 4.859614 2.394339 0.279916
v 4.903593 2.382734 0.279916
v 4.903592 2.382734 0.144579
v 4.859614 2.394339 0.144579
v 4.834232 2.298149 0.279916
v 4.878209 2.286544 0.279916
v 4.878209 2.286544 0.144579
v 4.834231 2.298149 0.144579
v 4.903593 2.382734 0.279916
v 4.903125 2.382858 0.234964
v 4.947102 2.371253 0.234964
v 4.947101 2.371253 0.054675
v 4.903123 2.382858 0.054675
v 4.877742 2.286667 0.234964
v 4.921721 2.275063 0.234964
v 4.921718 2.275063 0.054675
v 4.877741 2.286668 0.054675
v 4.947102 2.371253 0.234964
v 4.946634 2.371376 0.145061
v 4.990612 2.359771 0.145061
v 4.990611 2.359771 0.009724
v 4.946633 2.371377 0.009724
v 4.921253 2.275186 0.145061
v 4.965230 2.263582 0.145061
v 4.965228 2.263582 0.009724
v 4.921251 2.275186 0.009724
v 4.990612 2.359771 0.145061
v 4.990144 2.359895 0.055158
v 5.034122 2.348290 0.055158
v 5.034122 2.348290 0.009724
v 4.990144 2.359895 0.009724
v 4.964762 2.263705 0.055158
v 5.008739 2.252100 0.055158
v 5.008739 2.252100 0.009724
v 4.964762 2.263705 0.009724
v 5.034122 2.348290 0.055158
v 3.119206 2.853592 2.122937
v 3.163184 2.841987 2.122937
v 3.163182 2.841989 1.268372
v 3.119205 2.853593 1.268372
v 3.093824 2.757401 2.122937
v 3.137802 2.745797 2.122937
v 3.137800 2.745799 1.268372
v 3.093822 2.757403 1.268372
v 3.163184 2.841987 2.122937
v 3.075696 2.865073 2.122937
v 3.119673 2.853469 2.122937
v 3.119670 2.853472 -0.035228
v 3.075691 2.865077 -0.035228
v 3.050314 2.768883 2.122937
v 3.094291 2.757279 2.122937
v 3.094287 2.757282 -0.035228
v 3.050309 2.768887 -0.035228
v 3.119673 2.853469 2.122937
v 3.032185 2.876555 2.122937
v 3.076163 2.864951 2.122937
v 3.076161 2.864951 -0.394842
v 3.032184 2.876556 -0.394842
v 3.006803 2.780365 2.122937
v 3.050781 2.768761 2.122937
v 3.050779 2.768761 -0.394842
v 3.006802 2.780366 -0.394842
v 3.076163 2.864951 2.122937
v -0.531530 2.172269 2.392648
v -3.013702 2.609943 2.392648
v -3.013702 2.609943 2.032552
v -0.531530 2.172268 2.032551
v -0.468934 2.527273 2.392647
v -2.951105 2.964947 2.392648
v -2.951105 2.964946 2.032552
v -0.468933 2.527272 2.032551
v -3.013702 2.609943 2.392648
v -2.749329 2.791637 2.122938
v -2.438641 2.736854 2.122938
v -2.438641 2.736854 1.897697
v -2.749330 2.791636 1.897697
v -2.757226 2.746845 2.122938
v -2.446539 2.692062 2.122938
v -2.446540 2.692062 1.897697
v -2.757227 2.746845 1.897697
v -2.438641 2.736854 2.122938
v -2.439116 2.736938 2.122938
v -2.128429 2.682155 2.122938
v -2.128429 2.682155 1.583035
v -2.439117 2.736938 1.583035
v -2.447014 2.692146 2.122938
v -2.136327 2.637363 2.122938
v -2.136328 2.637363 1.583035
v -2.447015 2.692146 1.583035
v -2.128429 2.682155 2.122938
v -2.128905 2.682239 2.122938
v -1.818216 2.627457 2.122938
v -1.818216 2.627456 1.313324
v -2.128905 2.682239 1.313324
v -2.136802 2.637447 2.122938
v -1.826114 2.582664 2.122938
v -1.826115 2.582664 1.313324
v -2.136803 2.637447 1.313324
v -1.818216 2.627457 2.122938
v -1.818693 2.627540 2.122938
v -1.596637 2.588386 2.122938
v -1.596637 2.588386 1.043614
v -1.818693 2.627540 1.043614
v -1.826590 2.582748 2.122938
v -1.604535 2.543594 2.122938
v -1.604535 2.543594 1.043614
v -1.826591 2.582748 1.043614
v -1.596637 2.588386 2.122938
v -1.597113 2.588470 2.122938
v -1.375056 2.549315 2.122938
v -1.375057 2.549315 0.818855
v -1.597113 2.588469 0.818855
v -1.605010 2.543678 2.122938
v -1.382954 2.504524 2.122938
v -1.382956 2.504523 0.818855
v -1.605011 2.543678 0.818855
v -1.375056 2.549315 2.122938
v -1.375532 2.549399 2.122938
v -1.286424 2.533687 2.122938
v -1.286424 2.533687 0.684000
v -1.375533 2.549399 0.684000
v -1.383430 2.504608 2.122938
v -1.294322 2.488895 2.122938
v -1.294323 2.488895 0.684000
v -1.383431 2.504607 0.684000
v -1.286424 2.533687 2.122938
v -1.286900 2.533772 2.122938
v -1.197792 2.518059 2.122938
v -1.197792 2.518059 0.549145
v -1.286900 2.533770 0.549145
v -1.294798 2.488979 2.122938
v -1.205690 2.473267 2.122938
v -1.205691 2.473267 0.549145
v -1.294798 2.488979 0.549145
v -1.197792 2.518059 2.122938
v -1.198268 2.518143 2.122938
v -1.109160 2.502431 2.122938
v -1.109160 2.502430 0.369338
v -1.198269 2.518142 0.369338
v -1.206165 2.473351 2.122938
v -1.117058 2.457639 2.122938
v -1.117059 2.457638 0.369338
v -1.206167 2.473350 0.369338
v -1.109160 2.502431 2.122938
v -0.533535 2.400933 2.122938
v -0.488743 2.393035 2.122938
v -0.488743 2.393035 2.032552
v -0.533535 2.400933 2.032552
v -0.541432 2.356141 2.122938
v -0.496641 2.348243 2.122938
v -0.496641 2.348243 2.032552
v -0.541433 2.356141 2.032552
v -0.488743 2.393035 2.122938
v -0.533535 2.400933 2.032552
v -0.577850 2.408747 2.122937
v -0.533058 2.400848 2.122938
v -0.533058 2.400848 1.942648
v -0.577850 2.408747 1.942648
v -0.585748 2.363955 2.122937
v -0.540956 2.356057 2.122938
v -0.540956 2.356057 1.942648
v -0.585748 2.363955 1.942648
v -0.533058 2.400848 2.122938
v -0.577850 2.408747 1.942648
v -0.622165 2.416561 2.122937
v -0.577373 2.408663 2.122937
v -0.577373 2.408663 1.852745
v -0.622165 2.416561 1.852745
v -0.630063 2.371768 2.122937
v -0.585271 2.363871 2.122937
v -0.585272 2.363871 1.852745
v -0.630063 2.371768 1.852745
v -0.577373 2.408663 2.122937
v -0.622165 2.416561 1.852745
v -0.666480 2.424375 2.122937
v -0.621688 2.416476 2.122937
v -0.621688 2.416476 1.807793
v -0.666481 2.424374 1.807793
v -0.674378 2.379583 2.122937
v -0.629587 2.371685 2.122937
v -0.629587 2.371685 1.807793
v -0.674379 2.379583 1.807793
v -0.621688 2.416476 2.122937
v -0.666481 2.424374 1.807793
v -0.710796 2.432189 2.122937
v -0.666004 2.424291 2.122937
v -0.666004 2.424290 1.762841
v -0.710796 2.432189 1.762841
v -0.718694 2.387397 2.122937
v -0.673902 2.379498 2.122937
v -0.673902 2.379498 1.762841
v -0.718694 2.387397 1.762841
v -0.666004 2.424291 2.122937
v -0.710796 2.432189 1.762841
v -0.755111 2.440003 2.122937
v -0.710319 2.432104 2.122937
v -0.710319 2.432104 1.672938
v -0.755112 2.440002 1.672938
v -0.763009 2.395211 2.122937
v -0.718218 2.387313 2.122937
v -0.718218 2.387313 1.672938
v -0.763010 2.395211 1.672938
v -0.710319 2.432104 2.122937
v -0.799427 2.447817 2.122937
v -0.754635 2.439919 2.122937
v -0.754635 2.439919 1.627986
v -0.799427 2.447817 1.627986
v -0.807324 2.403024 2.122937
v -0.762533 2.395127 2.122937
v -0.762533 2.395126 1.627986
v -0.807325 2.403024 1.627986
v -0.754635 2.439919 2.122937
v -0.843742 2.455630 2.122937
v -0.798950 2.447732 2.122937
v -0.798950 2.447732 1.538083
v -0.843742 2.455630 1.538083
v -0.851640 2.410839 2.122937
v -0.806848 2.402941 2.122937
v -0.806849 2.402940 1.538083
v -0.851640 2.410838 1.538083
v -0.798950 2.447732 2.122937
v -0.888057 2.463444 2.122937
v -0.843265 2.455547 2.122937
v -0.843265 2.455546 1.403227
v -0.888057 2.463444 1.403227
v -0.895955 2.418653 2.122937
v -0.851163 2.410754 2.122937
v -0.851164 2.410754 1.403227
v -0.895955 2.418653 1.403227
v -0.843265 2.455547 2.122937
v -0.932373 2.471259 2.122937
v -0.887581 2.463360 2.122937
v -0.887581 2.463360 1.268372
v -0.932373 2.471258 1.268372
v -0.940270 2.426466 2.122937
v -0.895478 2.418569 2.122937
v -0.895479 2.418569 1.268372
v -0.940270 2.426466 1.268372
v -0.887581 2.463360 2.122937
v -0.976688 2.479073 2.122937
v -0.931896 2.471174 2.122937
v -0.931896 2.471174 1.088565
v -0.976688 2.479072 1.088565
v -0.984586 2.434280 2.122937
v -0.939794 2.426382 2.122937
v -0.939795 2.426382 1.088565
v -0.984586 2.434280 1.088565
v -0.931896 2.471174 2.122937
v -1.021003 2.486886 2.122937
v -0.976211 2.478988 2.122937
v -0.976212 2.478988 0.863807
v -1.021004 2.486886 0.863807
v -1.028901 2.442095 2.122937
v -0.984109 2.434197 2.122937
v -0.984110 2.434196 0.863807
v -1.028902 2.442094 0.863807
v -0.976211 2.478988 2.122937
v -1.109636 2.502515 2.122938
v -1.020527 2.486803 2.122937
v -1.020528 2.486802 0.234483
v -1.109636 2.502514 0.234483
v -1.117533 2.457723 2.122938
v -1.028425 2.442011 2.122937
v -1.028427 2.442010 0.234483
v -1.117534 2.457722 0.234483
v -1.020527 2.486803 2.122937
v -1.021005 2.486886 0.279917
v -0.976213 2.478988 0.279917
v -0.976212 2.478988 0.144580
v -1.021005 2.486886 0.144580
v -1.028902 2.442094 0.279917
v -0.984110 2.434196 0.279917
v -0.984111 2.434196 0.144580
v -1.028903 2.442094 0.144580
v -0.976213 2.478988 0.279917
v -1.065320 2.494700 0.055158
v -1.020528 2.486802 0.055158
v -1.020528 2.486802 0.009724
v -1.065320 2.494700 0.009724
v -1.073217 2.449908 0.055158
v -1.028426 2.442010 0.055158
v -1.028426 2.442010 0.009724
v -1.073218 2.449908 0.009724
v -1.020528 2.486802 0.055158
v -1.153952 2.510328 0.234965
v -1.064844 2.494616 0.234965
v -1.064844 2.494616 0.009724
v -1.153952 2.510328 0.009724
v -1.161849 2.465536 0.234965
v -1.072742 2.449824 0.234965
v -1.072743 2.449824 0.009724
v -1.161850 2.465536 0.009724
v -1.064844 2.494616 0.234965
v -1.242585 2.525957 0.369820
v -1.153476 2.510244 0.369821
v -1.153476 2.510244 0.009724
v -1.242584 2.525957 0.009724
v -1.250482 2.481164 0.369820
v -1.161374 2.465452 0.369821
v -1.161375 2.465452 0.009724
v -1.250482 2.481164 0.009724
v -1.153476 2.510244 0.369821
v -1.286900 2.533770 0.414772
v -1.242108 2.525872 0.414772
v -1.242108 2.525872 0.054676
v -1.286900 2.533770 0.054676
v -1.294798 2.488978 0.414772
v -1.250006 2.481080 0.414772
v -1.250006 2.481080 0.054676
v -1.294798 2.488978 0.054676
v -1.242108 2.525872 0.414772
v -1.464164 2.565027 0.639531
v -1.286424 2.533687 0.639531
v -1.286425 2.533687 0.054676
v -1.464164 2.565027 0.054676
v -1.472062 2.520235 0.639531
v -1.294322 2.488895 0.639531
v -1.294323 2.488895 0.054676
v -1.472062 2.520235 0.054676
v -1.286424 2.533687 0.639531
v -1.685745 2.604098 0.864290
v -1.463688 2.564943 0.864290
v -1.463688 2.564943 0.054676
v -1.685745 2.604097 0.054676
v -1.693642 2.559306 0.864290
v -1.471586 2.520151 0.864290
v -1.471587 2.520151 0.054676
v -1.693642 2.559306 0.054676
v -1.463688 2.564943 0.864290
v -1.774377 2.619726 0.954193
v -1.685269 2.604013 0.954193
v -1.685269 2.604013 0.099628
v -1.774377 2.619726 0.099628
v -1.782274 2.574934 0.954193
v -1.693167 2.559222 0.954193
v -1.693167 2.559221 0.099628
v -1.782274 2.574934 0.099628
v -1.685269 2.604013 0.954193
v -2.084589 2.674425 1.223904
v -1.773901 2.619642 1.223904
v -1.773901 2.619642 0.099628
v -2.084589 2.674424 0.099628
v -2.092486 2.629633 1.223904
v -1.781799 2.574850 1.223904
v -1.781799 2.574850 0.099628
v -2.092487 2.629632 0.099628
v -1.773901 2.619642 1.223904
v -2.350484 2.721309 1.448662
v -2.084112 2.674341 1.448662
v -2.084113 2.674340 0.054676
v -2.350484 2.721309 0.054676
v -2.358382 2.676517 1.448662
v -2.092010 2.629549 1.448662
v -2.092011 2.629549 0.054676
v -2.358382 2.676517 0.054676
v -2.084112 2.674341 1.448662
v -2.439116 2.736937 1.538566
v -2.350008 2.721225 1.538566
v -2.350009 2.721225 0.009725
v -2.439117 2.736937 0.009725
v -2.447014 2.692146 1.538566
v -2.357907 2.676434 1.538566
v -2.357907 2.676433 0.009725
v -2.447015 2.692145 0.009725
v -2.350008 2.721225 1.538566
v -2.572065 2.760380 1.673421
v -2.438641 2.736854 1.673421
v -2.438641 2.736853 -0.035227
v -2.572065 2.760379 -0.035227
v -2.579963 2.715588 1.673421
v -2.446539 2.692061 1.673421
v -2.446540 2.692061 -0.035227
v -2.579963 2.715588 -0.035227
v -2.438641 2.736854 1.673421
v -2.660697 2.776008 1.718373
v -2.571588 2.760296 1.718373
v -2.571588 2.760295 -0.080179
v -2.660697 2.776007 -0.080179
v -2.668594 2.731216 1.718373
v -2.579486 2.715504 1.718373
v -2.579487 2.715503 -0.080179
v -2.668594 2.731215 -0.080179
v -2.571588 2.760296 1.718373
v -2.705013 2.783822 1.763324
v -2.660220 2.775924 1.763324
v -2.660220 2.775923 -0.125131
v -2.705013 2.783822 -0.125131
v -2.712910 2.739030 1.763324
v -2.668118 2.731132 1.763324
v -2.668119 2.731132 -0.125131
v -2.712910 2.739030 -0.125131
v -2.660220 2.775924 1.763324
v -2.793644 2.799450 1.853228
v -2.704536 2.783738 1.853228
v -2.704536 2.783738 -0.170082
v -2.793644 2.799449 -0.170082
v -2.801542 2.754658 1.853228
v -2.712434 2.738946 1.853228
v -2.712435 2.738945 -0.170082
v -2.801542 2.754658 -0.170082
v -2.704536 2.783738 1.853228
v -2.837960 2.807264 1.853228
v -2.793168 2.799366 1.853228
v -2.793168 2.799366 -0.259986
v -2.837960 2.807264 -0.259986
v -2.845858 2.762472 1.853228
v -2.801066 2.754574 1.853228
v -2.801067 2.754574 -0.259986
v -2.845858 2.762472 -0.259986
v -2.793168 2.799366 1.853228
v -2.882276 2.815078 1.268856
v -2.837484 2.807180 1.268855
v -2.837485 2.807180 -0.304937
v -2.882277 2.815078 -0.304937
v -2.890174 2.770286 1.268856
v -2.845382 2.762388 1.268855
v -2.845383 2.762388 -0.304937
v -2.890175 2.770286 -0.304937
v -2.837484 2.807180 1.268855
v -2.926592 2.822891 -0.034744
v -2.881800 2.814994 -0.034744
v -2.881800 2.814994 -0.349889
v -2.926592 2.822891 -0.349889
v -2.934489 2.778100 -0.034744
v -2.889698 2.770202 -0.034744
v -2.889698 2.770202 -0.349889
v -2.934490 2.778100 -0.349889
v -2.881800 2.814994 -0.034744
v -2.833270 2.833852 2.122938
v -2.788478 2.825954 2.122938
v -2.788479 2.825954 1.852745
v -2.833271 2.833852 1.852746
v -2.850544 2.735881 2.122938
v -2.805753 2.727983 2.122938
v -2.805754 2.727983 1.852745
v -2.850546 2.735881 1.852746
v -2.788478 2.825954 2.122938
v -2.788954 2.826038 2.122938
v -2.744162 2.818140 2.122939
v -2.744163 2.818140 1.852746
v -2.788955 2.826038 1.852745
v -2.806228 2.728067 2.122938
v -2.761437 2.720169 2.122938
v -2.761439 2.720169 1.852745
v -2.806230 2.728067 1.852745
v -2.744162 2.818140 2.122939
v -2.744638 2.818224 2.077987
v -2.699846 2.810326 2.077987
v -2.699847 2.810326 1.807794
v -2.744639 2.818224 1.807794
v -2.761913 2.720253 2.077987
v -2.717121 2.712355 2.077987
v -2.717122 2.712355 1.807794
v -2.761914 2.720253 1.807793
v -2.699846 2.810326 2.077987
v -2.700322 2.810410 2.033035
v -2.655530 2.802512 2.033035
v -2.655531 2.802512 1.762842
v -2.700323 2.810410 1.762842
v -2.717597 2.712439 2.033035
v -2.672805 2.704541 2.033035
v -2.672806 2.704541 1.762842
v -2.717598 2.712439 1.762842
v -2.655530 2.802512 2.033035
v -2.656006 2.802596 1.988083
v -2.611214 2.794698 1.988083
v -2.611215 2.794698 1.717890
v -2.656007 2.802596 1.717890
v -2.673281 2.704625 1.988083
v -2.628489 2.696727 1.988083
v -2.628490 2.696727 1.717890
v -2.673282 2.704625 1.717890
v -2.611214 2.794698 1.988083
v -2.611690 2.794782 1.988083
v -2.566898 2.786884 1.988083
v -2.566899 2.786884 1.717890
v -2.611691 2.794782 1.717890
v -2.628965 2.696810 1.988083
v -2.584173 2.688912 1.988083
v -2.584174 2.688913 1.717890
v -2.628966 2.696811 1.717890
v -2.566898 2.786884 1.988083
v -2.567375 2.786968 1.943132
v -2.522583 2.779070 1.943132
v -2.522583 2.779070 1.672938
v -2.567376 2.786968 1.672938
v -2.584649 2.688997 1.943132
v -2.539858 2.681098 1.943132
v -2.539859 2.681099 1.672938
v -2.584650 2.688997 1.672938
v -2.522583 2.779070 1.943132
v -2.523059 2.779154 1.898180
v -2.478266 2.771256 1.898180
v -2.478267 2.771256 1.627987
v -2.523059 2.779154 1.627987
v -2.540333 2.681182 1.898180
v -2.495542 2.673285 1.898180
v -2.495543 2.673285 1.627987
v -2.540334 2.681183 1.627987
v -2.478266 2.771256 1.898180
v -2.478743 2.771340 1.898180
v -2.433951 2.763441 1.898180
v -2.433951 2.763442 1.583035
v -2.478743 2.771340 1.583035
v -2.496017 2.673368 1.898180
v -2.451226 2.665470 1.898180
v -2.451227 2.665471 1.583035
v -2.496018 2.673369 1.583035
v -2.433951 2.763441 1.898180
v -2.478267 2.771256 1.627987
v -2.434427 2.763525 1.853228
v -2.389635 2.755628 1.853228
v -2.389635 2.755628 1.538083
v -2.434427 2.763526 1.538083
v -2.451702 2.665555 1.853228
v -2.406910 2.657657 1.853228
v -2.406910 2.657657 1.538083
v -2.451702 2.665555 1.538083
v -2.389635 2.755628 1.853228
v -2.390111 2.755712 1.808276
v -2.345319 2.747813 1.808276
v -2.345319 2.747814 1.493132
v -2.390111 2.755712 1.493132
v -2.407386 2.657740 1.808276
v -2.362594 2.649842 1.808276
v -2.362594 2.649843 1.493132
v -2.407387 2.657741 1.493132
v -2.345319 2.747813 1.808276
v -2.345795 2.747898 1.763324
v -2.301003 2.739999 1.763324
v -2.301003 2.740000 1.448180
v -2.345796 2.747898 1.448180
v -2.363070 2.649926 1.763324
v -2.318278 2.642028 1.763324
v -2.318279 2.642029 1.448180
v -2.363070 2.649927 1.448180
v -2.301003 2.739999 1.763324
v -2.301479 2.740083 1.718373
v -2.256687 2.732185 1.718373
v -2.256688 2.732186 1.448180
v -2.301480 2.740084 1.448180
v -2.318754 2.642112 1.718373
v -2.273962 2.634214 1.718373
v -2.273963 2.634215 1.448180
v -2.318754 2.642113 1.448180
v -2.256687 2.732185 1.718373
v -2.257164 2.732270 1.673421
v -2.212371 2.724372 1.673421
v -2.212372 2.724372 1.403228
v -2.257164 2.732270 1.403228
v -2.274438 2.634298 1.673421
v -2.229646 2.626400 1.673421
v -2.229647 2.626400 1.403228
v -2.274438 2.634299 1.403228
v -2.212371 2.724372 1.673421
v -2.212847 2.724455 1.628469
v -2.168055 2.716557 1.628469
v -2.168056 2.716558 1.358276
v -2.212847 2.724456 1.358276
v -2.230122 2.626484 1.628469
v -2.185330 2.618586 1.628469
v -2.185331 2.618587 1.358276
v -2.230123 2.626485 1.358276
v -2.168055 2.716557 1.628469
v -2.168532 2.716641 1.583518
v -2.123740 2.708743 1.583518
v -2.123740 2.708744 1.313324
v -2.168531 2.716642 1.313324
v -2.185806 2.618670 1.583518
v -2.141014 2.610772 1.583518
v -2.141015 2.610773 1.313324
v -2.185807 2.618671 1.313324
v -2.123740 2.708743 1.583518
v -2.124215 2.708827 1.538566
v -2.079423 2.700930 1.538566
v -2.079424 2.700930 1.268373
v -2.124216 2.708827 1.268373
v -2.141490 2.610856 1.538566
v -2.096698 2.602958 1.538566
v -2.096699 2.602958 1.268373
v -2.141491 2.610856 1.268373
v -2.079423 2.700930 1.538566
v -2.079899 2.701013 1.493614
v -2.035107 2.693115 1.493614
v -2.035108 2.693116 1.223421
v -2.079900 2.701014 1.223421
v -2.097174 2.603042 1.493614
v -2.052382 2.595144 1.493614
v -2.052383 2.595145 1.223421
v -2.097175 2.603043 1.223421
v -2.035107 2.693115 1.493614
v -2.035583 2.693199 1.493614
v -1.990791 2.685301 1.493614
v -1.990792 2.685301 1.223421
v -2.035584 2.693199 1.223421
v -2.052858 2.595228 1.493614
v -2.008066 2.587330 1.493614
v -2.008067 2.587330 1.223421
v -2.052859 2.595228 1.223421
v -1.990791 2.685301 1.493614
v -1.991267 2.685385 1.448662
v -1.946475 2.677487 1.448662
v -1.946476 2.677487 1.178469
v -1.991268 2.685385 1.178469
v -2.008542 2.587414 1.448662
v -1.963751 2.579516 1.448662
v -1.963751 2.579516 1.178469
v -2.008543 2.587414 1.178469
v -1.946475 2.677487 1.448662
v -1.946952 2.677571 1.403710
v -1.902159 2.669673 1.403711
v -1.902160 2.669673 1.133518
v -1.946952 2.677572 1.133518
v -1.964226 2.579600 1.403710
v -1.919435 2.571702 1.403711
v -1.919435 2.571702 1.133518
v -1.964227 2.579600 1.133518
v -1.902159 2.669673 1.403711
v -1.902636 2.669757 1.358759
v -1.857844 2.661859 1.358759
v -1.857844 2.661859 1.088566
v -1.902636 2.669757 1.088566
v -1.919910 2.571786 1.358759
v -1.875118 2.563888 1.358759
v -1.875119 2.563888 1.088566
v -1.919911 2.571786 1.088566
v -1.857844 2.661859 1.358759
v -1.858320 2.661943 1.313807
v -1.813528 2.654045 1.313807
v -1.813528 2.654045 1.043614
v -1.858321 2.661943 1.043614
v -1.875594 2.563972 1.313807
v -1.830802 2.556074 1.313807
v -1.830803 2.556074 1.043614
v -1.875596 2.563972 1.043614
v -1.813528 2.654045 1.313807
v -1.814004 2.654129 1.268855
v -1.769212 2.646230 1.268855
v -1.769212 2.646231 0.998662
v -1.814005 2.654130 0.998662
v -1.831278 2.556158 1.268855
v -1.786487 2.548259 1.268855
v -1.786488 2.548260 0.998662
v -1.831280 2.556158 0.998662
v -1.769212 2.646230 1.268855
v -1.769688 2.646315 1.223904
v -1.724896 2.638417 1.223904
v -1.724897 2.638417 0.953711
v -1.769689 2.646315 0.953711
v -1.786963 2.548344 1.223904
v -1.742171 2.540446 1.223904
v -1.742172 2.540446 0.953711
v -1.786963 2.548344 0.953711
v -1.724896 2.638417 1.223904
v -1.725372 2.638501 1.178952
v -1.680580 2.630603 1.178952
v -1.680580 2.630603 0.908759
v -1.725373 2.638501 0.908759
v -1.742647 2.540529 1.178952
v -1.697855 2.532632 1.178952
v -1.697856 2.532632 0.908759
v -1.742648 2.540530 0.908759
v -1.680580 2.630603 1.178952
v -1.681056 2.630687 1.134000
v -1.636264 2.622789 1.134000
v -1.636265 2.622789 0.863807
v -1.681057 2.630687 0.863807
v -1.698331 2.532715 1.134000
v -1.653539 2.524817 1.134000
v -1.653540 2.524818 0.863807
v -1.698332 2.532716 0.863807
v -1.636264 2.622789 1.134000
v -1.636740 2.622873 1.044097
v -1.591948 2.614974 1.044097
v -1.591949 2.614975 0.818856
v -1.636741 2.622873 0.818856
v -1.654015 2.524902 1.044097
v -1.609223 2.517004 1.044097
v -1.609224 2.517004 0.818856
v -1.654016 2.524902 0.818856
v -1.591948 2.614974 1.044097
v -1.592425 2.615059 0.999145
v -1.547633 2.607161 0.999145
v -1.547633 2.607161 0.773904
v -1.592425 2.615059 0.773904
v -1.609699 2.517088 0.999145
v -1.564908 2.509190 0.999145
v -1.564909 2.509190 0.773904
v -1.609700 2.517088 0.773904
v -1.547633 2.607161 0.999145
v -1.548109 2.607245 0.954193
v -1.503317 2.599347 0.954193
v -1.503317 2.599347 0.728952
v -1.548109 2.607245 0.728952
v -1.565383 2.509274 0.954193
v -1.520592 2.501376 0.954193
v -1.520592 2.501376 0.728952
v -1.565384 2.509274 0.728952
v -1.503317 2.599347 0.954193
v -1.503793 2.599431 0.909242
v -1.459001 2.591532 0.909242
v -1.459001 2.591533 0.684001
v -1.503793 2.599431 0.684001
v -1.521068 2.501459 0.909242
v -1.476276 2.493562 0.909242
v -1.476276 2.493562 0.684001
v -1.521069 2.501460 0.684001
v -1.459001 2.591532 0.909242
v -1.459477 2.591617 0.864290
v -1.414685 2.583719 0.864290
v -1.414685 2.583719 0.639049
v -1.459477 2.591617 0.639049
v -1.476752 2.493646 0.864290
v -1.431960 2.485748 0.864290
v -1.431961 2.485748 0.639049
v -1.476752 2.493646 0.639049
v -1.414685 2.583719 0.864290
v -1.415161 2.583802 0.819338
v -1.370369 2.575905 0.819338
v -1.370370 2.575905 0.594097
v -1.415162 2.583803 0.594097
v -1.432436 2.485831 0.819338
v -1.387644 2.477933 0.819338
v -1.387645 2.477934 0.594097
v -1.432436 2.485832 0.594097
v -1.370369 2.575905 0.819338
v -1.370846 2.575989 0.729435
v -1.326053 2.568090 0.729435
v -1.326053 2.568091 0.549146
v -1.370846 2.575989 0.549146
v -1.388120 2.478017 0.729435
v -1.343328 2.470119 0.729435
v -1.343329 2.470120 0.549146
v -1.388121 2.478018 0.549146
v -1.326053 2.568090 0.729435
v -1.326530 2.568175 0.684483
v -1.281737 2.560277 0.684483
v -1.281738 2.560277 0.504194
v -1.326530 2.568175 0.504194
v -1.343804 2.470203 0.684483
v -1.299012 2.462306 0.684483
v -1.299013 2.462306 0.504194
v -1.343805 2.470203 0.504194
v -1.281737 2.560277 0.684483
v -1.282214 2.560361 0.639531
v -1.237421 2.552462 0.639531
v -1.237422 2.552463 0.414291
v -1.282214 2.560361 0.414290
v -1.299488 2.462389 0.639531
v -1.254696 2.454491 0.639531
v -1.254697 2.454492 0.414290
v -1.299489 2.462390 0.414290
v -1.237421 2.552462 0.639531
v -1.237898 2.552547 0.549628
v -1.193106 2.544649 0.549628
v -1.193106 2.544649 0.369339
v -1.237898 2.552547 0.369339
v -1.255172 2.454575 0.549628
v -1.210381 2.446677 0.549628
v -1.210382 2.446678 0.369339
v -1.255173 2.454576 0.369339
v -1.193106 2.544649 0.549628
v -1.193582 2.544732 0.459724
v -1.148790 2.536834 0.459724
v -1.148790 2.536835 0.279435
v -1.193583 2.544733 0.279435
v -1.210857 2.446761 0.459724
v -1.166065 2.438863 0.459724
v -1.166066 2.438864 0.279435
v -1.210857 2.446762 0.279435
v -1.148790 2.536834 0.459724
v -1.149267 2.536919 0.369821
v -1.104474 2.529021 0.369821
v -1.104475 2.529021 0.234484
v -1.149267 2.536919 0.234484
v -1.166541 2.438947 0.369821
v -1.121749 2.431050 0.369821
v -1.121750 2.431050 0.234484
v -1.166542 2.438947 0.234484
v -1.104474 2.529021 0.369821
v -1.104951 2.529105 0.279918
v -1.060158 2.521206 0.279918
v -1.060159 2.521207 0.144580
v -1.104950 2.529105 0.144580
v -1.122225 2.431133 0.279918
v -1.077434 2.423235 0.279918
v -1.077434 2.423236 0.144580
v -1.122226 2.431134 0.144580
v -1.060158 2.521206 0.279918
v -1.060635 2.521291 0.234966
v -1.015843 2.513393 0.234966
v -1.015843 2.513393 0.054677
v -1.060635 2.521291 0.054677
v -1.077909 2.423319 0.234966
v -1.033118 2.415421 0.234966
v -1.033118 2.415421 0.054677
v -1.077910 2.423320 0.054677
v -1.015843 2.513393 0.234966
v -1.016319 2.513476 0.145063
v -0.971527 2.505579 0.145063
v -0.971527 2.505579 0.009725
v -1.016319 2.513477 0.009725
v -1.033594 2.415505 0.145063
v -0.988802 2.407608 0.145063
v -0.988803 2.407608 0.009725
v -1.033594 2.415505 0.009725
v -0.971527 2.505579 0.145063
v -0.972003 2.505663 0.055159
v -0.927211 2.497765 0.055159
v -0.927211 2.497765 0.009725
v -0.972003 2.505663 0.009725
v -0.989278 2.407692 0.055159
v -0.944486 2.399794 0.055159
v -0.944486 2.399794 0.009725
v -0.989278 2.407692 0.009725
v -0.927211 2.497765 0.055159
v -2.877586 2.841666 2.122938
v -2.832794 2.833768 2.122938
v -2.832796 2.833769 1.268373
v -2.877588 2.841667 1.268373
v -2.894861 2.743695 2.122938
v -2.850069 2.735797 2.122938
v -2.850071 2.735798 1.268373
v -2.894862 2.743696 1.268373
v -2.832794 2.833768 2.122938
v -2.921902 2.849480 2.122939
v -2.877110 2.841582 2.122938
v -2.877115 2.841585 -0.035227
v -2.921906 2.849483 -0.035227
v -2.939177 2.751509 2.122939
v -2.894385 2.743611 2.122938
v -2.894390 2.743614 -0.035227
v -2.939181 2.751512 -0.035227
v -2.877110 2.841582 2.122938
v -2.966219 2.857295 2.122939
v -2.921427 2.849397 2.122939
v -2.921427 2.849397 -0.394840
v -2.966219 2.857295 -0.394841
v -2.983494 2.759324 2.122939
v -2.938701 2.751426 2.122939
v -2.938703 2.751426 -0.394840
v -2.983495 2.759324 -0.394841
v -2.921427 2.849397 2.122939
v -2.949371 2.709622 2.302744
v -5.383952 2.057278 2.302745
v -5.383952 2.057278 2.122456
v -2.949371 2.709622 2.122455
v -2.996083 2.883954 2.302744
v -5.430665 2.231610 2.302745
v -5.430664 2.231610 2.122456
v -2.996083 2.883954 2.122455
v -5.383952 2.057278 2.302745
v -3.189995 2.738321 2.122936
v -3.494726 2.656668 2.122936
v -3.494728 2.656668 1.897695
v -3.189996 2.738321 1.897695
v -3.201767 2.782254 2.122936
v -3.506498 2.700601 2.122936
v -3.506499 2.700602 1.897695
v -3.201767 2.782254 1.897695
v -3.494726 2.656668 2.122936
v -3.494259 2.656793 2.122936
v -3.798991 2.575141 2.122936
v -3.798992 2.575141 1.583033
v -3.494261 2.656793 1.583033
v -3.506032 2.700727 2.122936
v -3.810763 2.619074 2.122936
v -3.810764 2.619074 1.583033
v -3.506032 2.700727 1.583033
v -3.798991 2.575141 2.122936
v -3.798524 2.575266 2.122936
v -4.103256 2.493613 2.122937
v -4.103256 2.493613 1.313323
v -3.798525 2.575265 1.313323
v -3.810296 2.619199 2.122936
v -4.115027 2.537547 2.122937
v -4.115027 2.537547 1.313323
v -3.810297 2.619199 1.313323
v -4.103256 2.493613 2.122937
v -4.102789 2.493738 2.122937
v -4.320588 2.435380 2.122937
v -4.320588 2.435380 1.043613
v -4.102789 2.493738 1.043613
v -4.114561 2.537672 2.122937
v -4.332359 2.479313 2.122937
v -4.332359 2.479313 1.043613
v -4.114561 2.537672 1.043613
v -4.320588 2.435380 2.122937
v -4.320121 2.435504 2.122937
v -4.537919 2.377146 2.122937
v -4.537918 2.377145 0.818854
v -4.320120 2.435504 0.818854
v -4.331893 2.479437 2.122937
v -4.549691 2.421079 2.122937
v -4.549690 2.421079 0.818854
v -4.331893 2.479437 0.818854
v -4.537919 2.377146 2.122937
v -4.537452 2.377271 2.122937
v -4.624852 2.353852 2.122937
v -4.624852 2.353852 0.683999
v -4.537452 2.377271 0.683999
v -4.549225 2.421204 2.122937
v -4.636623 2.397785 2.122937
v -4.636624 2.397785 0.683999
v -4.549224 2.421204 0.683999
v -4.624852 2.353852 2.122937
v -4.624386 2.353977 2.122937
v -4.711784 2.330558 2.122937
v -4.711784 2.330558 0.549144
v -4.624386 2.353977 0.549144
v -4.636158 2.397910 2.122937
v -4.723557 2.374492 2.122937
v -4.723557 2.374491 0.549144
v -4.636157 2.397910 0.549144
v -4.711784 2.330558 2.122937
v -4.711318 2.330684 2.122937
v -4.798717 2.307265 2.122937
v -4.798718 2.307265 0.369337
v -4.711318 2.330683 0.369337
v -4.723090 2.374617 2.122937
v -4.810491 2.351198 2.122937
v -4.810490 2.351197 0.369337
v -4.723089 2.374617 0.369337
v -4.798717 2.307265 2.122937
v -5.363307 2.155984 2.122937
v -5.407241 2.144212 2.122937
v -5.407241 2.144212 2.032551
v -5.363307 2.155984 2.032551
v -5.375079 2.199917 2.122937
v -5.419012 2.188145 2.122937
v -5.419012 2.188145 2.032551
v -5.375078 2.199917 2.032551
v -5.407241 2.144212 2.122937
v -5.363307 2.155984 2.032551
v -5.319840 2.167630 2.122937
v -5.363774 2.155858 2.122937
v -5.363774 2.155858 1.942648
v -5.319840 2.167630 1.942648
v -5.331614 2.211563 2.122937
v -5.375546 2.199792 2.122937
v -5.375546 2.199792 1.942648
v -5.331613 2.211563 1.942648
v -5.363774 2.155858 2.122937
v -5.319840 2.167630 1.942648
v -5.276376 2.179277 2.122937
v -5.320309 2.167505 2.122937
v -5.320309 2.167505 1.852744
v -5.276376 2.179277 1.852744
v -5.288147 2.223210 2.122937
v -5.332081 2.211438 2.122937
v -5.332080 2.211438 1.852744
v -5.288147 2.223210 1.852744
v -5.320310 2.167505 2.122937
v -5.276376 2.179277 1.852744
v -5.232909 2.190924 2.122937
v -5.276843 2.179152 2.122937
v -5.276843 2.179151 1.807793
v -5.232909 2.190924 1.807793
v -5.244681 2.234857 2.122937
v -5.288614 2.223085 2.122937
v -5.288614 2.223085 1.807793
v -5.244681 2.234856 1.807793
v -5.276843 2.179152 2.122937
v -5.232909 2.190924 1.807793
v -5.189445 2.202570 2.122937
v -5.233377 2.190798 2.122937
v -5.233377 2.190798 1.762841
v -5.189445 2.202570 1.762841
v -5.201217 2.246503 2.122937
v -5.245150 2.234731 2.122937
v -5.245149 2.234731 1.762841
v -5.201217 2.246503 1.762841
v -5.233377 2.190798 2.122937
v -5.189445 2.202570 1.762841
v -5.145979 2.214217 2.122937
v -5.189912 2.202445 2.122937
v -5.189912 2.202445 1.672937
v -5.145979 2.214217 1.672937
v -5.157750 2.258150 2.122937
v -5.201684 2.246378 2.122937
v -5.201683 2.246378 1.672937
v -5.157750 2.258150 1.672937
v -5.189912 2.202445 2.122937
v -5.102512 2.225863 2.122937
v -5.146446 2.214092 2.122937
v -5.146446 2.214092 1.627985
v -5.102512 2.225863 1.627985
v -5.114285 2.269796 2.122937
v -5.158217 2.258024 2.122937
v -5.158217 2.258024 1.627985
v -5.114285 2.269796 1.627985
v -5.146446 2.214092 2.122937
v -5.059047 2.237510 2.122937
v -5.102980 2.225738 2.122937
v -5.102980 2.225738 1.538082
v -5.059047 2.237510 1.538082
v -5.070819 2.281443 2.122937
v -5.114752 2.269671 2.122937
v -5.114752 2.269671 1.538082
v -5.070819 2.281443 1.538082
v -5.102980 2.225738 2.122937
v -5.015581 2.249156 2.122937
v -5.059514 2.237385 2.122937
v -5.059515 2.237384 1.403227
v -5.015581 2.249156 1.403227
v -5.027353 2.293089 2.122937
v -5.071286 2.281318 2.122937
v -5.071286 2.281318 1.403227
v -5.027353 2.293089 1.403227
v -5.059514 2.237385 2.122937
v -4.972116 2.260803 2.122937
v -5.016048 2.249031 2.122937
v -5.016048 2.249031 1.268372
v -4.972116 2.260803 1.268372
v -4.983889 2.304736 2.122937
v -5.027821 2.292964 2.122937
v -5.027821 2.292964 1.268372
v -4.983889 2.304736 1.268372
v -5.016048 2.249031 2.122937
v -4.928650 2.272449 2.122937
v -4.972584 2.260678 2.122937
v -4.972585 2.260678 1.088565
v -4.928651 2.272449 1.088565
v -4.940422 2.316383 2.122937
v -4.984356 2.304611 2.122937
v -4.984356 2.304611 1.088565
v -4.940422 2.316383 1.088565
v -4.972584 2.260678 2.122937
v -4.885184 2.284096 2.122937
v -4.929118 2.272325 2.122937
v -4.929117 2.272324 0.863806
v -4.885184 2.284096 0.863806
v -4.896956 2.328029 2.122937
v -4.940889 2.316257 2.122937
v -4.940889 2.316257 0.863806
v -4.896956 2.328029 0.863806
v -4.929118 2.272325 2.122937
v -4.798252 2.307390 2.122937
v -4.885651 2.283971 2.122937
v -4.885651 2.283971 0.234482
v -4.798252 2.307390 0.234482
v -4.810023 2.351323 2.122937
v -4.897423 2.327904 2.122937
v -4.897422 2.327904 0.234482
v -4.810024 2.351323 0.234482
v -4.885651 2.283971 2.122937
v -4.885184 2.284096 0.279916
v -4.929117 2.272324 0.279916
v -4.929117 2.272324 0.144579
v -4.885184 2.284096 0.144579
v -4.896956 2.328030 0.279916
v -4.940889 2.316257 0.279916
v -4.940889 2.316257 0.144579
v -4.896955 2.328030 0.144579
v -4.929117 2.272324 0.279916
v -4.841720 2.295743 0.055158
v -4.885653 2.283971 0.055158
v -4.885653 2.283971 0.009724
v -4.841720 2.295743 0.009724
v -4.853492 2.339676 0.055158
v -4.897424 2.327904 0.055158
v -4.897424 2.327904 0.009724
v -4.853492 2.339676 0.009723
v -4.885653 2.283971 0.055158
v -4.754785 2.319036 0.234965
v -4.842184 2.295618 0.234965
v -4.842186 2.295618 0.009724
v -4.754786 2.319036 0.009723
v -4.766558 2.362969 0.234965
v -4.853957 2.339551 0.234965
v -4.853957 2.339551 0.009723
v -4.766558 2.362970 0.009723
v -4.842185 2.295618 0.234965
v -4.667851 2.342330 0.369820
v -4.755252 2.318912 0.369820
v -4.755253 2.318912 0.009724
v -4.667853 2.342330 0.009724
v -4.679624 2.386263 0.369820
v -4.767023 2.362844 0.369820
v -4.767025 2.362845 0.009724
v -4.679625 2.386263 0.009724
v -4.755252 2.318912 0.369820
v -4.624386 2.353977 0.414771
v -4.668320 2.342205 0.414771
v -4.668321 2.342205 0.054675
v -4.624387 2.353977 0.054675
v -4.636160 2.397910 0.414771
v -4.680091 2.386138 0.414771
v -4.680092 2.386138 0.054675
v -4.636160 2.397910 0.054675
v -4.668320 2.342205 0.414771
v -4.450521 2.400564 0.639530
v -4.624852 2.353852 0.639530
v -4.624854 2.353852 0.054675
v -4.450521 2.400564 0.054675
v -4.462292 2.444497 0.639530
v -4.636624 2.397785 0.639530
v -4.636625 2.397785 0.054675
v -4.462293 2.444497 0.054675
v -4.624852 2.353852 0.639530
v -4.233189 2.458798 0.864289
v -4.450987 2.400439 0.864289
v -4.450989 2.400439 0.054675
v -4.233191 2.458798 0.054675
v -4.244960 2.502731 0.864289
v -4.462760 2.444372 0.864289
v -4.462760 2.444372 0.054675
v -4.244962 2.502731 0.054675
v -4.450987 2.400439 0.864289
v -4.146255 2.482091 0.954192
v -4.233655 2.458673 0.954192
v -4.233657 2.458673 0.099627
v -4.146257 2.482091 0.099627
v -4.158028 2.526024 0.954192
v -4.245427 2.502606 0.954192
v -4.245428 2.502606 0.099627
v -4.158029 2.526024 0.099627
v -4.233655 2.458673 0.954192
v -3.841991 2.563619 1.223902
v -4.146723 2.481966 1.223902
v -4.146723 2.481966 0.099627
v -3.841992 2.563619 0.099626
v -3.853764 2.607552 1.223902
v -4.158494 2.525900 1.223902
v -4.158495 2.525900 0.099627
v -3.853765 2.607552 0.099626
v -4.146723 2.481966 1.223902
v -3.581194 2.633499 1.448661
v -3.842458 2.563494 1.448661
v -3.842460 2.563493 0.054675
v -3.581195 2.633499 0.054675
v -3.592966 2.677432 1.448661
v -3.854231 2.607427 1.448661
v -3.854231 2.607427 0.054675
v -3.592966 2.677432 0.054675
v -3.842458 2.563494 1.448661
v -3.494261 2.656793 1.538564
v -3.581661 2.633374 1.538564
v -3.581662 2.633374 0.009723
v -3.494262 2.656793 0.009723
v -3.506034 2.700726 1.538564
v -3.593432 2.677308 1.538564
v -3.593433 2.677307 0.009723
v -3.506034 2.700726 0.009723
v -3.581661 2.633374 1.538564
v -3.363862 2.691733 1.673419
v -3.494728 2.656668 1.673419
v -3.494728 2.656668 -0.035229
v -3.363863 2.691733 -0.035229
v -3.375634 2.735667 1.673419
v -3.506500 2.700601 1.673419
v -3.506500 2.700601 -0.035229
v -3.375634 2.735667 -0.035229
v -3.494728 2.656668 1.673419
v -3.276929 2.715027 1.718371
v -3.364329 2.691608 1.718371
v -3.364330 2.691608 -0.080180
v -3.276930 2.715026 -0.080180
v -3.288702 2.758960 1.718371
v -3.376101 2.735541 1.718371
v -3.376102 2.735541 -0.080180
v -3.288702 2.758960 -0.080180
v -3.364329 2.691608 1.718371
v -3.233463 2.726674 1.763323
v -3.277397 2.714902 1.763323
v -3.277397 2.714902 -0.125132
v -3.233464 2.726673 -0.125132
v -3.245235 2.770607 1.763323
v -3.289168 2.758835 1.763323
v -3.289169 2.758835 -0.125132
v -3.245236 2.770607 -0.125132
v -3.277397 2.714902 1.763323
v -3.146531 2.749967 1.853226
v -3.233930 2.726549 1.853226
v -3.233931 2.726548 -0.170084
v -3.146532 2.749967 -0.170084
v -3.158303 2.793900 1.853226
v -3.245703 2.770482 1.853226
v -3.245703 2.770482 -0.170084
v -3.158303 2.793900 -0.170084
v -3.233930 2.726549 1.853226
v -3.103064 2.761614 1.853226
v -3.146998 2.749842 1.853226
v -3.146999 2.749842 -0.259988
v -3.103065 2.761613 -0.259988
v -3.114837 2.805547 1.853226
v -3.158769 2.793775 1.853226
v -3.158770 2.793775 -0.259988
v -3.114837 2.805547 -0.259988
v -3.146998 2.749842 1.853226
v -3.059598 2.773261 1.268854
v -3.103531 2.761489 1.268854
v -3.103533 2.761489 -0.304939
v -3.059598 2.773261 -0.304939
v -3.071370 2.817194 1.268854
v -3.115303 2.805422 1.268854
v -3.115304 2.805422 -0.304939
v -3.071371 2.817194 -0.304939
v -3.103531 2.761489 1.268854
v -3.016133 2.784907 -0.034746
v -3.060067 2.773135 -0.034746
v -3.060067 2.773135 -0.349891
v -3.016133 2.784907 -0.349891
v -3.027905 2.828840 -0.034746
v -3.071838 2.817069 -0.034746
v -3.071838 2.817068 -0.349891
v -3.027905 2.828840 -0.349891
v -3.060067 2.773135 -0.034746
v -3.096078 2.735535 2.122936
v -3.140011 2.723763 2.122936
v -3.140011 2.723763 1.852744
v -3.096078 2.735535 1.852743
v -3.121826 2.831628 2.122936
v -3.165759 2.819856 2.122936
v -3.165758 2.819856 1.852744
v -3.121825 2.831628 1.852743
v -3.140011 2.723763 2.122936
v -3.139544 2.723889 2.122936
v -3.183477 2.712116 2.122936
v -3.183477 2.712116 1.852744
v -3.139544 2.723888 1.852744
v -3.165292 2.819981 2.122936
v -3.209225 2.808209 2.122936
v -3.209225 2.808209 1.852744
v -3.165292 2.819981 1.852744
v -3.183477 2.712116 2.122936
v -3.183010 2.712242 2.077985
v -3.226943 2.700469 2.077985
v -3.226943 2.700469 1.807792
v -3.183010 2.712242 1.807792
v -3.208758 2.808335 2.077985
v -3.252692 2.796562 2.077985
v -3.252691 2.796562 1.807792
v -3.208759 2.808334 1.807792
v -3.226943 2.700469 2.077985
v -3.226476 2.700595 2.033033
v -3.270410 2.688823 2.033033
v -3.270409 2.688823 1.762840
v -3.226476 2.700595 1.762840
v -3.252224 2.796687 2.033033
v -3.296158 2.784916 2.033033
v -3.296157 2.784916 1.762840
v -3.252225 2.796687 1.762840
v -3.270410 2.688823 2.033033
v -3.269942 2.688948 1.988081
v -3.313876 2.677176 1.988081
v -3.313876 2.677176 1.717888
v -3.269943 2.688948 1.717888
v -3.295691 2.785041 1.988081
v -3.339624 2.773269 1.988081
v -3.339623 2.773269 1.717888
v -3.295690 2.785041 1.717888
v -3.313876 2.677176 1.988081
v -3.313409 2.677301 1.988081
v -3.357342 2.665529 1.988081
v -3.357342 2.665529 1.717888
v -3.313409 2.677301 1.717888
v -3.339157 2.773394 1.988081
v -3.383091 2.761622 1.988081
v -3.383090 2.761622 1.717888
v -3.339157 2.773394 1.717888
v -3.357342 2.665529 1.988081
v -3.356875 2.665655 1.943130
v -3.400809 2.653883 1.943130
v -3.400808 2.653883 1.672937
v -3.356875 2.665654 1.672937
v -3.382624 2.761747 1.943130
v -3.426557 2.749975 1.943130
v -3.426556 2.749975 1.672937
v -3.382624 2.761747 1.672937
v -3.400809 2.653883 1.943130
v -3.400342 2.654008 1.898178
v -3.444275 2.642236 1.898178
v -3.444275 2.642236 1.627985
v -3.400342 2.654008 1.627985
v -3.426090 2.750100 1.898178
v -3.470023 2.738329 1.898178
v -3.470022 2.738329 1.627985
v -3.426089 2.750100 1.627985
v -3.444275 2.642236 1.898178
v -3.443808 2.642361 1.898178
v -3.487742 2.630589 1.898178
v -3.487741 2.630589 1.583033
v -3.443807 2.642361 1.583033
v -3.469556 2.738454 1.898178
v -3.513489 2.726682 1.898178
v -3.513488 2.726682 1.583033
v -3.469556 2.738453 1.583033
v -3.487742 2.630589 1.898178
v -3.444275 2.642236 1.627985
v -3.487274 2.630714 1.853226
v -3.531208 2.618942 1.853226
v -3.531207 2.618942 1.538082
v -3.487273 2.630714 1.538082
v -3.513023 2.726807 1.853226
v -3.556956 2.715035 1.853226
v -3.556954 2.715035 1.538082
v -3.513022 2.726806 1.538082
v -3.531208 2.618942 1.853226
v -3.530741 2.619067 1.808275
v -3.574674 2.607296 1.808275
v -3.574674 2.607296 1.493130
v -3.530740 2.619067 1.493130
v -3.556489 2.715160 1.808275
v -3.600422 2.703388 1.808275
v -3.600421 2.703388 1.493130
v -3.556488 2.715160 1.493130
v -3.574674 2.607296 1.808275
v -3.574207 2.607421 1.763323
v -3.618140 2.595649 1.763323
v -3.618140 2.595648 1.448178
v -3.574206 2.607420 1.448178
v -3.599955 2.703513 1.763323
v -3.643888 2.691742 1.763323
v -3.643887 2.691741 1.448178
v -3.599954 2.703513 1.448178
v -3.618140 2.595649 1.763323
v -3.617673 2.595774 1.718371
v -3.661606 2.584002 1.718371
v -3.661606 2.584002 1.448178
v -3.617672 2.595773 1.448178
v -3.643422 2.691866 1.718371
v -3.687355 2.680095 1.718371
v -3.687354 2.680094 1.448178
v -3.643421 2.691866 1.448178
v -3.661606 2.584002 1.718371
v -3.661140 2.584127 1.673419
v -3.705072 2.572355 1.673419
v -3.705072 2.572355 1.403226
v -3.661139 2.584127 1.403226
v -3.686888 2.680220 1.673419
v -3.730821 2.668448 1.673419
v -3.730820 2.668448 1.403226
v -3.686887 2.680220 1.403226
v -3.705072 2.572355 1.673419
v -3.704606 2.572480 1.628468
v -3.748539 2.560709 1.628468
v -3.748539 2.560708 1.358275
v -3.704605 2.572480 1.358275
v -3.730354 2.668573 1.628468
v -3.774287 2.656801 1.628468
v -3.774286 2.656801 1.358275
v -3.730353 2.668573 1.358275
v -3.748539 2.560709 1.628468
v -3.748071 2.560833 1.583516
v -3.792005 2.549062 1.583516
v -3.792005 2.549061 1.313323
v -3.748071 2.560833 1.313323
v -3.773821 2.656926 1.583516
v -3.817753 2.645154 1.583516
v -3.817753 2.645154 1.313323
v -3.773820 2.656926 1.313323
v -3.792005 2.549062 1.583516
v -3.791538 2.549186 1.538564
v -3.835471 2.537415 1.538564
v -3.835471 2.537415 1.268371
v -3.791538 2.549186 1.268371
v -3.817287 2.645279 1.538564
v -3.861220 2.633507 1.538564
v -3.861219 2.633507 1.268371
v -3.817286 2.645279 1.268371
v -3.835471 2.537415 1.538564
v -3.835004 2.537540 1.493613
v -3.878938 2.525768 1.493613
v -3.878938 2.525768 1.223420
v -3.835004 2.537540 1.223420
v -3.860753 2.633632 1.493613
v -3.904685 2.621861 1.493613
v -3.904685 2.621861 1.223420
v -3.860752 2.633632 1.223420
v -3.878938 2.525768 1.493613
v -3.878470 2.525893 1.493613
v -3.922404 2.514121 1.493613
v -3.922404 2.514121 1.223420
v -3.878470 2.525893 1.223420
v -3.904219 2.621986 1.493613
v -3.948152 2.610214 1.493613
v -3.948151 2.610214 1.223420
v -3.904218 2.621986 1.223420
v -3.922404 2.514121 1.493613
v -3.921937 2.514246 1.448661
v -3.965870 2.502474 1.448661
v -3.965870 2.502474 1.178468
v -3.921937 2.514246 1.178468
v -3.947686 2.610339 1.448661
v -3.991619 2.598567 1.448661
v -3.991618 2.598567 1.178468
v -3.947684 2.610339 1.178468
v -3.965870 2.502474 1.448661
v -3.965403 2.502599 1.403709
v -4.009336 2.490828 1.403709
v -4.009336 2.490827 1.133516
v -3.965403 2.502599 1.133516
v -3.991152 2.598692 1.403709
v -4.035084 2.586920 1.403709
v -4.035084 2.586920 1.133516
v -3.991150 2.598692 1.133516
v -4.009336 2.490828 1.403709
v -4.008869 2.490953 1.358757
v -4.052803 2.479181 1.358757
v -4.052803 2.479180 1.088565
v -4.008869 2.490953 1.088565
v -4.034618 2.587045 1.358757
v -4.078550 2.575273 1.358757
v -4.078550 2.575273 1.088565
v -4.034616 2.587045 1.088565
v -4.052803 2.479181 1.358757
v -4.052336 2.479306 1.313806
v -4.096270 2.467534 1.313806
v -4.096270 2.467534 1.043613
v -4.052336 2.479306 1.043613
v -4.078085 2.575399 1.313806
v -4.122017 2.563627 1.313806
v -4.122017 2.563627 1.043613
v -4.078083 2.575398 1.043613
v -4.096270 2.467534 1.313806
v -4.095802 2.467659 1.268854
v -4.139735 2.455887 1.268854
v -4.139734 2.455887 0.998661
v -4.095802 2.467659 0.998661
v -4.121551 2.563752 1.268854
v -4.165483 2.551980 1.268854
v -4.165482 2.551980 0.998661
v -4.121549 2.563751 0.998661
v -4.139735 2.455887 1.268854
v -4.139268 2.456012 1.223902
v -4.183202 2.444240 1.223902
v -4.183200 2.444240 0.953709
v -4.139267 2.456012 0.953709
v -4.165016 2.552105 1.223902
v -4.208949 2.540333 1.223902
v -4.208948 2.540333 0.953709
v -4.165014 2.552105 0.953709
v -4.183202 2.444240 1.223902
v -4.182734 2.444366 1.178951
v -4.226668 2.432593 1.178951
v -4.226666 2.432593 0.908758
v -4.182734 2.444366 0.908758
v -4.208483 2.540458 1.178951
v -4.252416 2.528686 1.178951
v -4.252414 2.528686 0.908758
v -4.208481 2.540458 0.908758
v -4.226668 2.432593 1.178951
v -4.226201 2.432719 1.133999
v -4.270135 2.420947 1.133999
v -4.270133 2.420947 0.863806
v -4.226200 2.432719 0.863806
v -4.251949 2.528811 1.133999
v -4.295882 2.517040 1.133999
v -4.295880 2.517039 0.863806
v -4.251947 2.528811 0.863806
v -4.270135 2.420947 1.133999
v -4.269667 2.421072 1.044096
v -4.313601 2.409300 1.044096
v -4.313599 2.409300 0.818855
v -4.269667 2.421072 0.818855
v -4.295415 2.517164 1.044096
v -4.339348 2.505393 1.044096
v -4.339348 2.505393 0.818855
v -4.295415 2.517164 0.818855
v -4.313601 2.409300 1.044096
v -4.313132 2.409425 0.999144
v -4.357065 2.397653 0.999144
v -4.357064 2.397653 0.773903
v -4.313131 2.409425 0.773903
v -4.338880 2.505518 0.999144
v -4.382813 2.493746 0.999144
v -4.382812 2.493746 0.773903
v -4.338880 2.505518 0.773903
v -4.357065 2.397653 0.999144
v -4.356599 2.397779 0.954192
v -4.400532 2.386006 0.954192
v -4.400531 2.386006 0.728951
v -4.356599 2.397778 0.728951
v -4.382347 2.493871 0.954192
v -4.426280 2.482099 0.954192
v -4.426278 2.482099 0.728951
v -4.382347 2.493871 0.728951
v -4.400532 2.386006 0.954192
v -4.400065 2.386132 0.909241
v -4.443999 2.374360 0.909241
v -4.443997 2.374360 0.684000
v -4.400064 2.386131 0.684000
v -4.425813 2.482224 0.909241
v -4.469747 2.470452 0.909241
v -4.469745 2.470452 0.684000
v -4.425813 2.482224 0.684000
v -4.443999 2.374360 0.909241
v -4.443531 2.374485 0.864289
v -4.487464 2.362713 0.864289
v -4.487463 2.362713 0.639048
v -4.443531 2.374485 0.639048
v -4.469279 2.470577 0.864289
v -4.513212 2.458806 0.864289
v -4.513212 2.458806 0.639048
v -4.469279 2.470577 0.639048
v -4.487464 2.362713 0.864289
v -4.486997 2.362838 0.819337
v -4.530930 2.351066 0.819337
v -4.530930 2.351066 0.594096
v -4.486996 2.362838 0.594096
v -4.512745 2.458931 0.819337
v -4.556678 2.447159 0.819337
v -4.556677 2.447159 0.594096
v -4.512745 2.458931 0.594096
v -4.530930 2.351066 0.819337
v -4.530463 2.351191 0.729434
v -4.574396 2.339419 0.729434
v -4.574396 2.339419 0.549145
v -4.530463 2.351191 0.549145
v -4.556211 2.447284 0.729434
v -4.600144 2.435512 0.729434
v -4.600144 2.435512 0.549145
v -4.556211 2.447284 0.549145
v -4.574396 2.339419 0.729434
v -4.573930 2.339545 0.684482
v -4.617864 2.327773 0.684482
v -4.617864 2.327773 0.504193
v -4.573929 2.339544 0.504193
v -4.599678 2.435637 0.684482
v -4.643611 2.423865 0.684482
v -4.643610 2.423865 0.504193
v -4.599677 2.435637 0.504193
v -4.617864 2.327773 0.684482
v -4.617395 2.327898 0.639530
v -4.661328 2.316126 0.639530
v -4.661328 2.316126 0.414290
v -4.617395 2.327898 0.414290
v -4.643144 2.423990 0.639530
v -4.687077 2.412219 0.639530
v -4.687077 2.412219 0.414290
v -4.643144 2.423990 0.414290
v -4.661328 2.316126 0.639530
v -4.660861 2.316251 0.549627
v -4.704796 2.304479 0.549627
v -4.704796 2.304479 0.369338
v -4.660861 2.316251 0.369338
v -4.686610 2.412343 0.549627
v -4.730542 2.400571 0.549627
v -4.730542 2.400571 0.369338
v -4.686609 2.412343 0.369338
v -4.704796 2.304479 0.549627
v -4.704328 2.304604 0.459723
v -4.748261 2.292832 0.459724
v -4.748261 2.292832 0.279435
v -4.704328 2.304604 0.279435
v -4.730077 2.400697 0.459723
v -4.774009 2.388925 0.459724
v -4.774009 2.388925 0.279435
v -4.730076 2.400697 0.279435
v -4.748261 2.292832 0.459724
v -4.747794 2.292957 0.369820
v -4.791728 2.281185 0.369820
v -4.791728 2.281185 0.234483
v -4.747794 2.292957 0.234483
v -4.773542 2.389050 0.369820
v -4.817475 2.377278 0.369820
v -4.817475 2.377278 0.234483
v -4.773541 2.389050 0.234483
v -4.791728 2.281185 0.369820
v -4.791260 2.281310 0.279917
v -4.835194 2.269538 0.279917
v -4.835193 2.269538 0.144579
v -4.791260 2.281310 0.144579
v -4.817008 2.377403 0.279917
v -4.860941 2.365631 0.279917
v -4.860941 2.365631 0.144579
v -4.817008 2.377403 0.144579
v -4.835194 2.269538 0.279917
v -4.834726 2.269663 0.234965
v -4.878660 2.257892 0.234965
v -4.878661 2.257892 0.054676
v -4.834728 2.269663 0.054676
v -4.860475 2.365756 0.234965
v -4.904408 2.353984 0.234965
v -4.904408 2.353984 0.054676
v -4.860476 2.365756 0.054676
v -4.878660 2.257892 0.234965
v -4.878193 2.258017 0.145062
v -4.922126 2.246245 0.145062
v -4.922126 2.246245 0.009724
v -4.878194 2.258017 0.009724
v -4.903941 2.354110 0.145062
v -4.947874 2.342338 0.145062
v -4.947873 2.342338 0.009724
v -4.903941 2.354110 0.009724
v -4.922126 2.246245 0.145062
v -4.921659 2.246370 0.055158
v -4.965593 2.234598 0.055158
v -4.965592 2.234598 0.009724
v -4.921660 2.246370 0.009724
v -4.947408 2.342463 0.055158
v -4.991342 2.330690 0.055158
v -4.991340 2.330691 0.009724
v -4.947408 2.342463 0.009724
v -4.965593 2.234598 0.055158
v -3.052611 2.747182 2.122936
v -3.096545 2.735410 2.122936
v -3.096543 2.735410 1.268371
v -3.052610 2.747181 1.268371
v -3.078359 2.843275 2.122936
v -3.122293 2.831503 2.122936
v -3.122291 2.831503 1.268371
v -3.078358 2.843274 1.268371
v -3.096545 2.735410 2.122936
v -3.009145 2.758829 2.122936
v -3.053078 2.747057 2.122936
v -3.053075 2.747055 -0.035229
v -3.009142 2.758827 -0.035229
v -3.034893 2.854922 2.122936
v -3.078826 2.843149 2.122936
v -3.078823 2.843148 -0.035229
v -3.034890 2.854920 -0.035229
v -3.053078 2.747057 2.122936
v -2.965677 2.770475 2.122936
v -3.009611 2.758703 2.122936
v -3.009613 2.758703 -0.394843
v -2.965679 2.770474 -0.394843
v -2.991426 2.866568 2.122936
v -3.035359 2.854796 2.122936
v -3.035360 2.854795 -0.394843
v -2.991427 2.866567 -0.394843
v -3.009611 2.758703 2.122936
v 0.020248 1.644867 2.797214
v 0.560486 1.644867 1.897938
v 0.560486 2.185104 2.797214
v -0.519989 1.644867 1.897938
v -0.519989 2.185104 2.797214
v 0.020248 1.644867 0.998662
v -0.519989 2.185104 0.998662
v 0.560485 2.185104 0.998662
v 0.020248 2.725342 2.797214
v 0.560485 2.725342 1.897938
v -0.519989 2.725342 1.897938
v 0.020248 2.725342 0.998662
v 0.020248 1.644867 1.897938
v 0.020248 2.725342 1.897938
v 0.020248 2.185104 2.797214
v -0.519989 2.185104 1.897938
v 0.020248 2.185104 0.998662
v 0.560486 2.185104 1.897938
v 0.347525 2.489869 5.763546
v -0.372475 2.489869 5.043546
v 0.347525 2.489869 5.043546
v -0.372475 2.489869 5.763546
v -0.102475 2.489869 5.763546
v -0.102475 2.489869 5.043546
v 0.077525 2.489869 5.043546
v 0.077525 2.489869 5.763546
v 0.257525 2.489869 5.043546
v 0.257525 2.489869 5.763546
v -0.282475 2.489869 5.043546
v 0.167525 2.489869 5.763546
v 0.167525 2.489869 5.043546
v -0.192475 2.489869 5.043546
v -0.372475 2.489869 5.763546
v -0.282475 2.489869 5.763546
v -0.192475 2.489869 5.763546
v 3.619508 25.118862 6.910977
v 3.628942 25.118862 6.910977
v 3.619508 25.118862 6.901543
v 3.628942 25.118862 6.901543
v 3.647812 25.118862 6.901543
v 3.638377 25.118862 6.901543
v 3.647812 25.118862 6.910977
v 3.638377 25.118862 6.910977
v 3.628942 25.118862 6.907675
v 3.638377 25.118862 6.907675
v 3.628942 25.118862 6.905316
v 3.638377 25.118862 6.905316
v 3.533978 26.953182 9.455070
v 3.533978 26.953182 8.469145
v 3.578955 26.953182 8.469145
v 3.578955 26.953182 9.455070
v 3.533978 26.998161 9.455070
v 3.533978 26.998161 8.469145
v 3.578955 26.998161 8.469145
v 3.578955 26.998161 9.455070
v 3.466305 24.938782 9.368896
v 3.296848 24.938782 9.466732
v 3.296848 24.938782 9.662405
v 3.466305 24.938782 9.760241
v 3.635762 24.938782 9.662405
v 3.635762 24.938782 9.466732
v 3.059524 24.580019 9.991474
v 2.979531 24.580019 9.991474
v 2.979531 24.580019 10.167778
v 3.059524 24.580019 10.167778
v 2.931862 24.580019 10.167777
v 3.107193 24.580019 10.167778
v 3.019527 24.580019 10.278284
v 3.650174 25.808046 9.831150
v 3.650603 25.807825 9.831150
v 3.651069 25.807661 9.831150
v 3.651572 25.807560 9.831150
v 3.652107 25.807524 9.831150
v 3.652450 25.807535 9.831150
v 3.652792 25.807566 9.831150
v 3.653134 25.807619 9.831150
v 3.653475 25.807692 9.831150
v 3.653816 25.807787 9.831150
v 3.654155 25.807903 9.831150
v 3.654492 25.808043 9.831150
v 3.654828 25.808203 9.831150
v 3.655163 25.808384 9.831150
v 3.655495 25.808588 9.831150
v 3.655824 25.808813 9.831150
v 3.656152 25.809061 9.831150
v 3.656228 25.808805 9.831150
v 3.656322 25.808577 9.831150
v 3.656436 25.808371 9.831150
v 3.656570 25.808187 9.831150
v 3.656724 25.808027 9.831150
v 3.656899 25.807892 9.831150
v 3.657096 25.807777 9.831150
v 3.657315 25.807684 9.831150
v 3.657557 25.807613 9.831150
v 3.657822 25.807564 9.831150
v 3.658111 25.807533 9.831150
v 3.658424 25.807524 9.831150
v 3.658651 25.807529 9.831150
v 3.658867 25.807549 9.831150
v 3.659075 25.807579 9.831150
v 3.659281 25.807627 9.831150
v 3.659487 25.807690 9.831150
v 3.659698 25.807770 9.831150
v 3.659919 25.807869 9.831150
v 3.660152 25.807989 9.831150
v 3.660403 25.808130 9.831150
v 3.660675 25.808294 9.831150
v 3.660972 25.808481 9.831150
v 3.661299 25.808693 9.831150
v 3.661299 25.810499 9.831150
v 3.661133 25.810377 9.831150
v 3.660971 25.810265 9.831150
v 3.660814 25.810162 9.831150
v 3.660661 25.810068 9.831150
v 3.660515 25.809984 9.831150
v 3.660375 25.809910 9.831150
v 3.660244 25.809845 9.831150
v 3.660120 25.809793 9.831150
v 3.660006 25.809752 9.831150
v 3.659902 25.809721 9.831150
v 3.659809 25.809702 9.831150
v 3.659728 25.809696 9.831150
v 3.659639 25.809700 9.831150
v 3.659558 25.809713 9.831150
v 3.659484 25.809736 9.831150
v 3.659417 25.809769 9.831150
v 3.659358 25.809813 9.831150
v 3.659306 25.809868 9.831150
v 3.659262 25.809935 9.831150
v 3.659225 25.810013 9.831150
v 3.659197 25.810104 9.831150
v 3.659176 25.810211 9.831150
v 3.659164 25.810331 9.831150
v 3.659160 25.810465 9.831150
v 3.659160 25.818186 9.831150
v 3.659111 25.818998 9.831150
v 3.658967 25.819736 9.831150
v 3.658736 25.820396 9.831150
v 3.658423 25.820984 9.831150
v 3.658035 25.821497 9.831150
v 3.657576 25.821938 9.831150
v 3.657055 25.822308 9.831150
v 3.656476 25.822607 9.831150
v 3.655846 25.822838 9.831150
v 3.655171 25.823002 9.831150
v 3.654458 25.823099 9.831150
v 3.653712 25.823132 9.831150
v 3.653180 25.823118 9.831150
v 3.652670 25.823076 9.831150
v 3.652182 25.823006 9.831150
v 3.651715 25.822908 9.831150
v 3.651270 25.822781 9.831150
v 3.650846 25.822626 9.831150
v 3.650443 25.822443 9.831150
v 3.650060 25.822231 9.831150
v 3.649698 25.821989 9.831150
v 3.649356 25.821720 9.831150
v 3.649034 25.821421 9.831150
v 3.648732 25.821093 9.831150
v 3.648732 25.817852 9.831150
v 3.649096 25.818258 9.831150
v 3.649469 25.818626 9.831150
v 3.649849 25.818956 9.831150
v 3.650237 25.819250 9.831150
v 3.650631 25.819508 9.831150
v 3.651030 25.819727 9.831150
v 3.651433 25.819912 9.831150
v 3.651839 25.820063 9.831150
v 3.652247 25.820177 9.831150
v 3.652658 25.820259 9.831150
v 3.653068 25.820309 9.831150
v 3.653478 25.820324 9.831150
v 3.653910 25.820309 9.831150
v 3.654305 25.820259 9.831150
v 3.654662 25.820175 9.831150
v 3.654982 25.820057 9.831150
v 3.655264 25.819901 9.831150
v 3.655508 25.819706 9.831150
v 3.655715 25.819473 9.831150
v 3.655884 25.819201 9.831150
v 3.656016 25.818886 9.831150
v 3.656110 25.818529 9.831150
v 3.656166 25.818129 9.831150
v 3.656185 25.817684 9.831150
v 3.656185 25.816881 9.831150
v 3.653545 25.815947 9.831150
v 3.652939 25.815727 9.831150
v 3.652330 25.815500 9.831150
v 3.651731 25.815256 9.831150
v 3.651150 25.814991 9.831150
v 3.650598 25.814695 9.831150
v 3.650085 25.814363 9.831150
v 3.649623 25.813986 9.831150
v 3.649222 25.813560 9.831150
v 3.648892 25.813074 9.831150
v 3.648643 25.812525 9.831150
v 3.648486 25.811901 9.831150
v 3.648431 25.811201 9.831150
v 3.648461 25.810720 9.831150
v 3.648550 25.810255 9.831150
v 3.648695 25.809809 9.831150
v 3.648894 25.809385 9.831150
v 3.649144 25.808992 9.831150
v 3.649442 25.808636 9.831150
v 3.649786 25.808317 9.831150
v 3.582375 25.820148 9.831150
v 3.582607 25.820072 9.831150
v 3.582844 25.819986 9.831150
v 3.583091 25.819891 9.831150
v 3.583091 25.810331 9.831150
v 3.580083 25.810331 9.831150
v 3.579269 25.810375 9.831150
v 3.578548 25.810501 9.831150
v 3.577915 25.810703 9.831150
v 3.577365 25.810982 9.831150
v 3.576896 25.811327 9.831150
v 3.576502 25.811735 9.831150
v 3.576180 25.812202 9.831150
v 3.575926 25.812723 9.831150
v 3.575735 25.813292 9.831150
v 3.575604 25.813906 9.831150
v 3.575528 25.814558 9.831150
v 3.575504 25.815245 9.831150
v 3.575544 25.816008 9.831150
v 3.575661 25.816721 9.831150
v 3.575851 25.817385 9.831150
v 3.576113 25.817993 9.831150
v 3.576441 25.818542 9.831150
v 3.576832 25.819029 9.831150
v 3.577284 25.819452 9.831150
v 3.577791 25.819805 9.831150
v 3.578352 25.820086 9.831150
v 3.578962 25.820290 9.831150
v 3.579618 25.820415 9.831150
v 3.580317 25.820457 9.831150
v 3.580563 25.820456 9.831150
v 3.580801 25.820444 9.831150
v 3.581032 25.820425 9.831150
v 3.581259 25.820400 9.831150
v 3.581482 25.820366 9.831150
v 3.581704 25.820324 9.831150
v 3.581925 25.820274 9.831150
v 3.582149 25.820215 9.831150
v 3.543351 25.827677 9.831150
v 3.553010 25.827677 9.831150
v 3.553010 25.830618 9.831150
v 3.540076 25.830618 9.831150
v 3.540076 25.807825 9.831150
v 3.553311 25.807825 9.831150
v 3.553311 25.810766 9.831150
v 3.543351 25.810766 9.831150
v 3.543351 25.817852 9.831150
v 3.552676 25.817852 9.831150
v 3.552676 25.820793 9.831150
v 3.543351 25.820793 9.831150
v 3.628215 25.820274 9.831150
v 3.628438 25.820215 9.831150
v 3.628665 25.820148 9.831150
v 3.628896 25.820072 9.831150
v 3.629134 25.819986 9.831150
v 3.629380 25.819891 9.831150
v 3.629380 25.810331 9.831150
v 3.626372 25.810331 9.831150
v 3.625559 25.810375 9.831150
v 3.624838 25.810501 9.831150
v 3.624205 25.810703 9.831150
v 3.623655 25.810982 9.831150
v 3.623186 25.811327 9.831150
v 3.622792 25.811735 9.831150
v 3.622470 25.812202 9.831150
v 3.622216 25.812723 9.831150
v 3.622025 25.813292 9.831150
v 3.621894 25.813906 9.831150
v 3.621818 25.814558 9.831150
v 3.621794 25.815245 9.831150
v 3.621833 25.816008 9.831150
v 3.621950 25.816721 9.831150
v 3.622141 25.817385 9.831150
v 3.622403 25.817993 9.831150
v 3.622731 25.818542 9.831150
v 3.623122 25.819029 9.831150
v 3.623573 25.819452 9.831150
v 3.624081 25.819805 9.831150
v 3.624642 25.820086 9.831150
v 3.625252 25.820290 9.831150
v 3.625908 25.820415 9.831150
v 3.626606 25.820457 9.831150
v 3.626853 25.820456 9.831150
v 3.627090 25.820444 9.831150
v 3.627322 25.820425 9.831150
v 3.627548 25.820400 9.831150
v 3.627772 25.820366 9.831150
v 3.627993 25.820324 9.831150
v 3.663727 25.815241 9.831150
v 3.663844 25.815039 9.831150
v 3.663972 25.814844 9.831150
v 3.664120 25.814646 9.831150
v 3.664279 25.814457 9.831150
v 3.664449 25.814274 9.831150
v 3.664630 25.814096 9.831150
v 3.664822 25.813929 9.831150
v 3.665025 25.813765 9.831150
v 3.665240 25.813610 9.831150
v 3.665465 25.813461 9.831150
v 3.665702 25.813320 9.831150
v 3.665950 25.813187 9.831150
v 3.666209 25.813059 9.831150
v 3.666479 25.812939 9.831150
v 3.666479 25.812872 9.831150
v 3.666131 25.812778 9.831150
v 3.665804 25.812664 9.831150
v 3.665502 25.812532 9.831150
v 3.665225 25.812384 9.831150
v 3.664975 25.812220 9.831150
v 3.664754 25.812040 9.831150
v 3.664562 25.811848 9.831150
v 3.664402 25.811644 9.831150
v 3.664275 25.811428 9.831150
v 3.664182 25.811205 9.831150
v 3.664125 25.810972 9.831150
v 3.664106 25.810732 9.831150
v 3.664116 25.810566 9.831150
v 3.664146 25.810404 9.831150
v 3.664196 25.810242 9.831150
v 3.664266 25.810083 9.831150
v 3.664357 25.809925 9.831150
v 3.664470 25.809767 9.831150
v 3.664604 25.809610 9.831150
v 3.664760 25.809456 9.831150
v 3.664938 25.809299 9.831150
v 3.665139 25.809143 9.831150
v 3.665363 25.808985 9.831150
v 3.665610 25.808826 9.831150
v 3.664988 25.808655 9.831150
v 3.664425 25.808453 9.831150
v 3.663920 25.808222 9.831150
v 3.663472 25.807961 9.831150
v 3.663081 25.807669 9.831150
v 3.662744 25.807344 9.831150
v 3.662462 25.806988 9.831150
v 3.662233 25.806597 9.831150
v 3.662057 25.806171 9.831150
v 3.661932 25.805712 9.831150
v 3.661858 25.805216 9.831150
v 3.661834 25.804684 9.831150
v 3.661892 25.804039 9.831150
v 3.662065 25.803429 9.831150
v 3.662346 25.802858 9.831150
v 3.662728 25.802332 9.831150
v 3.663207 25.801849 9.831150
v 3.663776 25.801420 9.831150
v 3.664429 25.801044 9.831150
v 3.665161 25.800730 9.831150
v 3.665965 25.800476 9.831150
v 3.666835 25.800291 9.831150
v 3.667766 25.800177 9.831150
v 3.668752 25.800138 9.831150
v 3.669825 25.800175 9.831150
v 3.670820 25.800285 9.831150
v 3.671734 25.800467 9.831150
v 3.672565 25.800716 9.831150
v 3.673308 25.801031 9.831150
v 3.673962 25.801413 9.831150
v 3.674523 25.801853 9.831150
v 3.674988 25.802357 9.831150
v 3.675355 25.802916 9.831150
v 3.675621 25.803530 9.831150
v 3.675783 25.804197 9.831150
v 3.675837 25.804916 9.831150
v 3.675813 25.805387 9.831150
v 3.675738 25.805843 9.831150
v 3.675610 25.806284 9.831150
v 3.675424 25.806705 9.831150
v 3.675178 25.807106 9.831150
v 3.674868 25.807482 9.831150
v 3.674492 25.807833 9.831150
v 3.674045 25.808153 9.831150
v 3.673525 25.808441 9.831150
v 3.672928 25.808697 9.831150
v 3.672252 25.808916 9.831150
v 3.671493 25.809095 9.831150
v 3.670770 25.809244 9.831150
v 3.670109 25.809389 9.831150
v 3.669508 25.809534 9.831150
v 3.668968 25.809679 9.831150
v 3.668491 25.809826 9.831150
v 3.668075 25.809977 9.831150
v 3.667722 25.810131 9.831150
v 3.667432 25.810293 9.831150
v 3.667206 25.810463 9.831150
v 3.667044 25.810640 9.831150
v 3.666946 25.810831 9.831150
v 3.666914 25.811033 9.831150
v 3.666995 25.811420 9.831150
v 3.667225 25.811710 9.831150
v 3.667582 25.811924 9.831150
v 3.668045 25.812082 9.831150
v 3.668592 25.812206 9.831150
v 3.669203 25.812315 9.831150
v 3.669855 25.812433 9.831150
v 3.670528 25.812580 9.831150
v 3.671200 25.812777 9.831150
v 3.671849 25.813044 9.831150
v 3.672456 25.813402 9.831150
v 3.672997 25.813873 9.831150
v 3.673172 25.814064 9.831150
v 3.673344 25.814281 9.831150
v 3.673512 25.814524 9.831150
v 3.673672 25.814787 9.831150
v 3.673823 25.815067 9.831150
v 3.673962 25.815361 9.831150
v 3.674085 25.815668 9.831150
v 3.674192 25.815981 9.831150
v 3.674280 25.816299 9.831150
v 3.674345 25.816620 9.831150
v 3.674386 25.816936 9.831150
v 3.674400 25.817249 9.831150
v 3.674392 25.817558 9.831150
v 3.674365 25.817852 9.831150
v 3.674319 25.818132 9.831150
v 3.674253 25.818403 9.831150
v 3.674165 25.818666 9.831150
v 3.674053 25.818926 9.831150
v 3.673918 25.819181 9.831150
v 3.673757 25.819439 9.831150
v 3.673568 25.819698 9.831150
v 3.673352 25.819965 9.831150
v 3.673106 25.820240 9.831150
v 3.672829 25.820524 9.831150
v 3.675904 25.820524 9.831150
v 3.675904 25.822832 9.831150
v 3.669721 25.822832 9.831150
v 3.668743 25.822790 9.831150
v 3.667832 25.822670 9.831150
v 3.666991 25.822474 9.831150
v 3.666225 25.822201 9.831150
v 3.665537 25.821857 9.831150
v 3.664929 25.821444 9.831150
v 3.664406 25.820965 9.831150
v 3.663970 25.820419 9.831150
v 3.663625 25.819815 9.831150
v 3.663375 25.819149 9.831150
v 3.663222 25.818426 9.831150
v 3.663170 25.817652 9.831150
v 3.663176 25.817379 9.831150
v 3.663193 25.817114 9.831150
v 3.663220 25.816854 9.831150
v 3.663260 25.816603 9.831150
v 3.663310 25.816359 9.831150
v 3.663371 25.816122 9.831150
v 3.663443 25.815891 9.831150
v 3.663527 25.815668 9.831150
v 3.663621 25.815451 9.831150
v 3.615029 25.819416 9.831150
v 3.615274 25.819231 9.831150
v 3.615513 25.819033 9.831150
v 3.615744 25.818821 9.831150
v 3.617315 25.821394 9.831150
v 3.617008 25.821674 9.831150
v 3.616704 25.821930 9.831150
v 3.616404 25.822159 9.831150
v 3.616106 25.822365 9.831150
v 3.615809 25.822546 9.831150
v 3.615514 25.822702 9.831150
v 3.615220 25.822834 9.831150
v 3.614926 25.822941 9.831150
v 3.614631 25.823025 9.831150
v 3.614336 25.823084 9.831150
v 3.614038 25.823120 9.831150
v 3.613739 25.823132 9.831150
v 3.613387 25.823109 9.831150
v 3.613034 25.823038 9.831150
v 3.612679 25.822918 9.831150
v 3.612323 25.822748 9.831150
v 3.611964 25.822527 9.831150
v 3.611604 25.822250 9.831150
v 3.611242 25.821920 9.831150
v 3.610877 25.821533 9.831150
v 3.610510 25.821087 9.831150
v 3.610141 25.820583 9.831150
v 3.609769 25.820017 9.831150
v 3.609394 25.819389 9.831150
v 3.609327 25.819389 9.831150
v 3.609327 25.822832 9.831150
v 3.606353 25.822832 9.831150
v 3.606353 25.807825 9.831150
v 3.609327 25.807825 9.831150
v 3.609327 25.815680 9.831150
v 3.609360 25.816311 9.831150
v 3.609455 25.816914 9.831150
v 3.609610 25.817486 9.831150
v 3.609818 25.818018 9.831150
v 3.610078 25.818508 9.831150
v 3.610384 25.818951 9.831150
v 3.610733 25.819338 9.831150
v 3.611120 25.819668 9.831150
v 3.611541 25.819933 9.831150
v 3.611992 25.820127 9.831150
v 3.612470 25.820250 9.831150
v 3.612970 25.820292 9.831150
v 3.613155 25.820278 9.831150
v 3.613357 25.820242 9.831150
v 3.613573 25.820183 9.831150
v 3.613801 25.820103 9.831150
v 3.614038 25.820002 9.831150
v 3.614282 25.819881 9.831150
v 3.614530 25.819744 9.831150
v 3.614780 25.819588 9.831150
v 3.600430 25.808117 9.831150
v 3.600887 25.808302 9.831150
v 3.601337 25.808512 9.831150
v 3.601783 25.808746 9.831150
v 3.602228 25.809008 9.831150
v 3.602676 25.809296 9.831150
v 3.602676 25.812170 9.831150
v 3.602242 25.811895 9.831150
v 3.601809 25.811642 9.831150
v 3.601377 25.811409 9.831150
v 3.600944 25.811197 9.831150
v 3.600511 25.811007 9.831150
v 3.600077 25.810841 9.831150
v 3.599642 25.810698 9.831150
v 3.599205 25.810579 9.831150
v 3.598766 25.810488 9.831150
v 3.598323 25.810419 9.831150
v 3.597878 25.810379 9.831150
v 3.597429 25.810366 9.831150
v 3.596735 25.810396 9.831150
v 3.596089 25.810492 9.831150
v 3.595493 25.810652 9.831150
v 3.594947 25.810873 9.831150
v 3.594450 25.811159 9.831150
v 3.594003 25.811504 9.831150
v 3.593606 25.811914 9.831150
v 3.593260 25.812386 9.831150
v 3.592964 25.812918 9.831150
v 3.592719 25.813509 9.831150
v 3.592525 25.814163 9.831150
v 3.592382 25.814877 9.831150
v 3.602943 25.814877 9.831150
v 3.602891 25.816204 9.831150
v 3.602737 25.817415 9.831150
v 3.602484 25.818508 9.831150
v 3.602138 25.819483 9.831150
v 3.601700 25.820341 9.831150
v 3.601176 25.821085 9.831150
v 3.600569 25.821712 9.831150
v 3.599883 25.822226 9.831150
v 3.599122 25.822622 9.831150
v 3.598290 25.822906 9.831150
v 3.597390 25.823076 9.831150
v 3.596426 25.823132 9.831150
v 3.595417 25.823069 9.831150
v 3.594467 25.822884 9.831150
v 3.593581 25.822580 9.831150
v 3.592764 25.822166 9.831150
v 3.592023 25.821646 9.831150
v 3.591362 25.821026 9.831150
v 3.590788 25.820312 9.831150
v 3.590306 25.819508 9.831150
v 3.589921 25.818621 9.831150
v 3.589639 25.817654 9.831150
v 3.589466 25.816616 9.831150
v 3.589407 25.815512 9.831150
v 3.589461 25.814484 9.831150
v 3.589622 25.813480 9.831150
v 3.589888 25.812515 9.831150
v 3.590256 25.811600 9.831150
v 3.590726 25.810745 9.831150
v 3.591296 25.809963 9.831150
v 3.591963 25.809269 9.831150
v 3.592725 25.808674 9.831150
v 3.593581 25.808189 9.831150
v 3.594529 25.807827 9.831150
v 3.595567 25.807602 9.831150
v 3.596694 25.807524 9.831150
v 3.597310 25.807535 9.831150
v 3.597893 25.807571 9.831150
v 3.598446 25.807631 9.831150
v 3.598972 25.807716 9.831150
v 3.599476 25.807825 9.831150
v 3.599961 25.807959 9.831150
v 3.652045 25.810219 9.831150
v 3.652247 25.810045 9.831150
v 3.652474 25.809900 9.831150
v 3.652722 25.809784 9.831150
v 3.652990 25.809700 9.831150
v 3.653276 25.809647 9.831150
v 3.653578 25.809629 9.831150
v 3.653811 25.809639 9.831150
v 3.654041 25.809668 9.831150
v 3.654268 25.809715 9.831150
v 3.654492 25.809780 9.831150
v 3.654713 25.809860 9.831150
v 3.654932 25.809959 9.831150
v 3.655148 25.810074 9.831150
v 3.655361 25.810204 9.831150
v 3.655571 25.810349 9.831150
v 3.655778 25.810507 9.831150
v 3.655983 25.810680 9.831150
v 3.656185 25.810865 9.831150
v 3.656185 25.815245 9.831150
v 3.655558 25.815027 9.831150
v 3.654952 25.814806 9.831150
v 3.654372 25.814579 9.831150
v 3.653826 25.814342 9.831150
v 3.653319 25.814093 9.831150
v 3.652859 25.813828 9.831150
v 3.652453 25.813545 9.831150
v 3.652105 25.813238 9.831150
v 3.651824 25.812908 9.831150
v 3.651614 25.812550 9.831150
v 3.651484 25.812160 9.831150
v 3.651439 25.811735 9.831150
v 3.651458 25.811434 9.831150
v 3.651512 25.811150 9.831150
v 3.651599 25.810884 9.831150
v 3.651719 25.810640 9.831150
v 3.651868 25.810417 9.831150
v 3.689429 25.822136 9.831150
v 3.688486 25.822561 9.831150
v 3.687467 25.822874 9.831150
v 3.686379 25.823067 9.831150
v 3.685229 25.823132 9.831150
v 3.684132 25.823063 9.831150
v 3.683087 25.822865 9.831150
v 3.682102 25.822542 9.831150
v 3.681185 25.822105 9.831150
v 3.680345 25.821564 9.831150
v 3.679589 25.820923 9.831150
v 3.678927 25.820190 9.831150
v 3.678366 25.819380 9.831150
v 3.677916 25.818493 9.831150
v 3.677584 25.817543 9.831150
v 3.677378 25.816534 9.831150
v 3.677308 25.815479 9.831150
v 3.677376 25.814352 9.831150
v 3.677574 25.813288 9.831150
v 3.677897 25.812290 9.831150
v 3.678337 25.811367 9.831150
v 3.678886 25.810524 9.831150
v 3.679539 25.809771 9.831150
v 3.680288 25.809114 9.831150
v 3.681125 25.808561 9.831150
v 3.682045 25.808119 9.831150
v 3.683041 25.807793 9.831150
v 3.684104 25.807592 9.831150
v 3.685229 25.807524 9.831150
v 3.686400 25.807590 9.831150
v 3.687502 25.807783 9.831150
v 3.688529 25.808100 9.831150
v 3.689474 25.808531 9.831150
v 3.690331 25.809074 9.831150
v 3.691095 25.809721 9.831150
v 3.691758 25.810467 9.831150
v 3.692315 25.811306 9.831150
v 3.692758 25.812233 9.831150
v 3.693083 25.813242 9.831150
v 3.693283 25.814325 9.831150
v 3.693351 25.815479 9.831150
v 3.693281 25.816563 9.831150
v 3.693076 25.817589 9.831150
v 3.692744 25.818550 9.831150
v 3.692292 25.819439 9.831150
v 3.691727 25.820248 9.831150
v 3.691057 25.820972 9.831150
v 3.690289 25.821604 9.831150
v 3.666275 25.806797 9.831150
v 3.666671 25.806923 9.831150
v 3.667101 25.807014 9.831150
v 3.667562 25.807070 9.831150
v 3.668050 25.807089 9.831150
v 3.668533 25.807079 9.831150
v 3.669052 25.807043 9.831150
v 3.669593 25.806982 9.831150
v 3.670141 25.806889 9.831150
v 3.670680 25.806763 9.831150
v 3.671196 25.806601 9.831150
v 3.671674 25.806398 9.831150
v 3.672098 25.806154 9.831150
v 3.672454 25.805862 9.831150
v 3.672727 25.805523 9.831150
v 3.672901 25.805130 9.831150
v 3.672963 25.804684 9.831150
v 3.672931 25.804352 9.831150
v 3.672837 25.804047 9.831150
v 3.672682 25.803766 9.831150
v 3.672468 25.803511 9.831150
v 3.672196 25.803284 9.831150
v 3.671869 25.803083 9.831150
v 3.671486 25.802912 9.831150
v 3.671052 25.802769 9.831150
v 3.670566 25.802658 9.831150
v 3.670031 25.802576 9.831150
v 3.669448 25.802526 9.831150
v 3.668819 25.802511 9.831150
v 3.668168 25.802526 9.831150
v 3.667569 25.802576 9.831150
v 3.667024 25.802660 9.831150
v 3.666532 25.802774 9.831150
v 3.666096 25.802921 9.831150
v 3.665715 25.803099 9.831150
v 3.665390 25.803310 9.831150
v 3.665123 25.803551 9.831150
v 3.664913 25.803822 9.831150
v 3.664762 25.804123 9.831150
v 3.664671 25.804455 9.831150
v 3.664641 25.804817 9.831150
v 3.664670 25.805141 9.831150
v 3.664754 25.805449 9.831150
v 3.664891 25.805737 9.831150
v 3.665079 25.806000 9.831150
v 3.665314 25.806240 9.831150
v 3.665593 25.806454 9.831150
v 3.665915 25.806641 9.831150
v 3.564911 25.820059 9.831150
v 3.565185 25.819765 9.831150
v 3.565420 25.819426 9.831150
v 3.565617 25.819040 9.831150
v 3.565773 25.818615 9.831150
v 3.565886 25.818151 9.831150
v 3.565955 25.817652 9.831150
v 3.565978 25.817116 9.831150
v 3.565978 25.807825 9.831150
v 3.568953 25.807825 9.831150
v 3.568953 25.817083 9.831150
v 3.568907 25.818066 9.831150
v 3.568771 25.818958 9.831150
v 3.568553 25.819761 9.831150
v 3.568259 25.820478 9.831150
v 3.567893 25.821106 9.831150
v 3.567461 25.821650 9.831150
v 3.566971 25.822105 9.831150
v 3.566428 25.822477 9.831150
v 3.565837 25.822765 9.831150
v 3.565205 25.822969 9.831150
v 3.564537 25.823092 9.831150
v 3.563839 25.823132 9.831150
v 3.563422 25.823114 9.831150
v 3.563006 25.823063 9.831150
v 3.562594 25.822979 9.831150
v 3.562188 25.822863 9.831150
v 3.561789 25.822714 9.831150
v 3.561399 25.822535 9.831150
v 3.561021 25.822325 9.831150
v 3.560656 25.822088 9.831150
v 3.560305 25.821821 9.831150
v 3.559971 25.821527 9.831150
v 3.559656 25.821205 9.831150
v 3.559361 25.820860 9.831150
v 3.559294 25.820860 9.831150
v 3.559294 25.822832 9.831150
v 3.556319 25.822832 9.831150
v 3.556319 25.807825 9.831150
v 3.559294 25.807825 9.831150
v 3.559294 25.818586 9.831150
v 3.559638 25.818960 9.831150
v 3.559968 25.819292 9.831150
v 3.560288 25.819590 9.831150
v 3.560599 25.819847 9.831150
v 3.560903 25.820072 9.831150
v 3.561203 25.820261 9.831150
v 3.561501 25.820419 9.831150
v 3.561799 25.820545 9.831150
v 3.562100 25.820641 9.831150
v 3.562405 25.820707 9.831150
v 3.562716 25.820745 9.831150
v 3.563037 25.820759 9.831150
v 3.563474 25.820730 9.831150
v 3.563882 25.820642 9.831150
v 3.564258 25.820499 9.831150
v 3.564602 25.820305 9.831150
v 3.640358 25.818508 9.831150
v 3.640665 25.818951 9.831150
v 3.641013 25.819338 9.831150
v 3.641400 25.819668 9.831150
v 3.641821 25.819933 9.831150
v 3.642273 25.820127 9.831150
v 3.642751 25.820250 9.831150
v 3.643251 25.820292 9.831150
v 3.643435 25.820278 9.831150
v 3.643637 25.820242 9.831150
v 3.643853 25.820183 9.831150
v 3.644081 25.820103 9.831150
v 3.644319 25.820002 9.831150
v 3.644562 25.819881 9.831150
v 3.644811 25.819744 9.831150
v 3.645060 25.819588 9.831150
v 3.645309 25.819416 9.831150
v 3.645555 25.819231 9.831150
v 3.645794 25.819033 9.831150
v 3.646025 25.818821 9.831150
v 3.647596 25.821394 9.831150
v 3.647288 25.821674 9.831150
v 3.646985 25.821930 9.831150
v 3.646684 25.822159 9.831150
v 3.646386 25.822365 9.831150
v 3.646090 25.822546 9.831150
v 3.645795 25.822702 9.831150
v 3.645501 25.822834 9.831150
v 3.645206 25.822941 9.831150
v 3.644912 25.823025 9.831150
v 3.644616 25.823084 9.831150
v 3.644319 25.823120 9.831150
v 3.644019 25.823132 9.831150
v 3.643668 25.823109 9.831150
v 3.643315 25.823038 9.831150
v 3.642960 25.822918 9.831150
v 3.642603 25.822748 9.831150
v 3.642245 25.822527 9.831150
v 3.641885 25.822250 9.831150
v 3.641522 25.821920 9.831150
v 3.641157 25.821533 9.831150
v 3.640790 25.821087 9.831150
v 3.640421 25.820583 9.831150
v 3.640049 25.820017 9.831150
v 3.639674 25.819389 9.831150
v 3.639608 25.819389 9.831150
v 3.639608 25.822832 9.831150
v 3.636633 25.822832 9.831150
v 3.636633 25.807825 9.831150
v 3.639608 25.807825 9.831150
v 3.639608 25.815680 9.831150
v 3.639640 25.816311 9.831150
v 3.639736 25.816914 9.831150
v 3.639890 25.817486 9.831150
v 3.640099 25.818018 9.831150
v 3.593769 25.819593 9.831150
v 3.594127 25.819883 9.831150
v 3.594523 25.820124 9.831150
v 3.594959 25.820312 9.831150
v 3.595432 25.820448 9.831150
v 3.595943 25.820530 9.831150
v 3.596493 25.820559 9.831150
v 3.597002 25.820528 9.831150
v 3.597477 25.820442 9.831150
v 3.597915 25.820299 9.831150
v 3.598316 25.820103 9.831150
v 3.598678 25.819853 9.831150
v 3.599000 25.819555 9.831150
v 3.599279 25.819210 9.831150
v 3.599516 25.818821 9.831150
v 3.599708 25.818388 9.831150
v 3.599854 25.817913 9.831150
v 3.599952 25.817400 9.831150
v 3.600002 25.816849 9.831150
v 3.592449 25.816849 9.831150
v 3.592569 25.817421 9.831150
v 3.592730 25.817947 9.831150
v 3.592930 25.818430 9.831150
v 3.593170 25.818865 9.831150
v 3.593450 25.819254 9.831150
v 3.688384 25.819456 9.831150
v 3.688868 25.819042 9.831150
v 3.689289 25.818567 9.831150
v 3.689645 25.818037 9.831150
v 3.689929 25.817455 9.831150
v 3.690137 25.816826 9.831150
v 3.690265 25.816154 9.831150
v 3.690309 25.815445 9.831150
v 3.690269 25.814661 9.831150
v 3.690149 25.813931 9.831150
v 3.689952 25.813257 9.831150
v 3.689682 25.812643 9.831150
v 3.689340 25.812092 9.831150
v 3.688931 25.811605 9.831150
v 3.688455 25.811186 9.831150
v 3.687918 25.810837 9.831150
v 3.687320 25.810562 9.831150
v 3.686665 25.810362 9.831150
v 3.685956 25.810240 9.831150
v 3.685196 25.810198 9.831150
v 3.684496 25.810242 9.831150
v 3.683839 25.810368 9.831150
v 3.683226 25.810575 9.831150
v 3.682662 25.810862 9.831150
v 3.682150 25.811220 9.831150
v 3.681695 25.811647 9.831150
v 3.681299 25.812141 9.831150
v 3.680967 25.812698 9.831150
v 3.680702 25.813314 9.831150
v 3.680509 25.813984 9.831150
v 3.680390 25.814707 9.831150
v 3.680349 25.815479 9.831150
v 3.680391 25.816179 9.831150
v 3.680513 25.816845 9.831150
v 3.680712 25.817469 9.831150
v 3.680982 25.818047 9.831150
v 3.681319 25.818575 9.831150
v 3.681720 25.819046 9.831150
v 3.682178 25.819458 9.831150
v 3.682691 25.819805 9.831150
v 3.683254 25.820084 9.831150
v 3.683862 25.820290 9.831150
v 3.684510 25.820415 9.831150
v 3.685196 25.820457 9.831150
v 3.685921 25.820415 9.831150
v 3.686607 25.820290 9.831150
v 3.687249 25.820084 9.831150
v 3.687843 25.819805 9.831150
v 3.709226 25.807825 9.831150
v 3.709226 25.817083 9.831150
v 3.709180 25.818066 9.831150
v 3.709045 25.818958 9.831150
v 3.708827 25.819761 9.831150
v 3.708532 25.820478 9.831150
v 3.708166 25.821106 9.831150
v 3.707735 25.821650 9.831150
v 3.707244 25.822105 9.831150
v 3.706701 25.822477 9.831150
v 3.706110 25.822765 9.831150
v 3.705478 25.822969 9.831150
v 3.704810 25.823092 9.831150
v 3.704113 25.823132 9.831150
v 3.703695 25.823114 9.831150
v 3.703279 25.823063 9.831150
v 3.702868 25.822979 9.831150
v 3.702461 25.822863 9.831150
v 3.702062 25.822714 9.831150
v 3.701673 25.822535 9.831150
v 3.701294 25.822325 9.831150
v 3.700929 25.822088 9.831150
v 3.700578 25.821821 9.831150
v 3.700244 25.821527 9.831150
v 3.699929 25.821205 9.831150
v 3.699634 25.820860 9.831150
v 3.699567 25.820860 9.831150
v 3.699567 25.822832 9.831150
v 3.696593 25.822832 9.831150
v 3.696593 25.807825 9.831150
v 3.699567 25.807825 9.831150
v 3.699567 25.818586 9.831150
v 3.699911 25.818960 9.831150
v 3.700241 25.819292 9.831150
v 3.700561 25.819590 9.831150
v 3.700872 25.819847 9.831150
v 3.701176 25.820072 9.831150
v 3.701476 25.820261 9.831150
v 3.701774 25.820419 9.831150
v 3.702073 25.820545 9.831150
v 3.702373 25.820641 9.831150
v 3.702678 25.820707 9.831150
v 3.702990 25.820745 9.831150
v 3.703310 25.820759 9.831150
v 3.703748 25.820730 9.831150
v 3.704155 25.820642 9.831150
v 3.704531 25.820499 9.831150
v 3.704875 25.820305 9.831150
v 3.705184 25.820059 9.831150
v 3.705458 25.819765 9.831150
v 3.705694 25.819426 9.831150
v 3.705890 25.819040 9.831150
v 3.706046 25.818615 9.831150
v 3.706159 25.818151 9.831150
v 3.706228 25.817652 9.831150
v 3.706252 25.817116 9.831150
v 3.706252 25.807825 9.831150
v 3.618816 25.816738 9.831150
v 3.618752 25.815680 9.831150
v 3.618810 25.814514 9.831150
v 3.618981 25.813425 9.831150
v 3.619261 25.812422 9.831150
v 3.619646 25.811504 9.831150
v 3.620132 25.810677 9.831150
v 3.620716 25.809946 9.831150
v 3.621392 25.809317 9.831150
v 3.622159 25.808792 9.831150
v 3.623010 25.808374 9.831150
v 3.623943 25.808073 9.831150
v 3.624954 25.807888 9.831150
v 3.626038 25.807825 9.831150
v 3.632355 25.807825 9.831150
v 3.632355 25.830618 9.831150
v 3.629380 25.830618 9.831150
v 3.629380 25.822531 9.831150
v 3.629085 25.822634 9.831150
v 3.628799 25.822725 9.831150
v 3.628523 25.822807 9.831150
v 3.628254 25.822880 9.831150
v 3.627991 25.822941 9.831150
v 3.627734 25.822994 9.831150
v 3.627481 25.823038 9.831150
v 3.627232 25.823072 9.831150
v 3.626983 25.823099 9.831150
v 3.626736 25.823118 9.831150
v 3.626488 25.823128 9.831150
v 3.626239 25.823132 9.831150
v 3.625172 25.823069 9.831150
v 3.624164 25.822882 9.831150
v 3.623222 25.822578 9.831150
v 3.622352 25.822165 9.831150
v 3.621560 25.821648 9.831150
v 3.620853 25.821035 9.831150
v 3.620238 25.820330 9.831150
v 3.619720 25.819542 9.831150
v 3.619306 25.818676 9.831150
v 3.619003 25.817739 9.831150
v 3.666060 25.816431 9.831150
v 3.665941 25.816778 9.831150
v 3.665869 25.817152 9.831150
v 3.665844 25.817551 9.831150
v 3.665871 25.817913 9.831150
v 3.665951 25.818262 9.831150
v 3.666079 25.818594 9.831150
v 3.666251 25.818907 9.831150
v 3.666466 25.819195 9.831150
v 3.666717 25.819456 9.831150
v 3.667003 25.819687 9.831150
v 3.667320 25.819883 9.831150
v 3.667663 25.820042 9.831150
v 3.668030 25.820160 9.831150
v 3.668416 25.820232 9.831150
v 3.668819 25.820257 9.831150
v 3.669206 25.820232 9.831150
v 3.669580 25.820162 9.831150
v 3.669936 25.820047 9.831150
v 3.670271 25.819893 9.831150
v 3.670581 25.819702 9.831150
v 3.670862 25.819477 9.831150
v 3.671110 25.819221 9.831150
v 3.671322 25.818941 9.831150
v 3.671493 25.818636 9.831150
v 3.671620 25.818312 9.831150
v 3.671699 25.817972 9.831150
v 3.671726 25.817617 9.831150
v 3.671702 25.817219 9.831150
v 3.671630 25.816841 9.831150
v 3.671512 25.816488 9.831150
v 3.671353 25.816162 9.831150
v 3.671153 25.815865 9.831150
v 3.670916 25.815599 9.831150
v 3.670644 25.815369 9.831150
v 3.670340 25.815174 9.831150
v 3.670006 25.815018 9.831150
v 3.669645 25.814903 9.831150
v 3.669260 25.814835 9.831150
v 3.668852 25.814810 9.831150
v 3.668414 25.814833 9.831150
v 3.668003 25.814899 9.831150
v 3.667621 25.815008 9.831150
v 3.667270 25.815157 9.831150
v 3.666953 25.815344 9.831150
v 3.666671 25.815567 9.831150
v 3.666427 25.815823 9.831150
v 3.666223 25.816113 9.831150
v 3.572713 25.817739 9.831150
v 3.572526 25.816738 9.831150
v 3.572462 25.815680 9.831150
v 3.572520 25.814514 9.831150
v 3.572691 25.813425 9.831150
v 3.572971 25.812422 9.831150
v 3.573356 25.811504 9.831150
v 3.573842 25.810677 9.831150
v 3.574426 25.809946 9.831150
v 3.575103 25.809317 9.831150
v 3.575869 25.808792 9.831150
v 3.576720 25.808374 9.831150
v 3.577654 25.808073 9.831150
v 3.578664 25.807888 9.831150
v 3.579748 25.807825 9.831150
v 3.586065 25.807825 9.831150
v 3.586065 25.830618 9.831150
v 3.583091 25.830618 9.831150
v 3.583091 25.822531 9.831150
v 3.582795 25.822634 9.831150
v 3.582510 25.822725 9.831150
v 3.582233 25.822807 9.831150
v 3.581964 25.822880 9.831150
v 3.581702 25.822941 9.831150
v 3.581445 25.822994 9.831150
v 3.581192 25.823038 9.831150
v 3.580942 25.823072 9.831150
v 3.580693 25.823099 9.831150
v 3.580446 25.823118 9.831150
v 3.580198 25.823128 9.831150
v 3.579949 25.823132 9.831150
v 3.578882 25.823069 9.831150
v 3.577874 25.822882 9.831150
v 3.576932 25.822578 9.831150
v 3.576062 25.822165 9.831150
v 3.575270 25.821648 9.831150
v 3.574564 25.821035 9.831150
v 3.573948 25.820330 9.831150
v 3.573430 25.819542 9.831150
v 3.573016 25.818676 9.831150
v 3.713254 25.718967 9.831150
v 3.538536 25.718967 9.831150
v 3.713254 25.806326 9.831150
v 3.538536 25.806326 9.831150
v 3.620595 25.086990 9.159638
v 3.603822 25.086990 9.159638
v 3.620595 25.158142 9.159638
v 3.603822 25.158142 9.159638
v 3.599728 25.060165 9.471636
v 3.549809 25.060165 9.471636
v 3.599728 25.110085 9.471636
v 3.549809 25.110085 9.471636
v 3.396727 25.131550 9.471636
v 3.353453 25.131550 9.471636
v 3.396727 25.138538 9.471636
v 3.353453 25.138538 9.471636
v 2.900000 25.272823 9.691525
v 2.891315 25.251856 9.691525
v 2.900000 25.230888 9.691525
v 2.910483 25.272823 9.673367
v 2.906141 25.251856 9.665845
v 2.910483 25.230888 9.673367
v 2.931451 25.272823 9.673367
v 2.935793 25.251856 9.665845
v 2.931451 25.230888 9.673367
v 2.941934 25.272823 9.691525
v 2.950619 25.251856 9.691525
v 2.941934 25.230888 9.691525
v 2.931451 25.272823 9.709682
v 2.935793 25.251856 9.717204
v 2.931451 25.230888 9.709682
v 2.920967 25.222204 9.691525
v 2.920967 25.281507 9.691525
v 2.910483 25.272823 9.709682
v 2.906141 25.251856 9.717204
v 2.910483 25.230888 9.709682
vt 0.617188 0.820312
vt 0.625000 0.820312
vt 0.625000 0.882812
vt 0.617188 0.882812
vt 0.507812 0.820312
vt 0.507812 0.882812
vt 0.500000 0.882812
vt 0.500000 0.820312
vt 0.507812 0.816406
vt 0.500000 0.816406
vt 0.500000 0.816406
vt 0.437500 0.820312
vt 0.437500 0.816406
vt 0.632812 0.816406
vt 0.632812 0.820312
vt 0.625000 0.820312
vt 0.625000 0.816406
vt 0.562500 0.765625
vt 0.562500 0.757812
vt 0.625000 0.757812
vt 0.625000 0.765625
vt 0.507812 0.796875
vt 0.507812 0.800781
vt 0.507812 0.804688
vt 0.500000 0.804688
vt 0.500000 0.796875
vt 0.500000 0.796875
vt 0.500000 0.804688
vt 0.437500 0.804688
vt 0.437500 0.796875
vt 0.632812 0.796875
vt 0.632812 0.804688
vt 0.625000 0.804688
vt 0.625000 0.796875
vt 0.562500 0.808594
vt 0.562500 0.804688
vt 0.625000 0.808594
vt 0.562500 0.796875
vt 0.507812 0.777344
vt 0.500000 0.777344
vt 0.500000 0.777344
vt 0.437500 0.777344
vt 0.632812 0.777344
vt 0.625000 0.777344
vt 0.589844 0.820312
vt 0.601562 0.820312
vt 0.601562 0.882812
vt 0.589844 0.882812
vt 0.539062 0.820312
vt 0.539062 0.882812
vt 0.523438 0.882812
vt 0.523438 0.820312
vt 0.539062 0.816406
vt 0.523438 0.816406
vt 0.671875 0.816406
vt 0.671875 0.820312
vt 0.664062 0.820312
vt 0.664062 0.816406
vt 0.539062 0.800781
vt 0.539062 0.804688
vt 0.523438 0.804688
vt 0.523438 0.800781
vt 0.671875 0.796875
vt 0.671875 0.804688
vt 0.664062 0.804688
vt 0.664062 0.796875
vt 0.539062 0.777344
vt 0.539062 0.796875
vt 0.523438 0.796875
vt 0.523438 0.777344
vt 0.671875 0.777344
vt 0.664062 0.777344
vt 0.644531 0.820312
vt 0.644531 0.816406
vt 0.644531 0.804688
vt 0.644531 0.796875
vt 0.644531 0.777344
vt 0.580078 0.820312
vt 0.580078 0.882812
vt 0.546875 0.820312
vt 0.546875 0.882812
vt 0.546875 0.816406
vt 0.542969 0.800781
vt 0.542969 0.804688
vt 0.546875 0.777344
vt 0.546875 0.796875
vt 0.542969 0.796875
vt 0.638672 0.816406
vt 0.638672 0.820312
vt 0.638672 0.796875
vt 0.638672 0.804688
vt 0.638672 0.777344
vt 0.562500 0.820312
vt 0.570312 0.820312
vt 0.570312 0.882812
vt 0.562500 0.882812
vt 0.562500 0.820312
vt 0.562500 0.882812
vt 0.554688 0.882812
vt 0.554688 0.820312
vt 0.562500 0.816406
vt 0.554688 0.816406
vt 0.554688 0.804688
vt 0.554688 0.800781
vt 0.554688 0.796875
vt 0.562500 0.777344
vt 0.554688 0.777344
vt 0.609375 0.820312
vt 0.609375 0.882812
vt 0.515625 0.820312
vt 0.515625 0.882812
vt 0.515625 0.816406
vt 0.557013 0.796875
vt 0.557013 0.800781
vt 0.557013 0.800781
vt 0.557013 0.796875
vt 0.515625 0.777344
vt 0.515625 0.796875
vt 0.511719 0.796875
vt 0.687500 0.816406
vt 0.687500 0.820312
vt 0.679688 0.820312
vt 0.679688 0.816406
vt 0.687500 0.796875
vt 0.687500 0.804688
vt 0.679688 0.804688
vt 0.679688 0.796875
vt 0.687500 0.777344
vt 0.679688 0.777344
vt 0.507812 0.765625
vt 0.500000 0.765625
vt 0.500000 0.765625
vt 0.437500 0.765625
vt 0.632812 0.765625
vt 0.539062 0.765625
vt 0.523438 0.765625
vt 0.671875 0.765625
vt 0.664062 0.765625
vt 0.644531 0.765625
vt 0.546875 0.765625
vt 0.638672 0.765625
vt 0.554688 0.765625
vt 0.515625 0.765625
vt 0.687500 0.765625
vt 0.679688 0.765625
vt 0.507812 0.757812
vt 0.500000 0.757812
vt 0.500000 0.757812
vt 0.437500 0.757812
vt 0.632812 0.757812
vt 0.539062 0.757812
vt 0.523438 0.757812
vt 0.671875 0.757812
vt 0.664062 0.757812
vt 0.644531 0.757812
vt 0.546875 0.757812
vt 0.638672 0.757812
vt 0.554688 0.757812
vt 0.515625 0.757812
vt 0.687500 0.757812
vt 0.679688 0.757812
vt 0.515625 0.794639
vt 0.519531 0.794639
vt 0.519531 0.794639
vt 0.515625 0.794639
vt 0.550781 0.796875
vt 0.523438 0.812500
vt 0.515625 0.812500
vt 0.519531 0.812500
vt 0.541180 0.804688
vt 0.541180 0.804688
vt 0.541180 0.804688
vt 0.541180 0.804688
vt 0.519531 0.796875
vt 0.507812 0.808594
vt 0.507812 0.812500
vt 0.500000 0.812500
vt 0.500000 0.808594
vt 0.500000 0.808594
vt 0.500000 0.812500
vt 0.437500 0.812500
vt 0.437500 0.808594
vt 0.632812 0.808594
vt 0.632812 0.812500
vt 0.625000 0.812500
vt 0.562500 0.812500
vt 0.539062 0.808594
vt 0.539062 0.812500
vt 0.523438 0.810547
vt 0.523438 0.808594
vt 0.671875 0.808594
vt 0.671875 0.812500
vt 0.664062 0.812500
vt 0.664062 0.808594
vt 0.644531 0.812500
vt 0.644531 0.808594
vt 0.546875 0.808594
vt 0.546875 0.812500
vt 0.638672 0.808594
vt 0.638672 0.812500
vt 0.554688 0.812500
vt 0.554688 0.808594
vt 0.515625 0.810547
vt 0.511719 0.808594
vt 0.687500 0.808594
vt 0.687500 0.812500
vt 0.679688 0.812500
vt 0.679688 0.808594
vt 0.550781 0.808594
vt 0.519531 0.810547
vt 0.507812 0.806641
vt 0.546875 0.806641
vt 0.554688 0.806641
vt 0.511719 0.806641
vt 0.550781 0.806641
vt 0.515625 0.806641
vt 0.519531 0.808594
vt 0.515625 0.808594
vt 0.539062 0.800781
vt 0.542969 0.800781
vt 0.542969 0.800781
vt 0.539062 0.800781
vt 0.541180 0.800781
vt 0.541180 0.800781
vt 0.537273 0.800781
vt 0.537273 0.796875
vt 0.537273 0.796875
vt 0.537273 0.800781
vt 0.546875 0.807121
vt 0.542969 0.807121
vt 0.542969 0.807121
vt 0.546875 0.807121
vt 0.557013 0.804688
vt 0.557013 0.804688
vt 0.521320 0.800781
vt 0.521320 0.804688
vt 0.521320 0.804688
vt 0.521320 0.800781
vt 0.554688 0.796875
vt 0.550781 0.796875
vt 0.550781 0.796875
vt 0.554688 0.796875
vt 0.521320 0.804688
vt 0.521320 0.804688
vt 0.515625 0.807203
vt 0.511719 0.807203
vt 0.511719 0.807203
vt 0.515625 0.807203
vt 0.546875 0.794415
vt 0.550781 0.794415
vt 0.550781 0.794415
vt 0.546875 0.794415
vt 0.557013 0.796875
vt 0.557013 0.796875
vt 0.519531 0.804688
vt 0.519531 0.800781
vt 0.546875 0.804688
vt 0.511719 0.804688
vt 0.515625 0.804688
vt 0.550781 0.804688
vt 0.517212 0.802998
vt 0.517212 0.803381
vt 0.516830 0.803381
vt 0.516830 0.802998
vt 0.545477 0.803018
vt 0.545477 0.803408
vt 0.545086 0.803408
vt 0.545086 0.803018
vt 0.517978 0.802998
vt 0.517978 0.803381
vt 0.517595 0.803381
vt 0.517595 0.802998
vt 0.544695 0.802627
vt 0.544695 0.803018
vt 0.544305 0.803018
vt 0.544305 0.802627
vt 0.545086 0.802627
vt 0.544695 0.803408
vt 0.517212 0.802615
vt 0.516830 0.802615
vt 0.509786 0.801798
vt 0.509786 0.802384
vt 0.509200 0.802384
vt 0.509200 0.801798
vt 0.509786 0.802970
vt 0.509200 0.802970
vt 0.545477 0.802627
vt 0.545867 0.802627
vt 0.545867 0.803018
vt 0.545867 0.803408
vt 0.510372 0.801798
vt 0.510372 0.802384
vt 0.518361 0.802615
vt 0.518361 0.802998
vt 0.517978 0.802615
vt 0.542969 0.804688
vt 0.546875 0.804688
vt 0.546875 0.804688
vt 0.542969 0.804688
vt 0.505576 0.796875
vt 0.505576 0.796875
vt 0.505576 0.796875
vt 0.505576 0.796875
vt 0.505576 0.800781
vt 0.505576 0.800781
vt 0.523438 0.794639
vt 0.523438 0.794639
vt 0.515625 0.796875
vt 0.511719 0.796875
vt 0.511719 0.796875
vt 0.515625 0.796875
vt 0.525227 0.796875
vt 0.525227 0.800781
vt 0.525227 0.800781
vt 0.525227 0.796875
vt 0.539062 0.794415
vt 0.542969 0.794415
vt 0.542969 0.794415
vt 0.539062 0.794415
vt 0.505576 0.804688
vt 0.505576 0.804688
vt 0.507812 0.807203
vt 0.507812 0.807203
vt 0.525227 0.800781
vt 0.525227 0.800781
vt 0.511719 0.807147
vt 0.507812 0.807147
vt 0.507812 0.807147
vt 0.511719 0.807147
vt 0.515625 0.807147
vt 0.515625 0.807147
vt 0.519531 0.807147
vt 0.519531 0.807147
vt 0.507812 0.804688
vt 0.511719 0.804688
vt 0.511719 0.804688
vt 0.507812 0.804688
vt 0.515625 0.804688
vt 0.515625 0.804688
vt 0.519531 0.807203
vt 0.519531 0.807203
vt 0.505576 0.804688
vt 0.505576 0.804688
vt 0.519531 0.804688
vt 0.519531 0.804688
vt 0.523438 0.803241
vt 0.519531 0.803241
vt 0.519531 0.803241
vt 0.523438 0.803241
vt 0.523438 0.803297
vt 0.519531 0.803297
vt 0.519531 0.803297
vt 0.523438 0.803297
vt 0.521320 0.800781
vt 0.521320 0.800781
vt 0.519531 0.800781
vt 0.523438 0.800781
vt 0.523438 0.800781
vt 0.519531 0.800781
vt 0.554688 0.807147
vt 0.550781 0.807147
vt 0.550781 0.807147
vt 0.554688 0.807147
vt 0.542969 0.807147
vt 0.546875 0.807147
vt 0.550781 0.804688
vt 0.554688 0.804688
vt 0.554688 0.804688
vt 0.550781 0.804688
vt 0.554688 0.807121
vt 0.550781 0.807121
vt 0.557013 0.804688
vt 0.557013 0.804688
vt 0.542969 0.803018
vt 0.539062 0.803018
vt 0.539062 0.803018
vt 0.542969 0.803018
vt 0.541180 0.800781
vt 0.541180 0.800781
vt 0.542969 0.803214
vt 0.539062 0.803214
vt 0.539062 0.803214
vt 0.542969 0.803214
vt 0.537273 0.800781
vt 0.537273 0.800781
vt 0.519531 0.795265
vt 0.523438 0.795265
vt 0.523438 0.795265
vt 0.519531 0.795265
vt 0.515625 0.795265
vt 0.515625 0.795265
vt 0.511719 0.795265
vt 0.511719 0.795265
vt 0.507812 0.795265
vt 0.507812 0.795265
vt 0.507812 0.794639
vt 0.511719 0.794639
vt 0.511719 0.794639
vt 0.507812 0.794639
vt 0.523438 0.796875
vt 0.519531 0.796875
vt 0.519531 0.796875
vt 0.523438 0.796875
vt 0.525227 0.796875
vt 0.525227 0.796875
vt 0.507812 0.796875
vt 0.507812 0.796875
vt 0.546875 0.794549
vt 0.550781 0.794549
vt 0.550781 0.794549
vt 0.546875 0.794549
vt 0.554688 0.794549
vt 0.554688 0.794549
vt 0.542969 0.794549
vt 0.542969 0.794549
vt 0.539062 0.794549
vt 0.539062 0.794549
vt 0.542969 0.796875
vt 0.539062 0.796875
vt 0.539062 0.796875
vt 0.542969 0.796875
vt 0.546875 0.796875
vt 0.546875 0.796875
vt 0.537273 0.796875
vt 0.537273 0.796875
vt 0.554688 0.794415
vt 0.554688 0.794415
vt 0.549669 0.799216
vt 0.548888 0.799216
vt 0.548888 0.799997
vt 0.549669 0.799997
vt 0.548888 0.798435
vt 0.548106 0.798435
vt 0.548106 0.799216
vt 0.514227 0.798401
vt 0.513524 0.798401
vt 0.513524 0.799104
vt 0.514227 0.799104
vt 0.513524 0.799807
vt 0.514227 0.799807
vt 0.549669 0.798435
vt 0.514930 0.798401
vt 0.514930 0.799104
vt 0.549669 0.799216
vt 0.549669 0.799997
vt 0.548888 0.799997
vt 0.548888 0.799216
vt 0.548888 0.798435
vt 0.548106 0.799216
vt 0.548106 0.798435
vt 0.514227 0.798401
vt 0.514227 0.799104
vt 0.513524 0.799104
vt 0.513524 0.798401
vt 0.514227 0.799807
vt 0.513524 0.799807
vt 0.549669 0.798435
vt 0.514930 0.798401
vt 0.514930 0.799104
vt 0.914062 0.746094
vt 0.921875 0.746094
vt 0.921875 0.792969
vt 0.914062 0.792969
vt 0.914062 0.746094
vt 0.914062 0.792969
vt 0.906250 0.792969
vt 0.906250 0.746094
vt 0.914062 0.722656
vt 0.906250 0.722656
vt 0.906250 0.722656
vt 0.859375 0.746094
vt 0.859375 0.722656
vt 0.968750 0.722656
vt 0.968750 0.746094
vt 0.960938 0.746094
vt 0.960938 0.722656
vt 0.917969 0.746094
vt 0.917969 0.722656
vt 0.914062 0.746094
vt 0.921875 0.746094
vt 0.921875 0.792969
vt 0.914062 0.792969
vt 0.914062 0.746094
vt 0.914062 0.792969
vt 0.906250 0.792969
vt 0.906250 0.746094
vt 0.914062 0.722656
vt 0.906250 0.722656
vt 0.906250 0.722656
vt 0.859375 0.746094
vt 0.859375 0.722656
vt 0.968750 0.722656
vt 0.968750 0.746094
vt 0.960938 0.746094
vt 0.960938 0.722656
vt 0.917969 0.746094
vt 0.917969 0.722656
vt 0.914062 0.746094
vt 0.921875 0.746094
vt 0.921875 0.792969
vt 0.914062 0.792969
vt 0.914062 0.746094
vt 0.914062 0.792969
vt 0.906250 0.792969
vt 0.906250 0.746094
vt 0.914062 0.722656
vt 0.906250 0.722656
vt 0.906250 0.722656
vt 0.859375 0.746094
vt 0.859375 0.722656
vt 0.968750 0.722656
vt 0.968750 0.746094
vt 0.960938 0.746094
vt 0.960938 0.722656
vt 0.917969 0.746094
vt 0.917969 0.722656
vt 0.343750 0.906250
vt 0.437500 0.906250
vt 0.437500 1.000000
vt 0.343750 1.000000
vt 0.343750 0.906250
vt 0.343750 1.000000
vt 0.250000 1.000000
vt 0.250000 0.906250
vt 0.343750 0.656250
vt 0.343750 0.750000
vt 0.250000 0.750000
vt 0.250000 0.656250
vt 0.093750 0.656250
vt 0.093750 0.750000
vt 0.000000 0.750000
vt 0.000000 0.656250
vt 0.687500 0.656250
vt 0.687500 0.750000
vt 0.593750 0.750000
vt 0.593750 0.656250
vt 0.500000 0.750000
vt 0.500000 0.656250
vt 0.390625 0.828125
vt 0.437500 0.828125
vt 0.437500 0.906250
vt 0.390625 0.906250
vt 0.296875 0.828125
vt 0.296875 0.906250
vt 0.250000 0.906250
vt 0.250000 0.828125
vt 0.296875 0.703125
vt 0.296875 0.750000
vt 0.250000 0.750000
vt 0.250000 0.703125
vt 0.171875 0.703125
vt 0.171875 0.750000
vt 0.093750 0.750000
vt 0.093750 0.703125
vt 0.296875 0.703125
vt 0.296875 0.750000
vt 0.250000 0.750000
vt 0.250000 0.703125
vt 0.421875 0.703125
vt 0.421875 0.656250
vt 0.500000 0.656250
vt 0.500000 0.703125
vt 0.125000 0.937500
vt 0.187500 0.937500
vt 0.187500 1.000000
vt 0.125000 1.000000
vt 0.125000 0.937500
vt 0.125000 1.000000
vt 0.062500 1.000000
vt 0.062500 0.937500
vt 0.125000 0.812500
vt 0.062500 0.812500
vt 0.062500 0.812500
vt 0.000000 0.937500
vt 0.000000 0.812500
vt 0.250000 0.812500
vt 0.250000 0.937500
vt 0.187500 0.937500
vt 0.187500 0.812500
vt 0.859375 0.953125
vt 0.906250 0.953125
vt 0.906250 1.000000
vt 0.859375 1.000000
vt 0.859375 0.953125
vt 0.859375 1.000000
vt 0.812500 1.000000
vt 0.812500 0.953125
vt 0.859375 0.828125
vt 0.812500 0.828125
vt 0.812500 0.828125
vt 0.765625 0.953125
vt 0.765625 0.828125
vt 0.953125 0.828125
vt 0.953125 0.953125
vt 0.906250 0.953125
vt 0.906250 0.828125
vt 0.601562 0.906250
vt 0.671875 0.906250
vt 0.671875 1.000000
vt 0.601562 1.000000
vt 0.601562 0.906250
vt 0.601562 1.000000
vt 0.531250 1.000000
vt 0.531250 0.906250
vt 0.601562 0.882812
vt 0.531250 0.882812
vt 0.531250 0.882812
vt 0.437500 0.906250
vt 0.437500 0.882812
vt 0.765625 0.882812
vt 0.765625 0.906250
vt 0.695312 0.906250
vt 0.695312 0.882812
vt 0.125000 0.937500
vt 0.187500 0.937500
vt 0.187500 1.000000
vt 0.125000 1.000000
vt 0.125000 0.937500
vt 0.125000 1.000000
vt 0.062500 1.000000
vt 0.062500 0.937500
vt 0.125000 0.812500
vt 0.062500 0.812500
vt 0.062500 0.812500
vt 0.000000 0.937500
vt 0.000000 0.812500
vt 0.250000 0.812500
vt 0.250000 0.937500
vt 0.187500 0.937500
vt 0.187500 0.812500
vt 0.859375 0.953125
vt 0.906250 0.953125
vt 0.906250 1.000000
vt 0.859375 1.000000
vt 0.859375 0.953125
vt 0.859375 1.000000
vt 0.812500 1.000000
vt 0.812500 0.953125
vt 0.859375 0.828125
vt 0.812500 0.828125
vt 0.812500 0.828125
vt 0.765625 0.953125
vt 0.765625 0.828125
vt 0.953125 0.828125
vt 0.953125 0.953125
vt 0.906250 0.953125
vt 0.906250 0.828125
vt 0.601562 0.906250
vt 0.671875 0.906250
vt 0.671875 1.000000
vt 0.601562 1.000000
vt 0.601562 0.906250
vt 0.601562 1.000000
vt 0.531250 1.000000
vt 0.531250 0.906250
vt 0.601562 0.882812
vt 0.531250 0.882812
vt 0.531250 0.882812
vt 0.437500 0.906250
vt 0.437500 0.882812
vt 0.765625 0.882812
vt 0.765625 0.906250
vt 0.695312 0.906250
vt 0.695312 0.882812
vt 0.500000 0.562500
vt 0.531250 0.562500
vt 0.531250 0.593750
vt 0.500000 0.593750
vt 0.500000 0.562500
vt 0.500000 0.593750
vt 0.468750 0.593750
vt 0.468750 0.562500
vt 0.500000 0.468750
vt 0.468750 0.468750
vt 0.468750 0.468750
vt 0.437500 0.562500
vt 0.437500 0.468750
vt 0.562500 0.468750
vt 0.562500 0.562500
vt 0.531250 0.562500
vt 0.531250 0.468750
vt 0.929688 0.437500
vt 0.953125 0.437500
vt 0.953125 0.460938
vt 0.929688 0.460938
vt 0.929688 0.437500
vt 0.929688 0.460938
vt 0.906250 0.460938
vt 0.906250 0.437500
vt 0.929688 0.343750
vt 0.906250 0.343750
vt 0.906250 0.343750
vt 0.882812 0.437500
vt 0.882812 0.343750
vt 0.976562 0.343750
vt 0.976562 0.437500
vt 0.953125 0.437500
vt 0.953125 0.343750
vt 0.656250 0.531250
vt 0.687500 0.531250
vt 0.687500 0.593750
vt 0.656250 0.593750
vt 0.656250 0.531250
vt 0.656250 0.593750
vt 0.625000 0.593750
vt 0.625000 0.531250
vt 0.656250 0.515625
vt 0.625000 0.515625
vt 0.625000 0.515625
vt 0.562500 0.531250
vt 0.562500 0.515625
vt 0.750000 0.515625
vt 0.750000 0.531250
vt 0.718750 0.531250
vt 0.718750 0.515625
vt 0.500000 0.562500
vt 0.531250 0.562500
vt 0.531250 0.593750
vt 0.500000 0.593750
vt 0.500000 0.562500
vt 0.500000 0.593750
vt 0.468750 0.593750
vt 0.468750 0.562500
vt 0.500000 0.468750
vt 0.468750 0.468750
vt 0.468750 0.468750
vt 0.437500 0.562500
vt 0.437500 0.468750
vt 0.562500 0.468750
vt 0.562500 0.562500
vt 0.531250 0.562500
vt 0.531250 0.468750
vt 0.929688 0.437500
vt 0.953125 0.437500
vt 0.953125 0.460938
vt 0.929688 0.460938
vt 0.929688 0.437500
vt 0.929688 0.460938
vt 0.906250 0.460938
vt 0.906250 0.437500
vt 0.929688 0.343750
vt 0.906250 0.343750
vt 0.906250 0.343750
vt 0.882812 0.437500
vt 0.882812 0.343750
vt 0.976562 0.343750
vt 0.976562 0.437500
vt 0.953125 0.437500
vt 0.953125 0.343750
vt 0.656250 0.531250
vt 0.687500 0.531250
vt 0.687500 0.593750
vt 0.656250 0.593750
vt 0.656250 0.531250
vt 0.656250 0.593750
vt 0.625000 0.593750
vt 0.625000 0.531250
vt 0.656250 0.515625
vt 0.625000 0.515625
vt 0.625000 0.515625
vt 0.562500 0.531250
vt 0.562500 0.515625
vt 0.750000 0.515625
vt 0.750000 0.531250
vt 0.718750 0.531250
vt 0.718750 0.515625
vt 0.218750 0.976562
vt 0.226562 0.976562
vt 0.226562 1.000000
vt 0.218750 1.000000
vt 0.218750 0.976562
vt 0.218750 1.000000
vt 0.210938 1.000000
vt 0.210938 0.976562
vt 0.218750 0.960938
vt 0.210938 0.960938
vt 0.242188 0.960938
vt 0.242188 0.976562
vt 0.218750 0.976562
vt 0.218750 0.960938
vt 0.250000 0.960938
vt 0.250000 0.976562
vt 0.242188 0.976562
vt 0.242188 0.960938
vt 0.187500 0.976562
vt 0.187500 0.960938
vt 0.210938 0.960938
vt 0.210938 0.976562
vt 0.828125 0.554688
vt 0.867188 0.554688
vt 0.867188 0.593750
vt 0.828125 0.593750
vt 0.828125 0.554688
vt 0.828125 0.593750
vt 0.789062 0.593750
vt 0.789062 0.554688
vt 0.828125 0.515625
vt 0.789062 0.515625
vt 0.789062 0.515625
vt 0.750000 0.554688
vt 0.750000 0.515625
vt 0.906250 0.515625
vt 0.906250 0.554688
vt 0.867188 0.554688
vt 0.867188 0.515625
vt 0.218750 0.976562
vt 0.226562 0.976562
vt 0.226562 1.000000
vt 0.218750 1.000000
vt 0.218750 0.976562
vt 0.218750 1.000000
vt 0.210938 1.000000
vt 0.210938 0.976562
vt 0.218750 0.960938
vt 0.210938 0.960938
vt 0.242188 0.960938
vt 0.242188 0.976562
vt 0.218750 0.976562
vt 0.218750 0.960938
vt 0.250000 0.960938
vt 0.250000 0.976562
vt 0.242188 0.976562
vt 0.242188 0.960938
vt 0.187500 0.976562
vt 0.187500 0.960938
vt 0.210938 0.960938
vt 0.210938 0.976562
vt 0.828125 0.554688
vt 0.867188 0.554688
vt 0.867188 0.593750
vt 0.828125 0.593750
vt 0.828125 0.554688
vt 0.828125 0.593750
vt 0.789062 0.593750
vt 0.789062 0.554688
vt 0.828125 0.515625
vt 0.789062 0.515625
vt 0.789062 0.515625
vt 0.750000 0.554688
vt 0.750000 0.515625
vt 0.906250 0.515625
vt 0.906250 0.554688
vt 0.867188 0.554688
vt 0.867188 0.515625
vt 0.218750 0.976562
vt 0.226562 0.976562
vt 0.226562 1.000000
vt 0.218750 1.000000
vt 0.218750 0.976562
vt 0.218750 1.000000
vt 0.210938 1.000000
vt 0.210938 0.976562
vt 0.218750 0.960938
vt 0.210938 0.960938
vt 0.242188 0.960938
vt 0.242188 0.976562
vt 0.218750 0.976562
vt 0.218750 0.960938
vt 0.250000 0.960938
vt 0.250000 0.976562
vt 0.242188 0.976562
vt 0.242188 0.960938
vt 0.187500 0.976562
vt 0.187500 0.960938
vt 0.210938 0.960938
vt 0.210938 0.976562
vt 0.828125 0.554688
vt 0.867188 0.554688
vt 0.867188 0.593750
vt 0.828125 0.593750
vt 0.828125 0.554688
vt 0.828125 0.593750
vt 0.789062 0.593750
vt 0.789062 0.554688
vt 0.828125 0.515625
vt 0.789062 0.515625
vt 0.789062 0.515625
vt 0.750000 0.554688
vt 0.750000 0.515625
vt 0.906250 0.515625
vt 0.906250 0.554688
vt 0.867188 0.554688
vt 0.867188 0.515625
vt 0.218750 0.976562
vt 0.226562 0.976562
vt 0.226562 1.000000
vt 0.218750 1.000000
vt 0.218750 0.976562
vt 0.218750 1.000000
vt 0.210938 1.000000
vt 0.210938 0.976562
vt 0.218750 0.960938
vt 0.210938 0.960938
vt 0.242188 0.960938
vt 0.242188 0.976562
vt 0.218750 0.976562
vt 0.218750 0.960938
vt 0.250000 0.960938
vt 0.250000 0.976562
vt 0.242188 0.976562
vt 0.242188 0.960938
vt 0.187500 0.976562
vt 0.187500 0.960938
vt 0.210938 0.960938
vt 0.210938 0.976562
vt 0.828125 0.554688
vt 0.867188 0.554688
vt 0.867188 0.593750
vt 0.828125 0.593750
vt 0.828125 0.554688
vt 0.828125 0.593750
vt 0.789062 0.593750
vt 0.789062 0.554688
vt 0.828125 0.515625
vt 0.789062 0.515625
vt 0.789062 0.515625
vt 0.750000 0.554688
vt 0.750000 0.515625
vt 0.906250 0.515625
vt 0.906250 0.554688
vt 0.867188 0.554688
vt 0.867188 0.515625
vt 0.218750 0.976562
vt 0.226562 0.976562
vt 0.226562 1.000000
vt 0.218750 1.000000
vt 0.218750 0.976562
vt 0.218750 1.000000
vt 0.210938 1.000000
vt 0.210938 0.976562
vt 0.218750 0.960938
vt 0.210938 0.960938
vt 0.242188 0.960938
vt 0.242188 0.976562
vt 0.218750 0.976562
vt 0.218750 0.960938
vt 0.250000 0.960938
vt 0.250000 0.976562
vt 0.242188 0.976562
vt 0.242188 0.960938
vt 0.187500 0.976562
vt 0.187500 0.960938
vt 0.210938 0.960938
vt 0.210938 0.976562
vt 0.828125 0.554688
vt 0.867188 0.554688
vt 0.867188 0.593750
vt 0.828125 0.593750
vt 0.828125 0.554688
vt 0.828125 0.593750
vt 0.789062 0.593750
vt 0.789062 0.554688
vt 0.828125 0.515625
vt 0.789062 0.515625
vt 0.789062 0.515625
vt 0.750000 0.554688
vt 0.750000 0.515625
vt 0.906250 0.515625
vt 0.906250 0.554688
vt 0.867188 0.554688
vt 0.867188 0.515625
vt 0.218750 0.976562
vt 0.226562 0.976562
vt 0.226562 1.000000
vt 0.218750 1.000000
vt 0.218750 0.976562
vt 0.218750 1.000000
vt 0.210938 1.000000
vt 0.210938 0.976562
vt 0.218750 0.960938
vt 0.210938 0.960938
vt 0.242188 0.960938
vt 0.242188 0.976562
vt 0.218750 0.976562
vt 0.218750 0.960938
vt 0.250000 0.960938
vt 0.250000 0.976562
vt 0.242188 0.976562
vt 0.242188 0.960938
vt 0.187500 0.976562
vt 0.187500 0.960938
vt 0.210938 0.960938
vt 0.210938 0.976562
vt 0.218750 0.976562
vt 0.226562 0.976562
vt 0.226562 1.000000
vt 0.218750 1.000000
vt 0.218750 0.976562
vt 0.218750 1.000000
vt 0.210938 1.000000
vt 0.210938 0.976562
vt 0.218750 0.960938
vt 0.210938 0.960938
vt 0.242188 0.960938
vt 0.242188 0.976562
vt 0.218750 0.976562
vt 0.218750 0.960938
vt 0.250000 0.960938
vt 0.250000 0.976562
vt 0.242188 0.976562
vt 0.242188 0.960938
vt 0.187500 0.976562
vt 0.187500 0.960938
vt 0.210938 0.960938
vt 0.210938 0.976562
vt 0.796875 0.683594
vt 0.843750 0.683594
vt 0.843750 0.746094
vt 0.796875 0.746094
vt 0.796875 0.683594
vt 0.796875 0.746094
vt 0.750000 0.746094
vt 0.750000 0.683594
vt 0.796875 0.667969
vt 0.750000 0.667969
vt 0.750000 0.667969
vt 0.703125 0.683594
vt 0.703125 0.667969
vt 0.890625 0.667969
vt 0.890625 0.683594
vt 0.843750 0.683594
vt 0.843750 0.667969
vt 0.460938 0.984375
vt 0.468750 0.984375
vt 0.468750 1.000000
vt 0.460938 1.000000
vt 0.460938 0.984375
vt 0.460938 1.000000
vt 0.453125 1.000000
vt 0.453125 0.984375
vt 0.460938 0.976562
vt 0.453125 0.976562
vt 0.453125 0.976562
vt 0.437500 0.984375
vt 0.437500 0.976562
vt 0.484375 0.976562
vt 0.484375 0.984375
vt 0.476562 0.984375
vt 0.476562 0.976562
vt 0.460938 0.984375
vt 0.468750 0.984375
vt 0.468750 1.000000
vt 0.460938 1.000000
vt 0.460938 0.984375
vt 0.460938 1.000000
vt 0.453125 1.000000
vt 0.453125 0.984375
vt 0.460938 0.976562
vt 0.453125 0.976562
vt 0.453125 0.976562
vt 0.437500 0.984375
vt 0.437500 0.976562
vt 0.484375 0.976562
vt 0.484375 0.984375
vt 0.476562 0.984375
vt 0.476562 0.976562
vt 0.796875 0.765625
vt 0.843750 0.765625
vt 0.843750 0.828125
vt 0.796875 0.828125
vt 0.796875 0.765625
vt 0.796875 0.828125
vt 0.750000 0.828125
vt 0.750000 0.765625
vt 0.796875 0.746094
vt 0.750000 0.746094
vt 0.750000 0.746094
vt 0.703125 0.765625
vt 0.703125 0.746094
vt 0.890625 0.746094
vt 0.890625 0.765625
vt 0.843750 0.765625
vt 0.843750 0.746094
vt 0.218750 0.976562
vt 0.226562 0.976562
vt 0.226562 1.000000
vt 0.218750 1.000000
vt 0.218750 0.976562
vt 0.218750 1.000000
vt 0.210938 1.000000
vt 0.210938 0.976562
vt 0.218750 0.960938
vt 0.210938 0.960938
vt 0.242188 0.960938
vt 0.242188 0.976562
vt 0.218750 0.976562
vt 0.218750 0.960938
vt 0.250000 0.960938
vt 0.250000 0.976562
vt 0.242188 0.976562
vt 0.242188 0.960938
vt 0.187500 0.976562
vt 0.187500 0.960938
vt 0.210938 0.960938
vt 0.210938 0.976562
vt 0.828125 0.554688
vt 0.867188 0.554688
vt 0.867188 0.593750
vt 0.828125 0.593750
vt 0.828125 0.554688
vt 0.828125 0.593750
vt 0.789062 0.593750
vt 0.789062 0.554688
vt 0.828125 0.515625
vt 0.789062 0.515625
vt 0.789062 0.515625
vt 0.750000 0.554688
vt 0.750000 0.515625
vt 0.906250 0.515625
vt 0.906250 0.554688
vt 0.867188 0.554688
vt 0.867188 0.515625
vt 0.218750 0.976562
vt 0.226562 0.976562
vt 0.226562 1.000000
vt 0.218750 1.000000
vt 0.218750 0.976562
vt 0.218750 1.000000
vt 0.210938 1.000000
vt 0.210938 0.976562
vt 0.218750 0.960938
vt 0.210938 0.960938
vt 0.242188 0.960938
vt 0.242188 0.976562
vt 0.218750 0.976562
vt 0.218750 0.960938
vt 0.250000 0.960938
vt 0.250000 0.976562
vt 0.242188 0.976562
vt 0.242188 0.960938
vt 0.187500 0.976562
vt 0.187500 0.960938
vt 0.210938 0.960938
vt 0.210938 0.976562
vt 0.828125 0.554688
vt 0.867188 0.554688
vt 0.867188 0.593750
vt 0.828125 0.593750
vt 0.828125 0.554688
vt 0.828125 0.593750
vt 0.789062 0.593750
vt 0.789062 0.554688
vt 0.828125 0.515625
vt 0.789062 0.515625
vt 0.789062 0.515625
vt 0.750000 0.554688
vt 0.750000 0.515625
vt 0.906250 0.515625
vt 0.906250 0.554688
vt 0.867188 0.554688
vt 0.867188 0.515625
vt 0.218750 0.976562
vt 0.226562 0.976562
vt 0.226562 1.000000
vt 0.218750 1.000000
vt 0.218750 0.976562
vt 0.218750 1.000000
vt 0.210938 1.000000
vt 0.210938 0.976562
vt 0.218750 0.960938
vt 0.210938 0.960938
vt 0.242188 0.960938
vt 0.242188 0.976562
vt 0.218750 0.976562
vt 0.218750 0.960938
vt 0.250000 0.960938
vt 0.250000 0.976562
vt 0.242188 0.976562
vt 0.242188 0.960938
vt 0.187500 0.976562
vt 0.187500 0.960938
vt 0.210938 0.960938
vt 0.210938 0.976562
vt 0.828125 0.554688
vt 0.867188 0.554688
vt 0.867188 0.593750
vt 0.828125 0.593750
vt 0.828125 0.554688
vt 0.828125 0.593750
vt 0.789062 0.593750
vt 0.789062 0.554688
vt 0.828125 0.515625
vt 0.789062 0.515625
vt 0.789062 0.515625
vt 0.750000 0.554688
vt 0.750000 0.515625
vt 0.906250 0.515625
vt 0.906250 0.554688
vt 0.867188 0.554688
vt 0.867188 0.515625
vt 0.218750 0.976562
vt 0.226562 0.976562
vt 0.226562 1.000000
vt 0.218750 1.000000
vt 0.218750 0.976562
vt 0.218750 1.000000
vt 0.210938 1.000000
vt 0.210938 0.976562
vt 0.218750 0.960938
vt 0.210938 0.960938
vt 0.242188 0.960938
vt 0.242188 0.976562
vt 0.218750 0.976562
vt 0.218750 0.960938
vt 0.250000 0.960938
vt 0.250000 0.976562
vt 0.242188 0.976562
vt 0.242188 0.960938
vt 0.187500 0.976562
vt 0.187500 0.960938
vt 0.210938 0.960938
vt 0.210938 0.976562
vt 0.828125 0.554688
vt 0.867188 0.554688
vt 0.867188 0.593750
vt 0.828125 0.593750
vt 0.828125 0.554688
vt 0.828125 0.593750
vt 0.789062 0.593750
vt 0.789062 0.554688
vt 0.828125 0.515625
vt 0.789062 0.515625
vt 0.789062 0.515625
vt 0.750000 0.554688
vt 0.750000 0.515625
vt 0.906250 0.515625
vt 0.906250 0.554688
vt 0.867188 0.554688
vt 0.867188 0.515625
vt 0.218750 0.976562
vt 0.226562 0.976562
vt 0.226562 1.000000
vt 0.218750 1.000000
vt 0.218750 0.976562
vt 0.218750 1.000000
vt 0.210938 1.000000
vt 0.210938 0.976562
vt 0.218750 0.960938
vt 0.210938 0.960938
vt 0.242188 0.960938
vt 0.242188 0.976562
vt 0.218750 0.976562
vt 0.218750 0.960938
vt 0.250000 0.960938
vt 0.250000 0.976562
vt 0.242188 0.976562
vt 0.242188 0.960938
vt 0.187500 0.976562
vt 0.187500 0.960938
vt 0.210938 0.960938
vt 0.210938 0.976562
vt 0.828125 0.554688
vt 0.867188 0.554688
vt 0.867188 0.593750
vt 0.828125 0.593750
vt 0.828125 0.554688
vt 0.828125 0.593750
vt 0.789062 0.593750
vt 0.789062 0.554688
vt 0.828125 0.515625
vt 0.789062 0.515625
vt 0.789062 0.515625
vt 0.750000 0.554688
vt 0.750000 0.515625
vt 0.906250 0.515625
vt 0.906250 0.554688
vt 0.867188 0.554688
vt 0.867188 0.515625
vt 0.218750 0.976562
vt 0.226562 0.976562
vt 0.226562 1.000000
vt 0.218750 1.000000
vt 0.218750 0.976562
vt 0.218750 1.000000
vt 0.210938 1.000000
vt 0.210938 0.976562
vt 0.218750 0.960938
vt 0.210938 0.960938
vt 0.242188 0.960938
vt 0.242188 0.976562
vt 0.218750 0.976562
vt 0.218750 0.960938
vt 0.250000 0.960938
vt 0.250000 0.976562
vt 0.242188 0.976562
vt 0.242188 0.960938
vt 0.187500 0.976562
vt 0.187500 0.960938
vt 0.210938 0.960938
vt 0.210938 0.976562
vt 0.828125 0.554688
vt 0.867188 0.554688
vt 0.867188 0.593750
vt 0.828125 0.593750
vt 0.828125 0.554688
vt 0.828125 0.593750
vt 0.789062 0.593750
vt 0.789062 0.554688
vt 0.828125 0.515625
vt 0.789062 0.515625
vt 0.789062 0.515625
vt 0.750000 0.554688
vt 0.750000 0.515625
vt 0.906250 0.515625
vt 0.906250 0.554688
vt 0.867188 0.554688
vt 0.867188 0.515625
vt 0.218750 0.976562
vt 0.226562 0.976562
vt 0.226562 1.000000
vt 0.218750 1.000000
vt 0.218750 0.976562
vt 0.218750 1.000000
vt 0.210938 1.000000
vt 0.210938 0.976562
vt 0.218750 0.960938
vt 0.210938 0.960938
vt 0.242188 0.960938
vt 0.242188 0.976562
vt 0.218750 0.976562
vt 0.218750 0.960938
vt 0.250000 0.960938
vt 0.250000 0.976562
vt 0.242188 0.976562
vt 0.242188 0.960938
vt 0.187500 0.976562
vt 0.187500 0.960938
vt 0.210938 0.960938
vt 0.210938 0.976562
vt 0.828125 0.554688
vt 0.867188 0.554688
vt 0.867188 0.593750
vt 0.828125 0.593750
vt 0.828125 0.554688
vt 0.828125 0.593750
vt 0.789062 0.593750
vt 0.789062 0.554688
vt 0.828125 0.515625
vt 0.789062 0.515625
vt 0.789062 0.515625
vt 0.750000 0.554688
vt 0.750000 0.515625
vt 0.906250 0.515625
vt 0.906250 0.554688
vt 0.867188 0.554688
vt 0.867188 0.515625
vt 0.218750 0.976562
vt 0.226562 0.976562
vt 0.226562 1.000000
vt 0.218750 1.000000
vt 0.218750 0.976562
vt 0.218750 1.000000
vt 0.210938 1.000000
vt 0.210938 0.976562
vt 0.218750 0.960938
vt 0.210938 0.960938
vt 0.242188 0.960938
vt 0.242188 0.976562
vt 0.218750 0.976562
vt 0.218750 0.960938
vt 0.250000 0.960938
vt 0.250000 0.976562
vt 0.242188 0.976562
vt 0.242188 0.960938
vt 0.187500 0.976562
vt 0.187500 0.960938
vt 0.210938 0.960938
vt 0.210938 0.976562
vt 0.828125 0.554688
vt 0.867188 0.554688
vt 0.867188 0.593750
vt 0.828125 0.593750
vt 0.828125 0.554688
vt 0.828125 0.593750
vt 0.789062 0.593750
vt 0.789062 0.554688
vt 0.828125 0.515625
vt 0.789062 0.515625
vt 0.789062 0.515625
vt 0.750000 0.554688
vt 0.750000 0.515625
vt 0.906250 0.515625
vt 0.906250 0.554688
vt 0.867188 0.554688
vt 0.867188 0.515625
vt 0.218750 0.976562
vt 0.226562 0.976562
vt 0.226562 1.000000
vt 0.218750 1.000000
vt 0.218750 0.976562
vt 0.218750 1.000000
vt 0.210938 1.000000
vt 0.210938 0.976562
vt 0.218750 0.960938
vt 0.210938 0.960938
vt 0.242188 0.960938
vt 0.242188 0.976562
vt 0.218750 0.976562
vt 0.218750 0.960938
vt 0.250000 0.960938
vt 0.250000 0.976562
vt 0.242188 0.976562
vt 0.242188 0.960938
vt 0.187500 0.976562
vt 0.187500 0.960938
vt 0.210938 0.960938
vt 0.210938 0.976562
vt 0.828125 0.554688
vt 0.867188 0.554688
vt 0.867188 0.593750
vt 0.828125 0.593750
vt 0.828125 0.554688
vt 0.828125 0.593750
vt 0.789062 0.593750
vt 0.789062 0.554688
vt 0.828125 0.515625
vt 0.789062 0.515625
vt 0.789062 0.515625
vt 0.750000 0.554688
vt 0.750000 0.515625
vt 0.906250 0.515625
vt 0.906250 0.554688
vt 0.867188 0.554688
vt 0.867188 0.515625
vt 0.218750 0.976562
vt 0.226562 0.976562
vt 0.226562 1.000000
vt 0.218750 1.000000
vt 0.218750 0.976562
vt 0.218750 1.000000
vt 0.210938 1.000000
vt 0.210938 0.976562
vt 0.218750 0.960938
vt 0.210938 0.960938
vt 0.242188 0.960938
vt 0.242188 0.976562
vt 0.218750 0.976562
vt 0.218750 0.960938
vt 0.250000 0.960938
vt 0.250000 0.976562
vt 0.242188 0.976562
vt 0.242188 0.960938
vt 0.187500 0.976562
vt 0.187500 0.960938
vt 0.210938 0.960938
vt 0.210938 0.976562
vt 0.828125 0.554688
vt 0.867188 0.554688
vt 0.867188 0.593750
vt 0.828125 0.593750
vt 0.828125 0.554688
vt 0.828125 0.593750
vt 0.789062 0.593750
vt 0.789062 0.554688
vt 0.828125 0.515625
vt 0.789062 0.515625
vt 0.789062 0.515625
vt 0.750000 0.554688
vt 0.750000 0.515625
vt 0.906250 0.515625
vt 0.906250 0.554688
vt 0.867188 0.554688
vt 0.867188 0.515625
vt 0.218750 0.976562
vt 0.226562 0.976562
vt 0.226562 1.000000
vt 0.218750 1.000000
vt 0.218750 0.976562
vt 0.218750 1.000000
vt 0.210938 1.000000
vt 0.210938 0.976562
vt 0.218750 0.960938
vt 0.210938 0.960938
vt 0.242188 0.960938
vt 0.242188 0.976562
vt 0.218750 0.976562
vt 0.218750 0.960938
vt 0.250000 0.960938
vt 0.250000 0.976562
vt 0.242188 0.976562
vt 0.242188 0.960938
vt 0.187500 0.976562
vt 0.187500 0.960938
vt 0.210938 0.960938
vt 0.210938 0.976562
vt 0.828125 0.554688
vt 0.867188 0.554688
vt 0.867188 0.593750
vt 0.828125 0.593750
vt 0.828125 0.554688
vt 0.828125 0.593750
vt 0.789062 0.593750
vt 0.789062 0.554688
vt 0.828125 0.515625
vt 0.789062 0.515625
vt 0.789062 0.515625
vt 0.750000 0.554688
vt 0.750000 0.515625
vt 0.906250 0.515625
vt 0.906250 0.554688
vt 0.867188 0.554688
vt 0.867188 0.515625
vt 0.218750 0.976562
vt 0.226562 0.976562
vt 0.226562 1.000000
vt 0.218750 1.000000
vt 0.218750 0.976562
vt 0.218750 1.000000
vt 0.210938 1.000000
vt 0.210938 0.976562
vt 0.218750 0.960938
vt 0.210938 0.960938
vt 0.242188 0.960938
vt 0.242188 0.976562
vt 0.218750 0.976562
vt 0.218750 0.960938
vt 0.250000 0.960938
vt 0.250000 0.976562
vt 0.242188 0.976562
vt 0.242188 0.960938
vt 0.187500 0.976562
vt 0.187500 0.960938
vt 0.210938 0.960938
vt 0.210938 0.976562
vt 0.828125 0.554688
vt 0.867188 0.554688
vt 0.867188 0.593750
vt 0.828125 0.593750
vt 0.828125 0.554688
vt 0.828125 0.593750
vt 0.789062 0.593750
vt 0.789062 0.554688
vt 0.828125 0.515625
vt 0.789062 0.515625
vt 0.789062 0.515625
vt 0.750000 0.554688
vt 0.750000 0.515625
vt 0.906250 0.515625
vt 0.906250 0.554688
vt 0.867188 0.554688
vt 0.867188 0.515625
vt 0.687500 0.625000
vt 0.906250 0.625000
vt 0.906250 0.656250
vt 0.687500 0.656250
vt 0.687500 0.625000
vt 0.687500 0.656250
vt 0.468750 0.656250
vt 0.468750 0.625000
vt 0.687500 0.593750
vt 0.468750 0.593750
vt 0.468750 0.593750
vt 0.437500 0.625000
vt 0.437500 0.593750
vt 0.937500 0.593750
vt 0.937500 0.625000
vt 0.718750 0.625000
vt 0.718750 0.593750
vt 0.199219 0.218750
vt 0.171875 0.218750
vt 0.171875 0.238281
vt 0.199219 0.238281
vt 0.199219 0.218750
vt 0.199219 0.238281
vt 0.171875 0.238281
vt 0.171875 0.218750
vt 0.199219 0.222656
vt 0.171875 0.222656
vt 0.171875 0.218750
vt 0.199219 0.218750
vt 0.199219 0.238281
vt 0.171875 0.218750
vt 0.199219 0.234375
vt 0.199219 0.238281
vt 0.171875 0.238281
vt 0.171875 0.234375
vt 0.171875 0.238281
vt 0.171875 0.218750
vt 0.199219 0.218750
vt 0.171875 0.218750
vt 0.144531 0.218750
vt 0.144531 0.265625
vt 0.171875 0.265625
vt 0.171875 0.218750
vt 0.171875 0.265625
vt 0.144531 0.265625
vt 0.144531 0.218750
vt 0.171875 0.222656
vt 0.144531 0.222656
vt 0.144531 0.218750
vt 0.171875 0.218750
vt 0.171875 0.265625
vt 0.144531 0.218750
vt 0.171875 0.261719
vt 0.171875 0.265625
vt 0.144531 0.265625
vt 0.144531 0.261719
vt 0.144531 0.265625
vt 0.144531 0.218750
vt 0.171875 0.218750
vt 0.144531 0.218750
vt 0.117188 0.218750
vt 0.117188 0.289062
vt 0.144531 0.289062
vt 0.144531 0.218750
vt 0.144531 0.289062
vt 0.117188 0.289062
vt 0.117188 0.218750
vt 0.144531 0.222656
vt 0.117188 0.222656
vt 0.117188 0.218750
vt 0.144531 0.218750
vt 0.144531 0.289062
vt 0.117188 0.218750
vt 0.144531 0.285156
vt 0.144531 0.289062
vt 0.117188 0.289062
vt 0.117188 0.285156
vt 0.117188 0.289062
vt 0.117188 0.218750
vt 0.144531 0.218750
vt 0.117188 0.218750
vt 0.097656 0.218750
vt 0.097656 0.312500
vt 0.117188 0.312500
vt 0.117188 0.218750
vt 0.117188 0.312500
vt 0.097656 0.312500
vt 0.097656 0.218750
vt 0.117188 0.222656
vt 0.097656 0.222656
vt 0.097656 0.218750
vt 0.117188 0.218750
vt 0.117188 0.312500
vt 0.097656 0.218750
vt 0.117188 0.308594
vt 0.117188 0.312500
vt 0.097656 0.312500
vt 0.097656 0.308594
vt 0.097656 0.312500
vt 0.097656 0.218750
vt 0.117188 0.218750
vt 0.097656 0.218750
vt 0.078125 0.218750
vt 0.078125 0.332031
vt 0.097656 0.332031
vt 0.097656 0.218750
vt 0.097656 0.332031
vt 0.078125 0.332031
vt 0.078125 0.218750
vt 0.097656 0.222656
vt 0.078125 0.222656
vt 0.078125 0.218750
vt 0.097656 0.218750
vt 0.097656 0.332031
vt 0.078125 0.218750
vt 0.097656 0.328125
vt 0.097656 0.332031
vt 0.078125 0.332031
vt 0.078125 0.328125
vt 0.078125 0.332031
vt 0.078125 0.218750
vt 0.097656 0.218750
vt 0.078125 0.218750
vt 0.070312 0.218750
vt 0.070312 0.343750
vt 0.078125 0.343750
vt 0.078125 0.218750
vt 0.078125 0.343750
vt 0.070312 0.343750
vt 0.070312 0.218750
vt 0.078125 0.222656
vt 0.070312 0.222656
vt 0.070312 0.218750
vt 0.078125 0.218750
vt 0.078125 0.343750
vt 0.070312 0.218750
vt 0.078125 0.339844
vt 0.078125 0.343750
vt 0.070312 0.343750
vt 0.070312 0.339844
vt 0.070312 0.343750
vt 0.070312 0.218750
vt 0.078125 0.218750
vt 0.070312 0.218750
vt 0.062500 0.218750
vt 0.062500 0.355469
vt 0.070312 0.355469
vt 0.070312 0.218750
vt 0.070312 0.355469
vt 0.062500 0.355469
vt 0.062500 0.218750
vt 0.070312 0.222656
vt 0.062500 0.222656
vt 0.062500 0.218750
vt 0.070312 0.218750
vt 0.070312 0.355469
vt 0.062500 0.218750
vt 0.070312 0.351562
vt 0.070312 0.355469
vt 0.062500 0.355469
vt 0.062500 0.351562
vt 0.062500 0.355469
vt 0.062500 0.218750
vt 0.070312 0.218750
vt 0.062500 0.218750
vt 0.054688 0.218750
vt 0.054688 0.371094
vt 0.062500 0.371094
vt 0.062500 0.218750
vt 0.062500 0.371094
vt 0.054688 0.371094
vt 0.054688 0.218750
vt 0.062500 0.222656
vt 0.054688 0.222656
vt 0.054688 0.218750
vt 0.062500 0.218750
vt 0.062500 0.371094
vt 0.054688 0.218750
vt 0.062500 0.367188
vt 0.062500 0.371094
vt 0.054688 0.371094
vt 0.054688 0.367188
vt 0.054688 0.371094
vt 0.054688 0.218750
vt 0.062500 0.218750
vt 0.003906 0.218750
vt 0.000000 0.218750
vt 0.000000 0.226562
vt 0.003906 0.226562
vt 0.003906 0.218750
vt 0.003906 0.226562
vt 0.000000 0.226562
vt 0.000000 0.218750
vt 0.003906 0.222656
vt 0.000000 0.222656
vt 0.000000 0.218750
vt 0.003906 0.218750
vt 0.003906 0.226562
vt 0.000000 0.218750
vt 0.003906 0.222656
vt 0.003906 0.226562
vt 0.000000 0.226562
vt 0.000000 0.222656
vt 0.000000 0.226562
vt 0.000000 0.218750
vt 0.003906 0.218750
vt 0.007812 0.218750
vt 0.003906 0.218750
vt 0.003906 0.234375
vt 0.007812 0.234375
vt 0.007812 0.218750
vt 0.007812 0.234375
vt 0.003906 0.234375
vt 0.003906 0.218750
vt 0.007812 0.222656
vt 0.003906 0.222656
vt 0.003906 0.218750
vt 0.007812 0.218750
vt 0.007812 0.234375
vt 0.003906 0.218750
vt 0.007812 0.230469
vt 0.007812 0.234375
vt 0.003906 0.234375
vt 0.003906 0.230469
vt 0.003906 0.234375
vt 0.003906 0.218750
vt 0.007812 0.218750
vt 0.011719 0.218750
vt 0.007812 0.218750
vt 0.007812 0.242188
vt 0.011719 0.242188
vt 0.011719 0.218750
vt 0.011719 0.242188
vt 0.007812 0.242188
vt 0.007812 0.218750
vt 0.011719 0.222656
vt 0.007812 0.222656
vt 0.007812 0.218750
vt 0.011719 0.218750
vt 0.011719 0.242188
vt 0.007812 0.218750
vt 0.011719 0.238281
vt 0.011719 0.242188
vt 0.007812 0.242188
vt 0.007812 0.238281
vt 0.007812 0.242188
vt 0.007812 0.218750
vt 0.011719 0.218750
vt 0.015625 0.218750
vt 0.011719 0.218750
vt 0.011719 0.246094
vt 0.015625 0.246094
vt 0.015625 0.218750
vt 0.015625 0.246094
vt 0.011719 0.246094
vt 0.011719 0.218750
vt 0.015625 0.222656
vt 0.011719 0.222656
vt 0.011719 0.218750
vt 0.015625 0.218750
vt 0.015625 0.246094
vt 0.011719 0.218750
vt 0.015625 0.242188
vt 0.015625 0.246094
vt 0.011719 0.246094
vt 0.011719 0.242188
vt 0.011719 0.246094
vt 0.011719 0.218750
vt 0.015625 0.218750
vt 0.019531 0.218750
vt 0.015625 0.218750
vt 0.015625 0.250000
vt 0.019531 0.250000
vt 0.019531 0.218750
vt 0.019531 0.250000
vt 0.015625 0.250000
vt 0.015625 0.218750
vt 0.019531 0.222656
vt 0.015625 0.222656
vt 0.015625 0.218750
vt 0.019531 0.218750
vt 0.019531 0.250000
vt 0.015625 0.218750
vt 0.019531 0.246094
vt 0.019531 0.250000
vt 0.015625 0.250000
vt 0.015625 0.246094
vt 0.015625 0.250000
vt 0.015625 0.218750
vt 0.019531 0.218750
vt 0.023438 0.218750
vt 0.019531 0.218750
vt 0.019531 0.257812
vt 0.023438 0.257812
vt 0.023438 0.218750
vt 0.023438 0.257812
vt 0.019531 0.257812
vt 0.019531 0.218750
vt 0.023438 0.222656
vt 0.019531 0.222656
vt 0.019531 0.218750
vt 0.023438 0.218750
vt 0.023438 0.257812
vt 0.019531 0.218750
vt 0.023438 0.253906
vt 0.023438 0.257812
vt 0.019531 0.257812
vt 0.019531 0.253906
vt 0.019531 0.257812
vt 0.019531 0.218750
vt 0.023438 0.218750
vt 0.027344 0.218750
vt 0.023438 0.218750
vt 0.023438 0.261719
vt 0.027344 0.261719
vt 0.027344 0.218750
vt 0.027344 0.261719
vt 0.023438 0.261719
vt 0.023438 0.218750
vt 0.027344 0.222656
vt 0.023438 0.222656
vt 0.023438 0.218750
vt 0.027344 0.218750
vt 0.027344 0.261719
vt 0.023438 0.218750
vt 0.027344 0.257812
vt 0.027344 0.261719
vt 0.023438 0.261719
vt 0.023438 0.257812
vt 0.023438 0.261719
vt 0.023438 0.218750
vt 0.027344 0.218750
vt 0.031250 0.218750
vt 0.027344 0.218750
vt 0.027344 0.269531
vt 0.031250 0.269531
vt 0.031250 0.218750
vt 0.031250 0.269531
vt 0.027344 0.269531
vt 0.027344 0.218750
vt 0.031250 0.222656
vt 0.027344 0.222656
vt 0.027344 0.218750
vt 0.031250 0.218750
vt 0.031250 0.269531
vt 0.027344 0.218750
vt 0.031250 0.265625
vt 0.031250 0.269531
vt 0.027344 0.269531
vt 0.027344 0.265625
vt 0.027344 0.269531
vt 0.027344 0.218750
vt 0.031250 0.218750
vt 0.035156 0.218750
vt 0.031250 0.218750
vt 0.031250 0.281250
vt 0.035156 0.281250
vt 0.035156 0.218750
vt 0.035156 0.281250
vt 0.031250 0.281250
vt 0.031250 0.218750
vt 0.035156 0.222656
vt 0.031250 0.222656
vt 0.031250 0.218750
vt 0.035156 0.218750
vt 0.035156 0.281250
vt 0.031250 0.218750
vt 0.035156 0.277344
vt 0.035156 0.281250
vt 0.031250 0.281250
vt 0.031250 0.277344
vt 0.031250 0.281250
vt 0.031250 0.218750
vt 0.035156 0.218750
vt 0.039062 0.218750
vt 0.035156 0.218750
vt 0.035156 0.292969
vt 0.039062 0.292969
vt 0.039062 0.218750
vt 0.039062 0.292969
vt 0.035156 0.292969
vt 0.035156 0.218750
vt 0.039062 0.222656
vt 0.035156 0.222656
vt 0.035156 0.218750
vt 0.039062 0.218750
vt 0.039062 0.292969
vt 0.035156 0.218750
vt 0.039062 0.289062
vt 0.039062 0.292969
vt 0.035156 0.292969
vt 0.035156 0.289062
vt 0.035156 0.292969
vt 0.035156 0.218750
vt 0.039062 0.218750
vt 0.042969 0.218750
vt 0.039062 0.218750
vt 0.039062 0.308594
vt 0.042969 0.308594
vt 0.042969 0.218750
vt 0.042969 0.308594
vt 0.039062 0.308594
vt 0.039062 0.218750
vt 0.042969 0.222656
vt 0.039062 0.222656
vt 0.039062 0.218750
vt 0.042969 0.218750
vt 0.042969 0.308594
vt 0.039062 0.218750
vt 0.042969 0.304688
vt 0.042969 0.308594
vt 0.039062 0.308594
vt 0.039062 0.304688
vt 0.039062 0.308594
vt 0.039062 0.218750
vt 0.042969 0.218750
vt 0.046875 0.218750
vt 0.042969 0.218750
vt 0.042969 0.328125
vt 0.046875 0.328125
vt 0.046875 0.218750
vt 0.046875 0.328125
vt 0.042969 0.328125
vt 0.042969 0.218750
vt 0.046875 0.222656
vt 0.042969 0.222656
vt 0.042969 0.218750
vt 0.046875 0.218750
vt 0.046875 0.328125
vt 0.042969 0.218750
vt 0.046875 0.324219
vt 0.046875 0.328125
vt 0.042969 0.328125
vt 0.042969 0.324219
vt 0.042969 0.328125
vt 0.042969 0.218750
vt 0.046875 0.218750
vt 0.054688 0.218750
vt 0.046875 0.218750
vt 0.046875 0.382812
vt 0.054688 0.382812
vt 0.054688 0.218750
vt 0.054688 0.382812
vt 0.046875 0.382812
vt 0.046875 0.218750
vt 0.054688 0.222656
vt 0.046875 0.222656
vt 0.046875 0.218750
vt 0.054688 0.218750
vt 0.054688 0.382812
vt 0.046875 0.218750
vt 0.054688 0.378906
vt 0.054688 0.382812
vt 0.046875 0.382812
vt 0.046875 0.378906
vt 0.046875 0.382812
vt 0.046875 0.218750
vt 0.054688 0.218750
vt 0.046875 0.378906
vt 0.042969 0.378906
vt 0.042969 0.390625
vt 0.046875 0.390625
vt 0.046875 0.378906
vt 0.046875 0.390625
vt 0.042969 0.390625
vt 0.042969 0.378906
vt 0.046875 0.382812
vt 0.042969 0.382812
vt 0.042969 0.378906
vt 0.046875 0.378906
vt 0.046875 0.390625
vt 0.042969 0.378906
vt 0.046875 0.386719
vt 0.046875 0.390625
vt 0.042969 0.390625
vt 0.042969 0.386719
vt 0.042969 0.390625
vt 0.042969 0.378906
vt 0.046875 0.378906
vt 0.050781 0.398438
vt 0.046875 0.398438
vt 0.046875 0.402344
vt 0.050781 0.402344
vt 0.050781 0.398438
vt 0.050781 0.402344
vt 0.046875 0.402344
vt 0.046875 0.398438
vt 0.050781 0.402344
vt 0.046875 0.402344
vt 0.046875 0.398438
vt 0.050781 0.402344
vt 0.050781 0.402344
vt 0.050781 0.398438
vt 0.050781 0.402344
vt 0.046875 0.402344
vt 0.046875 0.398438
vt 0.046875 0.402344
vt 0.046875 0.398438
vt 0.050781 0.398438
vt 0.058594 0.382812
vt 0.050781 0.382812
vt 0.050781 0.402344
vt 0.058594 0.402344
vt 0.058594 0.382812
vt 0.058594 0.402344
vt 0.050781 0.402344
vt 0.050781 0.382812
vt 0.058594 0.386719
vt 0.050781 0.386719
vt 0.050781 0.382812
vt 0.058594 0.394531
vt 0.058594 0.402344
vt 0.050781 0.394531
vt 0.058594 0.398438
vt 0.058594 0.402344
vt 0.050781 0.402344
vt 0.050781 0.398438
vt 0.050781 0.402344
vt 0.050781 0.382812
vt 0.058594 0.382812
vt 0.066406 0.371094
vt 0.058594 0.371094
vt 0.058594 0.402344
vt 0.066406 0.402344
vt 0.066406 0.371094
vt 0.066406 0.402344
vt 0.058594 0.402344
vt 0.058594 0.371094
vt 0.066406 0.375000
vt 0.058594 0.375000
vt 0.058594 0.371094
vt 0.066406 0.394531
vt 0.066406 0.402344
vt 0.058594 0.394531
vt 0.066406 0.398438
vt 0.066406 0.402344
vt 0.058594 0.402344
vt 0.058594 0.398438
vt 0.058594 0.402344
vt 0.058594 0.371094
vt 0.066406 0.371094
vt 0.070312 0.367188
vt 0.066406 0.367188
vt 0.066406 0.398438
vt 0.070312 0.398438
vt 0.070312 0.367188
vt 0.070312 0.398438
vt 0.066406 0.398438
vt 0.066406 0.367188
vt 0.070312 0.371094
vt 0.066406 0.371094
vt 0.066406 0.367188
vt 0.070312 0.390625
vt 0.070312 0.398438
vt 0.066406 0.390625
vt 0.070312 0.394531
vt 0.070312 0.398438
vt 0.066406 0.398438
vt 0.066406 0.394531
vt 0.066406 0.398438
vt 0.066406 0.367188
vt 0.070312 0.367188
vt 0.085938 0.347656
vt 0.070312 0.347656
vt 0.070312 0.398438
vt 0.085938 0.398438
vt 0.085938 0.347656
vt 0.085938 0.398438
vt 0.070312 0.398438
vt 0.070312 0.347656
vt 0.085938 0.351562
vt 0.070312 0.351562
vt 0.070312 0.347656
vt 0.085938 0.390625
vt 0.085938 0.398438
vt 0.070312 0.390625
vt 0.085938 0.394531
vt 0.085938 0.398438
vt 0.070312 0.398438
vt 0.070312 0.394531
vt 0.070312 0.398438
vt 0.070312 0.347656
vt 0.085938 0.347656
vt 0.105469 0.328125
vt 0.085938 0.328125
vt 0.085938 0.398438
vt 0.105469 0.398438
vt 0.105469 0.328125
vt 0.105469 0.398438
vt 0.085938 0.398438
vt 0.085938 0.328125
vt 0.105469 0.332031
vt 0.085938 0.332031
vt 0.085938 0.328125
vt 0.105469 0.390625
vt 0.105469 0.398438
vt 0.085938 0.390625
vt 0.105469 0.394531
vt 0.105469 0.398438
vt 0.085938 0.398438
vt 0.085938 0.394531
vt 0.085938 0.398438
vt 0.085938 0.328125
vt 0.105469 0.328125
vt 0.113281 0.320312
vt 0.105469 0.320312
vt 0.105469 0.394531
vt 0.113281 0.394531
vt 0.113281 0.320312
vt 0.113281 0.394531
vt 0.105469 0.394531
vt 0.105469 0.320312
vt 0.113281 0.324219
vt 0.105469 0.324219
vt 0.105469 0.320312
vt 0.113281 0.386719
vt 0.113281 0.394531
vt 0.105469 0.386719
vt 0.113281 0.390625
vt 0.113281 0.394531
vt 0.105469 0.394531
vt 0.105469 0.390625
vt 0.105469 0.394531
vt 0.105469 0.320312
vt 0.113281 0.320312
vt 0.140625 0.296875
vt 0.113281 0.296875
vt 0.113281 0.394531
vt 0.140625 0.394531
vt 0.140625 0.296875
vt 0.140625 0.394531
vt 0.113281 0.394531
vt 0.113281 0.296875
vt 0.140625 0.300781
vt 0.113281 0.300781
vt 0.113281 0.296875
vt 0.140625 0.390625
vt 0.140625 0.394531
vt 0.113281 0.390625
vt 0.140625 0.390625
vt 0.140625 0.394531
vt 0.113281 0.394531
vt 0.113281 0.390625
vt 0.113281 0.394531
vt 0.113281 0.296875
vt 0.140625 0.296875
vt 0.164062 0.277344
vt 0.140625 0.277344
vt 0.140625 0.398438
vt 0.164062 0.398438
vt 0.164062 0.277344
vt 0.164062 0.398438
vt 0.140625 0.398438
vt 0.140625 0.277344
vt 0.164062 0.281250
vt 0.140625 0.281250
vt 0.140625 0.277344
vt 0.164062 0.390625
vt 0.164062 0.398438
vt 0.140625 0.390625
vt 0.164062 0.394531
vt 0.164062 0.398438
vt 0.140625 0.398438
vt 0.140625 0.394531
vt 0.140625 0.398438
vt 0.140625 0.277344
vt 0.164062 0.277344
vt 0.171875 0.269531
vt 0.164062 0.269531
vt 0.164062 0.402344
vt 0.171875 0.402344
vt 0.171875 0.269531
vt 0.171875 0.402344
vt 0.164062 0.402344
vt 0.164062 0.269531
vt 0.171875 0.273438
vt 0.164062 0.273438
vt 0.164062 0.269531
vt 0.171875 0.394531
vt 0.171875 0.402344
vt 0.164062 0.394531
vt 0.171875 0.398438
vt 0.171875 0.402344
vt 0.164062 0.402344
vt 0.164062 0.398438
vt 0.164062 0.402344
vt 0.164062 0.269531
vt 0.171875 0.269531
vt 0.183594 0.257812
vt 0.171875 0.257812
vt 0.171875 0.406250
vt 0.183594 0.406250
vt 0.183594 0.257812
vt 0.183594 0.406250
vt 0.171875 0.406250
vt 0.171875 0.257812
vt 0.183594 0.261719
vt 0.171875 0.261719
vt 0.171875 0.257812
vt 0.183594 0.402344
vt 0.183594 0.406250
vt 0.171875 0.402344
vt 0.183594 0.402344
vt 0.183594 0.406250
vt 0.171875 0.406250
vt 0.171875 0.402344
vt 0.171875 0.406250
vt 0.171875 0.257812
vt 0.183594 0.257812
vt 0.191406 0.253906
vt 0.183594 0.253906
vt 0.183594 0.410156
vt 0.191406 0.410156
vt 0.191406 0.253906
vt 0.191406 0.410156
vt 0.183594 0.410156
vt 0.183594 0.253906
vt 0.191406 0.257812
vt 0.183594 0.257812
vt 0.183594 0.253906
vt 0.191406 0.406250
vt 0.191406 0.410156
vt 0.183594 0.406250
vt 0.191406 0.406250
vt 0.191406 0.410156
vt 0.183594 0.410156
vt 0.183594 0.406250
vt 0.183594 0.410156
vt 0.183594 0.253906
vt 0.191406 0.253906
vt 0.195312 0.250000
vt 0.191406 0.250000
vt 0.191406 0.414062
vt 0.195312 0.414062
vt 0.195312 0.250000
vt 0.195312 0.414062
vt 0.191406 0.414062
vt 0.191406 0.250000
vt 0.195312 0.253906
vt 0.191406 0.253906
vt 0.191406 0.250000
vt 0.195312 0.398438
vt 0.195312 0.414062
vt 0.191406 0.398438
vt 0.195312 0.410156
vt 0.195312 0.414062
vt 0.191406 0.414062
vt 0.191406 0.410156
vt 0.191406 0.414062
vt 0.191406 0.250000
vt 0.195312 0.250000
vt 0.203125 0.242188
vt 0.195312 0.242188
vt 0.195312 0.417969
vt 0.203125 0.417969
vt 0.203125 0.242188
vt 0.203125 0.417969
vt 0.195312 0.417969
vt 0.195312 0.242188
vt 0.203125 0.246094
vt 0.195312 0.246094
vt 0.195312 0.242188
vt 0.203125 0.414062
vt 0.203125 0.417969
vt 0.195312 0.414062
vt 0.203125 0.414062
vt 0.203125 0.417969
vt 0.195312 0.417969
vt 0.195312 0.414062
vt 0.195312 0.417969
vt 0.195312 0.242188
vt 0.203125 0.242188
vt 0.207031 0.242188
vt 0.203125 0.242188
vt 0.203125 0.425781
vt 0.207031 0.425781
vt 0.207031 0.242188
vt 0.207031 0.425781
vt 0.203125 0.425781
vt 0.203125 0.242188
vt 0.207031 0.246094
vt 0.203125 0.246094
vt 0.203125 0.242188
vt 0.207031 0.421875
vt 0.207031 0.425781
vt 0.203125 0.421875
vt 0.207031 0.242188
vt 0.207031 0.246094
vt 0.203125 0.246094
vt 0.203125 0.242188
vt 0.203125 0.425781
vt 0.203125 0.242188
vt 0.207031 0.242188
vt 0.210938 0.292969
vt 0.207031 0.292969
vt 0.207031 0.429688
vt 0.210938 0.429688
vt 0.210938 0.292969
vt 0.210938 0.429688
vt 0.207031 0.429688
vt 0.207031 0.292969
vt 0.210938 0.296875
vt 0.207031 0.296875
vt 0.207031 0.292969
vt 0.210938 0.425781
vt 0.210938 0.429688
vt 0.207031 0.425781
vt 0.210938 0.292969
vt 0.210938 0.296875
vt 0.207031 0.296875
vt 0.207031 0.292969
vt 0.207031 0.429688
vt 0.207031 0.292969
vt 0.210938 0.292969
vt 0.210938 0.406250
vt 0.214844 0.406250
vt 0.214844 0.433594
vt 0.210938 0.433594
vt 0.214844 0.406250
vt 0.214844 0.433594
vt 0.210938 0.433594
vt 0.210938 0.406250
vt 0.214844 0.406250
vt 0.214844 0.410156
vt 0.210938 0.410156
vt 0.210938 0.406250
vt 0.214844 0.425781
vt 0.214844 0.433594
vt 0.210938 0.425781
vt 0.214844 0.406250
vt 0.214844 0.410156
vt 0.210938 0.410156
vt 0.210938 0.406250
vt 0.210938 0.433594
vt 0.214844 0.406250
vt 0.203125 0.218750
vt 0.207031 0.218750
vt 0.207031 0.242188
vt 0.203125 0.242188
vt 0.207031 0.218750
vt 0.207031 0.242188
vt 0.203125 0.242188
vt 0.203125 0.218750
vt 0.207031 0.218750
vt 0.207031 0.226562
vt 0.203125 0.226562
vt 0.203125 0.218750
vt 0.207031 0.242188
vt 0.203125 0.218750
vt 0.207031 0.218750
vt 0.207031 0.226562
vt 0.203125 0.226562
vt 0.203125 0.218750
vt 0.203125 0.242188
vt 0.207031 0.218750
vt 0.199219 0.218750
vt 0.203125 0.218750
vt 0.203125 0.242188
vt 0.199219 0.242188
vt 0.203125 0.218750
vt 0.203125 0.242188
vt 0.199219 0.242188
vt 0.199219 0.218750
vt 0.203125 0.218750
vt 0.203125 0.226562
vt 0.199219 0.226562
vt 0.199219 0.218750
vt 0.203125 0.242188
vt 0.199219 0.218750
vt 0.203125 0.218750
vt 0.203125 0.226562
vt 0.199219 0.226562
vt 0.199219 0.218750
vt 0.199219 0.242188
vt 0.203125 0.218750
vt 0.195312 0.222656
vt 0.199219 0.222656
vt 0.199219 0.246094
vt 0.195312 0.246094
vt 0.199219 0.222656
vt 0.199219 0.246094
vt 0.195312 0.246094
vt 0.195312 0.222656
vt 0.199219 0.222656
vt 0.199219 0.230469
vt 0.195312 0.230469
vt 0.195312 0.222656
vt 0.199219 0.246094
vt 0.195312 0.222656
vt 0.199219 0.222656
vt 0.199219 0.230469
vt 0.195312 0.230469
vt 0.195312 0.222656
vt 0.195312 0.246094
vt 0.199219 0.222656
vt 0.191406 0.226562
vt 0.195312 0.226562
vt 0.195312 0.250000
vt 0.191406 0.250000
vt 0.195312 0.226562
vt 0.195312 0.250000
vt 0.191406 0.250000
vt 0.191406 0.226562
vt 0.195312 0.226562
vt 0.195312 0.234375
vt 0.191406 0.234375
vt 0.191406 0.226562
vt 0.195312 0.250000
vt 0.191406 0.226562
vt 0.195312 0.226562
vt 0.195312 0.234375
vt 0.191406 0.234375
vt 0.191406 0.226562
vt 0.191406 0.250000
vt 0.195312 0.226562
vt 0.187500 0.230469
vt 0.191406 0.230469
vt 0.191406 0.253906
vt 0.187500 0.253906
vt 0.191406 0.230469
vt 0.191406 0.253906
vt 0.187500 0.253906
vt 0.187500 0.230469
vt 0.191406 0.230469
vt 0.191406 0.238281
vt 0.187500 0.238281
vt 0.187500 0.230469
vt 0.191406 0.253906
vt 0.187500 0.230469
vt 0.191406 0.230469
vt 0.191406 0.238281
vt 0.187500 0.238281
vt 0.187500 0.230469
vt 0.187500 0.253906
vt 0.191406 0.230469
vt 0.183594 0.230469
vt 0.187500 0.230469
vt 0.187500 0.253906
vt 0.183594 0.253906
vt 0.187500 0.230469
vt 0.187500 0.253906
vt 0.183594 0.253906
vt 0.183594 0.230469
vt 0.187500 0.230469
vt 0.187500 0.238281
vt 0.183594 0.238281
vt 0.183594 0.230469
vt 0.187500 0.253906
vt 0.183594 0.230469
vt 0.187500 0.230469
vt 0.187500 0.238281
vt 0.183594 0.238281
vt 0.183594 0.230469
vt 0.183594 0.253906
vt 0.187500 0.230469
vt 0.179688 0.234375
vt 0.183594 0.234375
vt 0.183594 0.257812
vt 0.179688 0.257812
vt 0.183594 0.234375
vt 0.183594 0.257812
vt 0.179688 0.257812
vt 0.179688 0.234375
vt 0.183594 0.234375
vt 0.183594 0.242188
vt 0.179688 0.242188
vt 0.179688 0.234375
vt 0.183594 0.257812
vt 0.179688 0.234375
vt 0.183594 0.234375
vt 0.183594 0.242188
vt 0.179688 0.242188
vt 0.179688 0.234375
vt 0.179688 0.257812
vt 0.183594 0.234375
vt 0.175781 0.238281
vt 0.179688 0.238281
vt 0.179688 0.261719
vt 0.175781 0.261719
vt 0.179688 0.238281
vt 0.179688 0.261719
vt 0.175781 0.261719
vt 0.175781 0.238281
vt 0.179688 0.238281
vt 0.179688 0.246094
vt 0.175781 0.246094
vt 0.175781 0.238281
vt 0.179688 0.261719
vt 0.175781 0.238281
vt 0.179688 0.238281
vt 0.179688 0.246094
vt 0.175781 0.246094
vt 0.175781 0.238281
vt 0.175781 0.261719
vt 0.179688 0.238281
vt 0.171875 0.238281
vt 0.175781 0.238281
vt 0.175781 0.265625
vt 0.171875 0.265625
vt 0.175781 0.238281
vt 0.175781 0.265625
vt 0.171875 0.265625
vt 0.171875 0.238281
vt 0.175781 0.238281
vt 0.175781 0.246094
vt 0.171875 0.246094
vt 0.171875 0.238281
vt 0.175781 0.265625
vt 0.171875 0.238281
vt 0.175781 0.238281
vt 0.175781 0.246094
vt 0.171875 0.246094
vt 0.171875 0.238281
vt 0.171875 0.265625
vt 0.175781 0.238281
vt 0.167969 0.242188
vt 0.171875 0.242188
vt 0.171875 0.269531
vt 0.167969 0.269531
vt 0.171875 0.242188
vt 0.171875 0.269531
vt 0.167969 0.269531
vt 0.167969 0.242188
vt 0.171875 0.242188
vt 0.171875 0.250000
vt 0.167969 0.250000
vt 0.167969 0.242188
vt 0.171875 0.269531
vt 0.167969 0.242188
vt 0.171875 0.242188
vt 0.171875 0.250000
vt 0.167969 0.250000
vt 0.167969 0.242188
vt 0.167969 0.269531
vt 0.171875 0.242188
vt 0.164062 0.246094
vt 0.167969 0.246094
vt 0.167969 0.273438
vt 0.164062 0.273438
vt 0.167969 0.246094
vt 0.167969 0.273438
vt 0.164062 0.273438
vt 0.164062 0.246094
vt 0.167969 0.246094
vt 0.167969 0.253906
vt 0.164062 0.253906
vt 0.164062 0.246094
vt 0.167969 0.273438
vt 0.164062 0.246094
vt 0.167969 0.246094
vt 0.167969 0.253906
vt 0.164062 0.253906
vt 0.164062 0.246094
vt 0.164062 0.273438
vt 0.167969 0.246094
vt 0.160156 0.250000
vt 0.164062 0.250000
vt 0.164062 0.277344
vt 0.160156 0.277344
vt 0.164062 0.250000
vt 0.164062 0.277344
vt 0.160156 0.277344
vt 0.160156 0.250000
vt 0.164062 0.250000
vt 0.164062 0.257812
vt 0.160156 0.257812
vt 0.160156 0.250000
vt 0.164062 0.277344
vt 0.160156 0.250000
vt 0.164062 0.250000
vt 0.164062 0.257812
vt 0.160156 0.257812
vt 0.160156 0.250000
vt 0.160156 0.277344
vt 0.164062 0.250000
vt 0.156250 0.253906
vt 0.160156 0.253906
vt 0.160156 0.277344
vt 0.156250 0.277344
vt 0.160156 0.253906
vt 0.160156 0.277344
vt 0.156250 0.277344
vt 0.156250 0.253906
vt 0.160156 0.253906
vt 0.160156 0.261719
vt 0.156250 0.261719
vt 0.156250 0.253906
vt 0.160156 0.277344
vt 0.156250 0.253906
vt 0.160156 0.253906
vt 0.160156 0.261719
vt 0.156250 0.261719
vt 0.156250 0.253906
vt 0.156250 0.277344
vt 0.160156 0.253906
vt 0.152344 0.257812
vt 0.156250 0.257812
vt 0.156250 0.281250
vt 0.152344 0.281250
vt 0.156250 0.257812
vt 0.156250 0.281250
vt 0.152344 0.281250
vt 0.152344 0.257812
vt 0.156250 0.257812
vt 0.156250 0.265625
vt 0.152344 0.265625
vt 0.152344 0.257812
vt 0.156250 0.281250
vt 0.152344 0.257812
vt 0.156250 0.257812
vt 0.156250 0.265625
vt 0.152344 0.265625
vt 0.152344 0.257812
vt 0.152344 0.281250
vt 0.156250 0.257812
vt 0.148438 0.261719
vt 0.152344 0.261719
vt 0.152344 0.285156
vt 0.148438 0.285156
vt 0.152344 0.261719
vt 0.152344 0.285156
vt 0.148438 0.285156
vt 0.148438 0.261719
vt 0.152344 0.261719
vt 0.152344 0.269531
vt 0.148438 0.269531
vt 0.148438 0.261719
vt 0.152344 0.285156
vt 0.148438 0.261719
vt 0.152344 0.261719
vt 0.152344 0.269531
vt 0.148438 0.269531
vt 0.148438 0.261719
vt 0.148438 0.285156
vt 0.152344 0.261719
vt 0.144531 0.265625
vt 0.148438 0.265625
vt 0.148438 0.289062
vt 0.144531 0.289062
vt 0.148438 0.265625
vt 0.148438 0.289062
vt 0.144531 0.289062
vt 0.144531 0.265625
vt 0.148438 0.265625
vt 0.148438 0.273438
vt 0.144531 0.273438
vt 0.144531 0.265625
vt 0.148438 0.289062
vt 0.144531 0.265625
vt 0.148438 0.265625
vt 0.148438 0.273438
vt 0.144531 0.273438
vt 0.144531 0.265625
vt 0.144531 0.289062
vt 0.148438 0.265625
vt 0.140625 0.269531
vt 0.144531 0.269531
vt 0.144531 0.292969
vt 0.140625 0.292969
vt 0.144531 0.269531
vt 0.144531 0.292969
vt 0.140625 0.292969
vt 0.140625 0.269531
vt 0.144531 0.269531
vt 0.144531 0.277344
vt 0.140625 0.277344
vt 0.140625 0.269531
vt 0.144531 0.292969
vt 0.140625 0.269531
vt 0.144531 0.269531
vt 0.144531 0.277344
vt 0.140625 0.277344
vt 0.140625 0.269531
vt 0.140625 0.292969
vt 0.144531 0.269531
vt 0.136719 0.273438
vt 0.140625 0.273438
vt 0.140625 0.296875
vt 0.136719 0.296875
vt 0.140625 0.273438
vt 0.140625 0.296875
vt 0.136719 0.296875
vt 0.136719 0.273438
vt 0.140625 0.273438
vt 0.140625 0.281250
vt 0.136719 0.281250
vt 0.136719 0.273438
vt 0.140625 0.296875
vt 0.136719 0.273438
vt 0.140625 0.273438
vt 0.140625 0.281250
vt 0.136719 0.281250
vt 0.136719 0.273438
vt 0.136719 0.296875
vt 0.140625 0.273438
vt 0.132812 0.273438
vt 0.136719 0.273438
vt 0.136719 0.296875
vt 0.132812 0.296875
vt 0.136719 0.273438
vt 0.136719 0.296875
vt 0.132812 0.296875
vt 0.132812 0.273438
vt 0.136719 0.273438
vt 0.136719 0.281250
vt 0.132812 0.281250
vt 0.132812 0.273438
vt 0.136719 0.296875
vt 0.132812 0.273438
vt 0.136719 0.273438
vt 0.136719 0.281250
vt 0.132812 0.281250
vt 0.132812 0.273438
vt 0.132812 0.296875
vt 0.136719 0.273438
vt 0.128906 0.277344
vt 0.132812 0.277344
vt 0.132812 0.300781
vt 0.128906 0.300781
vt 0.132812 0.277344
vt 0.132812 0.300781
vt 0.128906 0.300781
vt 0.128906 0.277344
vt 0.132812 0.277344
vt 0.132812 0.285156
vt 0.128906 0.285156
vt 0.128906 0.277344
vt 0.132812 0.300781
vt 0.128906 0.277344
vt 0.132812 0.277344
vt 0.132812 0.285156
vt 0.128906 0.285156
vt 0.128906 0.277344
vt 0.128906 0.300781
vt 0.132812 0.277344
vt 0.125000 0.281250
vt 0.128906 0.281250
vt 0.128906 0.304688
vt 0.125000 0.304688
vt 0.128906 0.281250
vt 0.128906 0.304688
vt 0.125000 0.304688
vt 0.125000 0.281250
vt 0.128906 0.281250
vt 0.128906 0.289062
vt 0.125000 0.289062
vt 0.125000 0.281250
vt 0.128906 0.304688
vt 0.125000 0.281250
vt 0.128906 0.281250
vt 0.128906 0.289062
vt 0.125000 0.289062
vt 0.125000 0.281250
vt 0.125000 0.304688
vt 0.128906 0.281250
vt 0.121094 0.285156
vt 0.125000 0.285156
vt 0.125000 0.308594
vt 0.121094 0.308594
vt 0.125000 0.285156
vt 0.125000 0.308594
vt 0.121094 0.308594
vt 0.121094 0.285156
vt 0.125000 0.285156
vt 0.125000 0.292969
vt 0.121094 0.292969
vt 0.121094 0.285156
vt 0.125000 0.308594
vt 0.121094 0.285156
vt 0.125000 0.285156
vt 0.125000 0.292969
vt 0.121094 0.292969
vt 0.121094 0.285156
vt 0.121094 0.308594
vt 0.125000 0.285156
vt 0.117188 0.289062
vt 0.121094 0.289062
vt 0.121094 0.312500
vt 0.117188 0.312500
vt 0.121094 0.289062
vt 0.121094 0.312500
vt 0.117188 0.312500
vt 0.117188 0.289062
vt 0.121094 0.289062
vt 0.121094 0.296875
vt 0.117188 0.296875
vt 0.117188 0.289062
vt 0.121094 0.312500
vt 0.117188 0.289062
vt 0.121094 0.289062
vt 0.121094 0.296875
vt 0.117188 0.296875
vt 0.117188 0.289062
vt 0.117188 0.312500
vt 0.121094 0.289062
vt 0.113281 0.292969
vt 0.117188 0.292969
vt 0.117188 0.316406
vt 0.113281 0.316406
vt 0.117188 0.292969
vt 0.117188 0.316406
vt 0.113281 0.316406
vt 0.113281 0.292969
vt 0.117188 0.292969
vt 0.117188 0.300781
vt 0.113281 0.300781
vt 0.113281 0.292969
vt 0.117188 0.316406
vt 0.113281 0.292969
vt 0.117188 0.292969
vt 0.117188 0.300781
vt 0.113281 0.300781
vt 0.113281 0.292969
vt 0.113281 0.316406
vt 0.117188 0.292969
vt 0.109375 0.296875
vt 0.113281 0.296875
vt 0.113281 0.320312
vt 0.109375 0.320312
vt 0.113281 0.296875
vt 0.113281 0.320312
vt 0.109375 0.320312
vt 0.109375 0.296875
vt 0.113281 0.296875
vt 0.113281 0.304688
vt 0.109375 0.304688
vt 0.109375 0.296875
vt 0.113281 0.320312
vt 0.109375 0.296875
vt 0.113281 0.296875
vt 0.113281 0.304688
vt 0.109375 0.304688
vt 0.109375 0.296875
vt 0.109375 0.320312
vt 0.113281 0.296875
vt 0.105469 0.300781
vt 0.109375 0.300781
vt 0.109375 0.324219
vt 0.105469 0.324219
vt 0.109375 0.300781
vt 0.109375 0.324219
vt 0.105469 0.324219
vt 0.105469 0.300781
vt 0.109375 0.300781
vt 0.109375 0.308594
vt 0.105469 0.308594
vt 0.105469 0.300781
vt 0.109375 0.324219
vt 0.105469 0.300781
vt 0.109375 0.300781
vt 0.109375 0.308594
vt 0.105469 0.308594
vt 0.105469 0.300781
vt 0.105469 0.324219
vt 0.109375 0.300781
vt 0.101562 0.304688
vt 0.105469 0.304688
vt 0.105469 0.328125
vt 0.101562 0.328125
vt 0.105469 0.304688
vt 0.105469 0.328125
vt 0.101562 0.328125
vt 0.101562 0.304688
vt 0.105469 0.304688
vt 0.105469 0.312500
vt 0.101562 0.312500
vt 0.101562 0.304688
vt 0.105469 0.328125
vt 0.101562 0.304688
vt 0.105469 0.304688
vt 0.105469 0.312500
vt 0.101562 0.312500
vt 0.101562 0.304688
vt 0.101562 0.328125
vt 0.105469 0.304688
vt 0.097656 0.312500
vt 0.101562 0.312500
vt 0.101562 0.332031
vt 0.097656 0.332031
vt 0.101562 0.312500
vt 0.101562 0.332031
vt 0.097656 0.332031
vt 0.097656 0.312500
vt 0.101562 0.312500
vt 0.101562 0.320312
vt 0.097656 0.320312
vt 0.097656 0.312500
vt 0.101562 0.332031
vt 0.097656 0.312500
vt 0.101562 0.312500
vt 0.101562 0.320312
vt 0.097656 0.320312
vt 0.097656 0.312500
vt 0.097656 0.332031
vt 0.101562 0.312500
vt 0.093750 0.316406
vt 0.097656 0.316406
vt 0.097656 0.335938
vt 0.093750 0.335938
vt 0.097656 0.316406
vt 0.097656 0.335938
vt 0.093750 0.335938
vt 0.093750 0.316406
vt 0.097656 0.316406
vt 0.097656 0.324219
vt 0.093750 0.324219
vt 0.093750 0.316406
vt 0.097656 0.335938
vt 0.093750 0.316406
vt 0.097656 0.316406
vt 0.097656 0.324219
vt 0.093750 0.324219
vt 0.093750 0.316406
vt 0.093750 0.335938
vt 0.097656 0.316406
vt 0.089844 0.320312
vt 0.093750 0.320312
vt 0.093750 0.339844
vt 0.089844 0.339844
vt 0.093750 0.320312
vt 0.093750 0.339844
vt 0.089844 0.339844
vt 0.089844 0.320312
vt 0.093750 0.320312
vt 0.093750 0.328125
vt 0.089844 0.328125
vt 0.089844 0.320312
vt 0.093750 0.339844
vt 0.089844 0.320312
vt 0.093750 0.320312
vt 0.093750 0.328125
vt 0.089844 0.328125
vt 0.089844 0.320312
vt 0.089844 0.339844
vt 0.093750 0.320312
vt 0.085938 0.324219
vt 0.089844 0.324219
vt 0.089844 0.343750
vt 0.085938 0.343750
vt 0.089844 0.324219
vt 0.089844 0.343750
vt 0.085938 0.343750
vt 0.085938 0.324219
vt 0.089844 0.324219
vt 0.089844 0.332031
vt 0.085938 0.332031
vt 0.085938 0.324219
vt 0.089844 0.343750
vt 0.085938 0.324219
vt 0.089844 0.324219
vt 0.089844 0.332031
vt 0.085938 0.332031
vt 0.085938 0.324219
vt 0.085938 0.343750
vt 0.089844 0.324219
vt 0.082031 0.328125
vt 0.085938 0.328125
vt 0.085938 0.347656
vt 0.082031 0.347656
vt 0.085938 0.328125
vt 0.085938 0.347656
vt 0.082031 0.347656
vt 0.082031 0.328125
vt 0.085938 0.328125
vt 0.085938 0.335938
vt 0.082031 0.335938
vt 0.082031 0.328125
vt 0.085938 0.347656
vt 0.082031 0.328125
vt 0.085938 0.328125
vt 0.085938 0.335938
vt 0.082031 0.335938
vt 0.082031 0.328125
vt 0.082031 0.347656
vt 0.085938 0.328125
vt 0.078125 0.332031
vt 0.082031 0.332031
vt 0.082031 0.351562
vt 0.078125 0.351562
vt 0.082031 0.332031
vt 0.082031 0.351562
vt 0.078125 0.351562
vt 0.078125 0.332031
vt 0.082031 0.332031
vt 0.082031 0.339844
vt 0.078125 0.339844
vt 0.078125 0.332031
vt 0.082031 0.351562
vt 0.078125 0.332031
vt 0.082031 0.332031
vt 0.082031 0.339844
vt 0.078125 0.339844
vt 0.078125 0.332031
vt 0.078125 0.351562
vt 0.082031 0.332031
vt 0.074219 0.339844
vt 0.078125 0.339844
vt 0.078125 0.355469
vt 0.074219 0.355469
vt 0.078125 0.339844
vt 0.078125 0.355469
vt 0.074219 0.355469
vt 0.074219 0.339844
vt 0.078125 0.339844
vt 0.078125 0.347656
vt 0.074219 0.347656
vt 0.074219 0.339844
vt 0.078125 0.355469
vt 0.074219 0.339844
vt 0.078125 0.339844
vt 0.078125 0.347656
vt 0.074219 0.347656
vt 0.074219 0.339844
vt 0.074219 0.355469
vt 0.078125 0.339844
vt 0.070312 0.343750
vt 0.074219 0.343750
vt 0.074219 0.359375
vt 0.070312 0.359375
vt 0.074219 0.343750
vt 0.074219 0.359375
vt 0.070312 0.359375
vt 0.070312 0.343750
vt 0.074219 0.343750
vt 0.074219 0.351562
vt 0.070312 0.351562
vt 0.070312 0.343750
vt 0.074219 0.359375
vt 0.070312 0.343750
vt 0.074219 0.343750
vt 0.074219 0.351562
vt 0.070312 0.351562
vt 0.070312 0.343750
vt 0.070312 0.359375
vt 0.074219 0.343750
vt 0.066406 0.347656
vt 0.070312 0.347656
vt 0.070312 0.367188
vt 0.066406 0.367188
vt 0.070312 0.347656
vt 0.070312 0.367188
vt 0.066406 0.367188
vt 0.066406 0.347656
vt 0.070312 0.347656
vt 0.070312 0.355469
vt 0.066406 0.355469
vt 0.066406 0.347656
vt 0.070312 0.367188
vt 0.066406 0.347656
vt 0.070312 0.347656
vt 0.070312 0.355469
vt 0.066406 0.355469
vt 0.066406 0.347656
vt 0.066406 0.367188
vt 0.070312 0.347656
vt 0.062500 0.355469
vt 0.066406 0.355469
vt 0.066406 0.371094
vt 0.062500 0.371094
vt 0.066406 0.355469
vt 0.066406 0.371094
vt 0.062500 0.371094
vt 0.062500 0.355469
vt 0.066406 0.355469
vt 0.066406 0.363281
vt 0.062500 0.363281
vt 0.062500 0.355469
vt 0.066406 0.371094
vt 0.062500 0.355469
vt 0.066406 0.355469
vt 0.066406 0.363281
vt 0.062500 0.363281
vt 0.062500 0.355469
vt 0.062500 0.371094
vt 0.066406 0.355469
vt 0.058594 0.363281
vt 0.062500 0.363281
vt 0.062500 0.378906
vt 0.058594 0.378906
vt 0.062500 0.363281
vt 0.062500 0.378906
vt 0.058594 0.378906
vt 0.058594 0.363281
vt 0.062500 0.363281
vt 0.062500 0.371094
vt 0.058594 0.371094
vt 0.058594 0.363281
vt 0.062500 0.378906
vt 0.058594 0.363281
vt 0.062500 0.363281
vt 0.062500 0.371094
vt 0.058594 0.371094
vt 0.058594 0.363281
vt 0.058594 0.378906
vt 0.062500 0.363281
vt 0.054688 0.371094
vt 0.058594 0.371094
vt 0.058594 0.382812
vt 0.054688 0.382812
vt 0.058594 0.371094
vt 0.058594 0.382812
vt 0.054688 0.382812
vt 0.054688 0.371094
vt 0.058594 0.371094
vt 0.058594 0.378906
vt 0.054688 0.378906
vt 0.054688 0.371094
vt 0.058594 0.382812
vt 0.054688 0.371094
vt 0.058594 0.371094
vt 0.058594 0.378906
vt 0.054688 0.378906
vt 0.054688 0.371094
vt 0.054688 0.382812
vt 0.058594 0.371094
vt 0.050781 0.378906
vt 0.054688 0.378906
vt 0.054688 0.390625
vt 0.050781 0.390625
vt 0.054688 0.378906
vt 0.054688 0.390625
vt 0.050781 0.390625
vt 0.050781 0.378906
vt 0.054688 0.378906
vt 0.054688 0.386719
vt 0.050781 0.386719
vt 0.050781 0.378906
vt 0.054688 0.390625
vt 0.050781 0.378906
vt 0.054688 0.378906
vt 0.054688 0.386719
vt 0.050781 0.386719
vt 0.050781 0.378906
vt 0.050781 0.390625
vt 0.054688 0.378906
vt 0.046875 0.382812
vt 0.050781 0.382812
vt 0.050781 0.398438
vt 0.046875 0.398438
vt 0.050781 0.382812
vt 0.050781 0.398438
vt 0.046875 0.398438
vt 0.046875 0.382812
vt 0.050781 0.382812
vt 0.050781 0.390625
vt 0.046875 0.390625
vt 0.046875 0.382812
vt 0.050781 0.398438
vt 0.046875 0.382812
vt 0.050781 0.382812
vt 0.050781 0.390625
vt 0.046875 0.390625
vt 0.046875 0.382812
vt 0.046875 0.398438
vt 0.050781 0.382812
vt 0.042969 0.390625
vt 0.046875 0.390625
vt 0.046875 0.402344
vt 0.042969 0.402344
vt 0.046875 0.390625
vt 0.046875 0.402344
vt 0.042969 0.402344
vt 0.042969 0.390625
vt 0.046875 0.390625
vt 0.046875 0.398438
vt 0.042969 0.398438
vt 0.042969 0.390625
vt 0.046875 0.402344
vt 0.042969 0.390625
vt 0.046875 0.390625
vt 0.046875 0.398438
vt 0.042969 0.398438
vt 0.042969 0.390625
vt 0.042969 0.402344
vt 0.046875 0.390625
vt 0.039062 0.398438
vt 0.042969 0.398438
vt 0.042969 0.402344
vt 0.039062 0.402344
vt 0.042969 0.398438
vt 0.042969 0.402344
vt 0.039062 0.402344
vt 0.039062 0.398438
vt 0.042969 0.398438
vt 0.042969 0.402344
vt 0.039062 0.402344
vt 0.039062 0.398438
vt 0.042969 0.402344
vt 0.039062 0.398438
vt 0.042969 0.398438
vt 0.042969 0.402344
vt 0.039062 0.402344
vt 0.039062 0.398438
vt 0.039062 0.402344
vt 0.042969 0.398438
vt 0.207031 0.218750
vt 0.210938 0.218750
vt 0.210938 0.292969
vt 0.207031 0.292969
vt 0.210938 0.218750
vt 0.210938 0.292969
vt 0.207031 0.292969
vt 0.207031 0.218750
vt 0.210938 0.218750
vt 0.210938 0.226562
vt 0.207031 0.226562
vt 0.207031 0.218750
vt 0.210938 0.292969
vt 0.207031 0.218750
vt 0.210938 0.218750
vt 0.210938 0.226562
vt 0.207031 0.226562
vt 0.207031 0.218750
vt 0.207031 0.292969
vt 0.210938 0.218750
vt 0.210938 0.218750
vt 0.214844 0.218750
vt 0.214844 0.406250
vt 0.210938 0.406250
vt 0.214844 0.218750
vt 0.214844 0.406250
vt 0.210938 0.406250
vt 0.210938 0.218750
vt 0.214844 0.218750
vt 0.214844 0.226562
vt 0.210938 0.226562
vt 0.210938 0.218750
vt 0.214844 0.406250
vt 0.210938 0.218750
vt 0.214844 0.218750
vt 0.214844 0.226562
vt 0.210938 0.226562
vt 0.210938 0.218750
vt 0.210938 0.406250
vt 0.214844 0.218750
vt 0.214844 0.218750
vt 0.218750 0.218750
vt 0.218750 0.437500
vt 0.214844 0.437500
vt 0.218750 0.218750
vt 0.218750 0.437500
vt 0.214844 0.437500
vt 0.214844 0.218750
vt 0.218750 0.218750
vt 0.218750 0.226562
vt 0.214844 0.226562
vt 0.214844 0.218750
vt 0.218750 0.437500
vt 0.214844 0.218750
vt 0.218750 0.218750
vt 0.218750 0.226562
vt 0.214844 0.226562
vt 0.214844 0.218750
vt 0.214844 0.437500
vt 0.218750 0.218750
vt 0.671875 0.453125
vt 0.890625 0.453125
vt 0.890625 0.468750
vt 0.671875 0.468750
vt 0.671875 0.453125
vt 0.671875 0.468750
vt 0.453125 0.468750
vt 0.453125 0.453125
vt 0.671875 0.437500
vt 0.453125 0.437500
vt 0.453125 0.437500
vt 0.437500 0.453125
vt 0.437500 0.437500
vt 0.890625 0.437500
vt 0.890625 0.453125
vt 0.671875 0.453125
vt 0.671875 0.437500
vt 0.890625 0.453125
vt 0.890625 0.437500
vt 0.906250 0.437500
vt 0.906250 0.453125
vt 0.199219 0.218750
vt 0.171875 0.218750
vt 0.171875 0.238281
vt 0.199219 0.238281
vt 0.199219 0.218750
vt 0.199219 0.238281
vt 0.171875 0.238281
vt 0.171875 0.218750
vt 0.199219 0.222656
vt 0.171875 0.222656
vt 0.171875 0.218750
vt 0.199219 0.218750
vt 0.199219 0.238281
vt 0.171875 0.218750
vt 0.199219 0.234375
vt 0.199219 0.238281
vt 0.171875 0.238281
vt 0.171875 0.234375
vt 0.171875 0.238281
vt 0.171875 0.218750
vt 0.199219 0.218750
vt 0.171875 0.218750
vt 0.144531 0.218750
vt 0.144531 0.265625
vt 0.171875 0.265625
vt 0.171875 0.218750
vt 0.171875 0.265625
vt 0.144531 0.265625
vt 0.144531 0.218750
vt 0.171875 0.222656
vt 0.144531 0.222656
vt 0.144531 0.218750
vt 0.171875 0.218750
vt 0.171875 0.265625
vt 0.144531 0.218750
vt 0.171875 0.261719
vt 0.171875 0.265625
vt 0.144531 0.265625
vt 0.144531 0.261719
vt 0.144531 0.265625
vt 0.144531 0.218750
vt 0.171875 0.218750
vt 0.144531 0.218750
vt 0.117188 0.218750
vt 0.117188 0.289062
vt 0.144531 0.289062
vt 0.144531 0.218750
vt 0.144531 0.289062
vt 0.117188 0.289062
vt 0.117188 0.218750
vt 0.144531 0.222656
vt 0.117188 0.222656
vt 0.117188 0.218750
vt 0.144531 0.218750
vt 0.144531 0.289062
vt 0.117188 0.218750
vt 0.144531 0.285156
vt 0.144531 0.289062
vt 0.117188 0.289062
vt 0.117188 0.285156
vt 0.117188 0.289062
vt 0.117188 0.218750
vt 0.144531 0.218750
vt 0.117188 0.218750
vt 0.097656 0.218750
vt 0.097656 0.312500
vt 0.117188 0.312500
vt 0.117188 0.218750
vt 0.117188 0.312500
vt 0.097656 0.312500
vt 0.097656 0.218750
vt 0.117188 0.222656
vt 0.097656 0.222656
vt 0.097656 0.218750
vt 0.117188 0.218750
vt 0.117188 0.312500
vt 0.097656 0.218750
vt 0.117188 0.308594
vt 0.117188 0.312500
vt 0.097656 0.312500
vt 0.097656 0.308594
vt 0.097656 0.312500
vt 0.097656 0.218750
vt 0.117188 0.218750
vt 0.097656 0.218750
vt 0.078125 0.218750
vt 0.078125 0.332031
vt 0.097656 0.332031
vt 0.097656 0.218750
vt 0.097656 0.332031
vt 0.078125 0.332031
vt 0.078125 0.218750
vt 0.097656 0.222656
vt 0.078125 0.222656
vt 0.078125 0.218750
vt 0.097656 0.218750
vt 0.097656 0.332031
vt 0.078125 0.218750
vt 0.097656 0.328125
vt 0.097656 0.332031
vt 0.078125 0.332031
vt 0.078125 0.328125
vt 0.078125 0.332031
vt 0.078125 0.218750
vt 0.097656 0.218750
vt 0.078125 0.218750
vt 0.070312 0.218750
vt 0.070312 0.343750
vt 0.078125 0.343750
vt 0.078125 0.218750
vt 0.078125 0.343750
vt 0.070312 0.343750
vt 0.070312 0.218750
vt 0.078125 0.222656
vt 0.070312 0.222656
vt 0.070312 0.218750
vt 0.078125 0.218750
vt 0.078125 0.343750
vt 0.070312 0.218750
vt 0.078125 0.339844
vt 0.078125 0.343750
vt 0.070312 0.343750
vt 0.070312 0.339844
vt 0.070312 0.343750
vt 0.070312 0.218750
vt 0.078125 0.218750
vt 0.070312 0.218750
vt 0.062500 0.218750
vt 0.062500 0.355469
vt 0.070312 0.355469
vt 0.070312 0.218750
vt 0.070312 0.355469
vt 0.062500 0.355469
vt 0.062500 0.218750
vt 0.070312 0.222656
vt 0.062500 0.222656
vt 0.062500 0.218750
vt 0.070312 0.218750
vt 0.070312 0.355469
vt 0.062500 0.218750
vt 0.070312 0.351562
vt 0.070312 0.355469
vt 0.062500 0.355469
vt 0.062500 0.351562
vt 0.062500 0.355469
vt 0.062500 0.218750
vt 0.070312 0.218750
vt 0.062500 0.218750
vt 0.054688 0.218750
vt 0.054688 0.371094
vt 0.062500 0.371094
vt 0.062500 0.218750
vt 0.062500 0.371094
vt 0.054688 0.371094
vt 0.054688 0.218750
vt 0.062500 0.222656
vt 0.054688 0.222656
vt 0.054688 0.218750
vt 0.062500 0.218750
vt 0.062500 0.371094
vt 0.054688 0.218750
vt 0.062500 0.367188
vt 0.062500 0.371094
vt 0.054688 0.371094
vt 0.054688 0.367188
vt 0.054688 0.371094
vt 0.054688 0.218750
vt 0.062500 0.218750
vt 0.003906 0.218750
vt 0.000000 0.218750
vt 0.000000 0.226562
vt 0.003906 0.226562
vt 0.003906 0.218750
vt 0.003906 0.226562
vt 0.000000 0.226562
vt 0.000000 0.218750
vt 0.003906 0.222656
vt 0.000000 0.222656
vt 0.000000 0.218750
vt 0.003906 0.218750
vt 0.003906 0.226562
vt 0.000000 0.218750
vt 0.003906 0.222656
vt 0.003906 0.226562
vt 0.000000 0.226562
vt 0.000000 0.222656
vt 0.000000 0.226562
vt 0.000000 0.218750
vt 0.003906 0.218750
vt 0.007812 0.218750
vt 0.003906 0.218750
vt 0.003906 0.234375
vt 0.007812 0.234375
vt 0.007812 0.218750
vt 0.007812 0.234375
vt 0.003906 0.234375
vt 0.003906 0.218750
vt 0.007812 0.222656
vt 0.003906 0.222656
vt 0.003906 0.218750
vt 0.007812 0.218750
vt 0.007812 0.234375
vt 0.003906 0.218750
vt 0.007812 0.230469
vt 0.007812 0.234375
vt 0.003906 0.234375
vt 0.003906 0.230469
vt 0.003906 0.234375
vt 0.003906 0.218750
vt 0.007812 0.218750
vt 0.011719 0.218750
vt 0.007812 0.218750
vt 0.007812 0.242188
vt 0.011719 0.242188
vt 0.011719 0.218750
vt 0.011719 0.242188
vt 0.007812 0.242188
vt 0.007812 0.218750
vt 0.011719 0.222656
vt 0.007812 0.222656
vt 0.007812 0.218750
vt 0.011719 0.218750
vt 0.011719 0.242188
vt 0.007812 0.218750
vt 0.011719 0.238281
vt 0.011719 0.242188
vt 0.007812 0.242188
vt 0.007812 0.238281
vt 0.007812 0.242188
vt 0.007812 0.218750
vt 0.011719 0.218750
vt 0.015625 0.218750
vt 0.011719 0.218750
vt 0.011719 0.246094
vt 0.015625 0.246094
vt 0.015625 0.218750
vt 0.015625 0.246094
vt 0.011719 0.246094
vt 0.011719 0.218750
vt 0.015625 0.222656
vt 0.011719 0.222656
vt 0.011719 0.218750
vt 0.015625 0.218750
vt 0.015625 0.246094
vt 0.011719 0.218750
vt 0.015625 0.242188
vt 0.015625 0.246094
vt 0.011719 0.246094
vt 0.011719 0.242188
vt 0.011719 0.246094
vt 0.011719 0.218750
vt 0.015625 0.218750
vt 0.019531 0.218750
vt 0.015625 0.218750
vt 0.015625 0.250000
vt 0.019531 0.250000
vt 0.019531 0.218750
vt 0.019531 0.250000
vt 0.015625 0.250000
vt 0.015625 0.218750
vt 0.019531 0.222656
vt 0.015625 0.222656
vt 0.015625 0.218750
vt 0.019531 0.218750
vt 0.019531 0.250000
vt 0.015625 0.218750
vt 0.019531 0.246094
vt 0.019531 0.250000
vt 0.015625 0.250000
vt 0.015625 0.246094
vt 0.015625 0.250000
vt 0.015625 0.218750
vt 0.019531 0.218750
vt 0.023438 0.218750
vt 0.019531 0.218750
vt 0.019531 0.257812
vt 0.023438 0.257812
vt 0.023438 0.218750
vt 0.023438 0.257812
vt 0.019531 0.257812
vt 0.019531 0.218750
vt 0.023438 0.222656
vt 0.019531 0.222656
vt 0.019531 0.218750
vt 0.023438 0.218750
vt 0.023438 0.257812
vt 0.019531 0.218750
vt 0.023438 0.253906
vt 0.023438 0.257812
vt 0.019531 0.257812
vt 0.019531 0.253906
vt 0.019531 0.257812
vt 0.019531 0.218750
vt 0.023438 0.218750
vt 0.027344 0.218750
vt 0.023438 0.218750
vt 0.023438 0.261719
vt 0.027344 0.261719
vt 0.027344 0.218750
vt 0.027344 0.261719
vt 0.023438 0.261719
vt 0.023438 0.218750
vt 0.027344 0.222656
vt 0.023438 0.222656
vt 0.023438 0.218750
vt 0.027344 0.218750
vt 0.027344 0.261719
vt 0.023438 0.218750
vt 0.027344 0.257812
vt 0.027344 0.261719
vt 0.023438 0.261719
vt 0.023438 0.257812
vt 0.023438 0.261719
vt 0.023438 0.218750
vt 0.027344 0.218750
vt 0.031250 0.218750
vt 0.027344 0.218750
vt 0.027344 0.269531
vt 0.031250 0.269531
vt 0.031250 0.218750
vt 0.031250 0.269531
vt 0.027344 0.269531
vt 0.027344 0.218750
vt 0.031250 0.222656
vt 0.027344 0.222656
vt 0.027344 0.218750
vt 0.031250 0.218750
vt 0.031250 0.269531
vt 0.027344 0.218750
vt 0.031250 0.265625
vt 0.031250 0.269531
vt 0.027344 0.269531
vt 0.027344 0.265625
vt 0.027344 0.269531
vt 0.027344 0.218750
vt 0.031250 0.218750
vt 0.035156 0.218750
vt 0.031250 0.218750
vt 0.031250 0.281250
vt 0.035156 0.281250
vt 0.035156 0.218750
vt 0.035156 0.281250
vt 0.031250 0.281250
vt 0.031250 0.218750
vt 0.035156 0.222656
vt 0.031250 0.222656
vt 0.031250 0.218750
vt 0.035156 0.218750
vt 0.035156 0.281250
vt 0.031250 0.218750
vt 0.035156 0.277344
vt 0.035156 0.281250
vt 0.031250 0.281250
vt 0.031250 0.277344
vt 0.031250 0.281250
vt 0.031250 0.218750
vt 0.035156 0.218750
vt 0.039062 0.218750
vt 0.035156 0.218750
vt 0.035156 0.292969
vt 0.039062 0.292969
vt 0.039062 0.218750
vt 0.039062 0.292969
vt 0.035156 0.292969
vt 0.035156 0.218750
vt 0.039062 0.222656
vt 0.035156 0.222656
vt 0.035156 0.218750
vt 0.039062 0.218750
vt 0.039062 0.292969
vt 0.035156 0.218750
vt 0.039062 0.289062
vt 0.039062 0.292969
vt 0.035156 0.292969
vt 0.035156 0.289062
vt 0.035156 0.292969
vt 0.035156 0.218750
vt 0.039062 0.218750
vt 0.042969 0.218750
vt 0.039062 0.218750
vt 0.039062 0.308594
vt 0.042969 0.308594
vt 0.042969 0.218750
vt 0.042969 0.308594
vt 0.039062 0.308594
vt 0.039062 0.218750
vt 0.042969 0.222656
vt 0.039062 0.222656
vt 0.039062 0.218750
vt 0.042969 0.218750
vt 0.042969 0.308594
vt 0.039062 0.218750
vt 0.042969 0.304688
vt 0.042969 0.308594
vt 0.039062 0.308594
vt 0.039062 0.304688
vt 0.039062 0.308594
vt 0.039062 0.218750
vt 0.042969 0.218750
vt 0.046875 0.218750
vt 0.042969 0.218750
vt 0.042969 0.328125
vt 0.046875 0.328125
vt 0.046875 0.218750
vt 0.046875 0.328125
vt 0.042969 0.328125
vt 0.042969 0.218750
vt 0.046875 0.222656
vt 0.042969 0.222656
vt 0.042969 0.218750
vt 0.046875 0.218750
vt 0.046875 0.328125
vt 0.042969 0.218750
vt 0.046875 0.324219
vt 0.046875 0.328125
vt 0.042969 0.328125
vt 0.042969 0.324219
vt 0.042969 0.328125
vt 0.042969 0.218750
vt 0.046875 0.218750
vt 0.054688 0.218750
vt 0.046875 0.218750
vt 0.046875 0.382812
vt 0.054688 0.382812
vt 0.054688 0.218750
vt 0.054688 0.382812
vt 0.046875 0.382812
vt 0.046875 0.218750
vt 0.054688 0.222656
vt 0.046875 0.222656
vt 0.046875 0.218750
vt 0.054688 0.218750
vt 0.054688 0.382812
vt 0.046875 0.218750
vt 0.054688 0.378906
vt 0.054688 0.382812
vt 0.046875 0.382812
vt 0.046875 0.378906
vt 0.046875 0.382812
vt 0.046875 0.218750
vt 0.054688 0.218750
vt 0.046875 0.378906
vt 0.042969 0.378906
vt 0.042969 0.390625
vt 0.046875 0.390625
vt 0.046875 0.378906
vt 0.046875 0.390625
vt 0.042969 0.390625
vt 0.042969 0.378906
vt 0.046875 0.382812
vt 0.042969 0.382812
vt 0.042969 0.378906
vt 0.046875 0.378906
vt 0.046875 0.390625
vt 0.042969 0.378906
vt 0.046875 0.386719
vt 0.046875 0.390625
vt 0.042969 0.390625
vt 0.042969 0.386719
vt 0.042969 0.390625
vt 0.042969 0.378906
vt 0.046875 0.378906
vt 0.050781 0.398438
vt 0.046875 0.398438
vt 0.046875 0.402344
vt 0.050781 0.402344
vt 0.050781 0.398438
vt 0.050781 0.402344
vt 0.046875 0.402344
vt 0.046875 0.398438
vt 0.050781 0.402344
vt 0.046875 0.402344
vt 0.046875 0.398438
vt 0.050781 0.402344
vt 0.050781 0.402344
vt 0.050781 0.398438
vt 0.050781 0.402344
vt 0.046875 0.402344
vt 0.046875 0.398438
vt 0.046875 0.402344
vt 0.046875 0.398438
vt 0.050781 0.398438
vt 0.058594 0.382812
vt 0.050781 0.382812
vt 0.050781 0.402344
vt 0.058594 0.402344
vt 0.058594 0.382812
vt 0.058594 0.402344
vt 0.050781 0.402344
vt 0.050781 0.382812
vt 0.058594 0.386719
vt 0.050781 0.386719
vt 0.050781 0.382812
vt 0.058594 0.394531
vt 0.058594 0.402344
vt 0.050781 0.394531
vt 0.058594 0.398438
vt 0.058594 0.402344
vt 0.050781 0.402344
vt 0.050781 0.398438
vt 0.050781 0.402344
vt 0.050781 0.382812
vt 0.058594 0.382812
vt 0.066406 0.371094
vt 0.058594 0.371094
vt 0.058594 0.402344
vt 0.066406 0.402344
vt 0.066406 0.371094
vt 0.066406 0.402344
vt 0.058594 0.402344
vt 0.058594 0.371094
vt 0.066406 0.375000
vt 0.058594 0.375000
vt 0.058594 0.371094
vt 0.066406 0.394531
vt 0.066406 0.402344
vt 0.058594 0.394531
vt 0.066406 0.398438
vt 0.066406 0.402344
vt 0.058594 0.402344
vt 0.058594 0.398438
vt 0.058594 0.402344
vt 0.058594 0.371094
vt 0.066406 0.371094
vt 0.070312 0.367188
vt 0.066406 0.367188
vt 0.066406 0.398438
vt 0.070312 0.398438
vt 0.070312 0.367188
vt 0.070312 0.398438
vt 0.066406 0.398438
vt 0.066406 0.367188
vt 0.070312 0.371094
vt 0.066406 0.371094
vt 0.066406 0.367188
vt 0.070312 0.390625
vt 0.070312 0.398438
vt 0.066406 0.390625
vt 0.070312 0.394531
vt 0.070312 0.398438
vt 0.066406 0.398438
vt 0.066406 0.394531
vt 0.066406 0.398438
vt 0.066406 0.367188
vt 0.070312 0.367188
vt 0.085938 0.347656
vt 0.070312 0.347656
vt 0.070312 0.398438
vt 0.085938 0.398438
vt 0.085938 0.347656
vt 0.085938 0.398438
vt 0.070312 0.398438
vt 0.070312 0.347656
vt 0.085938 0.351562
vt 0.070312 0.351562
vt 0.070312 0.347656
vt 0.085938 0.390625
vt 0.085938 0.398438
vt 0.070312 0.390625
vt 0.085938 0.394531
vt 0.085938 0.398438
vt 0.070312 0.398438
vt 0.070312 0.394531
vt 0.070312 0.398438
vt 0.070312 0.347656
vt 0.085938 0.347656
vt 0.105469 0.328125
vt 0.085938 0.328125
vt 0.085938 0.398438
vt 0.105469 0.398438
vt 0.105469 0.328125
vt 0.105469 0.398438
vt 0.085938 0.398438
vt 0.085938 0.328125
vt 0.105469 0.332031
vt 0.085938 0.332031
vt 0.085938 0.328125
vt 0.105469 0.390625
vt 0.105469 0.398438
vt 0.085938 0.390625
vt 0.105469 0.394531
vt 0.105469 0.398438
vt 0.085938 0.398438
vt 0.085938 0.394531
vt 0.085938 0.398438
vt 0.085938 0.328125
vt 0.105469 0.328125
vt 0.113281 0.320312
vt 0.105469 0.320312
vt 0.105469 0.394531
vt 0.113281 0.394531
vt 0.113281 0.320312
vt 0.113281 0.394531
vt 0.105469 0.394531
vt 0.105469 0.320312
vt 0.113281 0.324219
vt 0.105469 0.324219
vt 0.105469 0.320312
vt 0.113281 0.386719
vt 0.113281 0.394531
vt 0.105469 0.386719
vt 0.113281 0.390625
vt 0.113281 0.394531
vt 0.105469 0.394531
vt 0.105469 0.390625
vt 0.105469 0.394531
vt 0.105469 0.320312
vt 0.113281 0.320312
vt 0.140625 0.296875
vt 0.113281 0.296875
vt 0.113281 0.394531
vt 0.140625 0.394531
vt 0.140625 0.296875
vt 0.140625 0.394531
vt 0.113281 0.394531
vt 0.113281 0.296875
vt 0.140625 0.300781
vt 0.113281 0.300781
vt 0.113281 0.296875
vt 0.140625 0.390625
vt 0.140625 0.394531
vt 0.113281 0.390625
vt 0.140625 0.390625
vt 0.140625 0.394531
vt 0.113281 0.394531
vt 0.113281 0.390625
vt 0.113281 0.394531
vt 0.113281 0.296875
vt 0.140625 0.296875
vt 0.164062 0.277344
vt 0.140625 0.277344
vt 0.140625 0.398438
vt 0.164062 0.398438
vt 0.164062 0.277344
vt 0.164062 0.398438
vt 0.140625 0.398438
vt 0.140625 0.277344
vt 0.164062 0.281250
vt 0.140625 0.281250
vt 0.140625 0.277344
vt 0.164062 0.390625
vt 0.164062 0.398438
vt 0.140625 0.390625
vt 0.164062 0.394531
vt 0.164062 0.398438
vt 0.140625 0.398438
vt 0.140625 0.394531
vt 0.140625 0.398438
vt 0.140625 0.277344
vt 0.164062 0.277344
vt 0.171875 0.269531
vt 0.164062 0.269531
vt 0.164062 0.402344
vt 0.171875 0.402344
vt 0.171875 0.269531
vt 0.171875 0.402344
vt 0.164062 0.402344
vt 0.164062 0.269531
vt 0.171875 0.273438
vt 0.164062 0.273438
vt 0.164062 0.269531
vt 0.171875 0.394531
vt 0.171875 0.402344
vt 0.164062 0.394531
vt 0.171875 0.398438
vt 0.171875 0.402344
vt 0.164062 0.402344
vt 0.164062 0.398438
vt 0.164062 0.402344
vt 0.164062 0.269531
vt 0.171875 0.269531
vt 0.183594 0.257812
vt 0.171875 0.257812
vt 0.171875 0.406250
vt 0.183594 0.406250
vt 0.183594 0.257812
vt 0.183594 0.406250
vt 0.171875 0.406250
vt 0.171875 0.257812
vt 0.183594 0.261719
vt 0.171875 0.261719
vt 0.171875 0.257812
vt 0.183594 0.402344
vt 0.183594 0.406250
vt 0.171875 0.402344
vt 0.183594 0.402344
vt 0.183594 0.406250
vt 0.171875 0.406250
vt 0.171875 0.402344
vt 0.171875 0.406250
vt 0.171875 0.257812
vt 0.183594 0.257812
vt 0.191406 0.253906
vt 0.183594 0.253906
vt 0.183594 0.410156
vt 0.191406 0.410156
vt 0.191406 0.253906
vt 0.191406 0.410156
vt 0.183594 0.410156
vt 0.183594 0.253906
vt 0.191406 0.257812
vt 0.183594 0.257812
vt 0.183594 0.253906
vt 0.191406 0.406250
vt 0.191406 0.410156
vt 0.183594 0.406250
vt 0.191406 0.406250
vt 0.191406 0.410156
vt 0.183594 0.410156
vt 0.183594 0.406250
vt 0.183594 0.410156
vt 0.183594 0.253906
vt 0.191406 0.253906
vt 0.195312 0.250000
vt 0.191406 0.250000
vt 0.191406 0.414062
vt 0.195312 0.414062
vt 0.195312 0.250000
vt 0.195312 0.414062
vt 0.191406 0.414062
vt 0.191406 0.250000
vt 0.195312 0.253906
vt 0.191406 0.253906
vt 0.191406 0.250000
vt 0.195312 0.398438
vt 0.195312 0.414062
vt 0.191406 0.398438
vt 0.195312 0.410156
vt 0.195312 0.414062
vt 0.191406 0.414062
vt 0.191406 0.410156
vt 0.191406 0.414062
vt 0.191406 0.250000
vt 0.195312 0.250000
vt 0.203125 0.242188
vt 0.195312 0.242188
vt 0.195312 0.417969
vt 0.203125 0.417969
vt 0.203125 0.242188
vt 0.203125 0.417969
vt 0.195312 0.417969
vt 0.195312 0.242188
vt 0.203125 0.246094
vt 0.195312 0.246094
vt 0.195312 0.242188
vt 0.203125 0.414062
vt 0.203125 0.417969
vt 0.195312 0.414062
vt 0.203125 0.414062
vt 0.203125 0.417969
vt 0.195312 0.417969
vt 0.195312 0.414062
vt 0.195312 0.417969
vt 0.195312 0.242188
vt 0.203125 0.242188
vt 0.207031 0.242188
vt 0.203125 0.242188
vt 0.203125 0.425781
vt 0.207031 0.425781
vt 0.207031 0.242188
vt 0.207031 0.425781
vt 0.203125 0.425781
vt 0.203125 0.242188
vt 0.207031 0.246094
vt 0.203125 0.246094
vt 0.203125 0.242188
vt 0.207031 0.421875
vt 0.207031 0.425781
vt 0.203125 0.421875
vt 0.207031 0.242188
vt 0.207031 0.246094
vt 0.203125 0.246094
vt 0.203125 0.242188
vt 0.203125 0.425781
vt 0.203125 0.242188
vt 0.207031 0.242188
vt 0.210938 0.292969
vt 0.207031 0.292969
vt 0.207031 0.429688
vt 0.210938 0.429688
vt 0.210938 0.292969
vt 0.210938 0.429688
vt 0.207031 0.429688
vt 0.207031 0.292969
vt 0.210938 0.296875
vt 0.207031 0.296875
vt 0.207031 0.292969
vt 0.210938 0.425781
vt 0.210938 0.429688
vt 0.207031 0.425781
vt 0.210938 0.292969
vt 0.210938 0.296875
vt 0.207031 0.296875
vt 0.207031 0.292969
vt 0.207031 0.429688
vt 0.207031 0.292969
vt 0.210938 0.292969
vt 0.210938 0.406250
vt 0.214844 0.406250
vt 0.214844 0.433594
vt 0.210938 0.433594
vt 0.214844 0.406250
vt 0.214844 0.433594
vt 0.210938 0.433594
vt 0.210938 0.406250
vt 0.214844 0.406250
vt 0.214844 0.410156
vt 0.210938 0.410156
vt 0.210938 0.406250
vt 0.214844 0.425781
vt 0.214844 0.433594
vt 0.210938 0.425781
vt 0.214844 0.406250
vt 0.214844 0.410156
vt 0.210938 0.410156
vt 0.210938 0.406250
vt 0.210938 0.433594
vt 0.214844 0.406250
vt 0.203125 0.218750
vt 0.207031 0.218750
vt 0.207031 0.242188
vt 0.203125 0.242188
vt 0.207031 0.218750
vt 0.207031 0.242188
vt 0.203125 0.242188
vt 0.203125 0.218750
vt 0.207031 0.218750
vt 0.207031 0.226562
vt 0.203125 0.226562
vt 0.203125 0.218750
vt 0.207031 0.242188
vt 0.203125 0.218750
vt 0.207031 0.218750
vt 0.207031 0.226562
vt 0.203125 0.226562
vt 0.203125 0.218750
vt 0.203125 0.242188
vt 0.207031 0.218750
vt 0.199219 0.218750
vt 0.203125 0.218750
vt 0.203125 0.242188
vt 0.199219 0.242188
vt 0.203125 0.218750
vt 0.203125 0.242188
vt 0.199219 0.242188
vt 0.199219 0.218750
vt 0.203125 0.218750
vt 0.203125 0.226562
vt 0.199219 0.226562
vt 0.199219 0.218750
vt 0.203125 0.242188
vt 0.199219 0.218750
vt 0.203125 0.218750
vt 0.203125 0.226562
vt 0.199219 0.226562
vt 0.199219 0.218750
vt 0.199219 0.242188
vt 0.203125 0.218750
vt 0.195312 0.222656
vt 0.199219 0.222656
vt 0.199219 0.246094
vt 0.195312 0.246094
vt 0.199219 0.222656
vt 0.199219 0.246094
vt 0.195312 0.246094
vt 0.195312 0.222656
vt 0.199219 0.222656
vt 0.199219 0.230469
vt 0.195312 0.230469
vt 0.195312 0.222656
vt 0.199219 0.246094
vt 0.195312 0.222656
vt 0.199219 0.222656
vt 0.199219 0.230469
vt 0.195312 0.230469
vt 0.195312 0.222656
vt 0.195312 0.246094
vt 0.199219 0.222656
vt 0.191406 0.226562
vt 0.195312 0.226562
vt 0.195312 0.250000
vt 0.191406 0.250000
vt 0.195312 0.226562
vt 0.195312 0.250000
vt 0.191406 0.250000
vt 0.191406 0.226562
vt 0.195312 0.226562
vt 0.195312 0.234375
vt 0.191406 0.234375
vt 0.191406 0.226562
vt 0.195312 0.250000
vt 0.191406 0.226562
vt 0.195312 0.226562
vt 0.195312 0.234375
vt 0.191406 0.234375
vt 0.191406 0.226562
vt 0.191406 0.250000
vt 0.195312 0.226562
vt 0.187500 0.230469
vt 0.191406 0.230469
vt 0.191406 0.253906
vt 0.187500 0.253906
vt 0.191406 0.230469
vt 0.191406 0.253906
vt 0.187500 0.253906
vt 0.187500 0.230469
vt 0.191406 0.230469
vt 0.191406 0.238281
vt 0.187500 0.238281
vt 0.187500 0.230469
vt 0.191406 0.253906
vt 0.187500 0.230469
vt 0.191406 0.230469
vt 0.191406 0.238281
vt 0.187500 0.238281
vt 0.187500 0.230469
vt 0.187500 0.253906
vt 0.191406 0.230469
vt 0.183594 0.230469
vt 0.187500 0.230469
vt 0.187500 0.253906
vt 0.183594 0.253906
vt 0.187500 0.230469
vt 0.187500 0.253906
vt 0.183594 0.253906
vt 0.183594 0.230469
vt 0.187500 0.230469
vt 0.187500 0.238281
vt 0.183594 0.238281
vt 0.183594 0.230469
vt 0.187500 0.253906
vt 0.183594 0.230469
vt 0.187500 0.230469
vt 0.187500 0.238281
vt 0.183594 0.238281
vt 0.183594 0.230469
vt 0.183594 0.253906
vt 0.187500 0.230469
vt 0.179688 0.234375
vt 0.183594 0.234375
vt 0.183594 0.257812
vt 0.179688 0.257812
vt 0.183594 0.234375
vt 0.183594 0.257812
vt 0.179688 0.257812
vt 0.179688 0.234375
vt 0.183594 0.234375
vt 0.183594 0.242188
vt 0.179688 0.242188
vt 0.179688 0.234375
vt 0.183594 0.257812
vt 0.179688 0.234375
vt 0.183594 0.234375
vt 0.183594 0.242188
vt 0.179688 0.242188
vt 0.179688 0.234375
vt 0.179688 0.257812
vt 0.183594 0.234375
vt 0.175781 0.238281
vt 0.179688 0.238281
vt 0.179688 0.261719
vt 0.175781 0.261719
vt 0.179688 0.238281
vt 0.179688 0.261719
vt 0.175781 0.261719
vt 0.175781 0.238281
vt 0.179688 0.238281
vt 0.179688 0.246094
vt 0.175781 0.246094
vt 0.175781 0.238281
vt 0.179688 0.261719
vt 0.175781 0.238281
vt 0.179688 0.238281
vt 0.179688 0.246094
vt 0.175781 0.246094
vt 0.175781 0.238281
vt 0.175781 0.261719
vt 0.179688 0.238281
vt 0.171875 0.238281
vt 0.175781 0.238281
vt 0.175781 0.265625
vt 0.171875 0.265625
vt 0.175781 0.238281
vt 0.175781 0.265625
vt 0.171875 0.265625
vt 0.171875 0.238281
vt 0.175781 0.238281
vt 0.175781 0.246094
vt 0.171875 0.246094
vt 0.171875 0.238281
vt 0.175781 0.265625
vt 0.171875 0.238281
vt 0.175781 0.238281
vt 0.175781 0.246094
vt 0.171875 0.246094
vt 0.171875 0.238281
vt 0.171875 0.265625
vt 0.175781 0.238281
vt 0.167969 0.242188
vt 0.171875 0.242188
vt 0.171875 0.269531
vt 0.167969 0.269531
vt 0.171875 0.242188
vt 0.171875 0.269531
vt 0.167969 0.269531
vt 0.167969 0.242188
vt 0.171875 0.242188
vt 0.171875 0.250000
vt 0.167969 0.250000
vt 0.167969 0.242188
vt 0.171875 0.269531
vt 0.167969 0.242188
vt 0.171875 0.242188
vt 0.171875 0.250000
vt 0.167969 0.250000
vt 0.167969 0.242188
vt 0.167969 0.269531
vt 0.171875 0.242188
vt 0.164062 0.246094
vt 0.167969 0.246094
vt 0.167969 0.273438
vt 0.164062 0.273438
vt 0.167969 0.246094
vt 0.167969 0.273438
vt 0.164062 0.273438
vt 0.164062 0.246094
vt 0.167969 0.246094
vt 0.167969 0.253906
vt 0.164062 0.253906
vt 0.164062 0.246094
vt 0.167969 0.273438
vt 0.164062 0.246094
vt 0.167969 0.246094
vt 0.167969 0.253906
vt 0.164062 0.253906
vt 0.164062 0.246094
vt 0.164062 0.273438
vt 0.167969 0.246094
vt 0.160156 0.250000
vt 0.164062 0.250000
vt 0.164062 0.277344
vt 0.160156 0.277344
vt 0.164062 0.250000
vt 0.164062 0.277344
vt 0.160156 0.277344
vt 0.160156 0.250000
vt 0.164062 0.250000
vt 0.164062 0.257812
vt 0.160156 0.257812
vt 0.160156 0.250000
vt 0.164062 0.277344
vt 0.160156 0.250000
vt 0.164062 0.250000
vt 0.164062 0.257812
vt 0.160156 0.257812
vt 0.160156 0.250000
vt 0.160156 0.277344
vt 0.164062 0.250000
vt 0.156250 0.253906
vt 0.160156 0.253906
vt 0.160156 0.277344
vt 0.156250 0.277344
vt 0.160156 0.253906
vt 0.160156 0.277344
vt 0.156250 0.277344
vt 0.156250 0.253906
vt 0.160156 0.253906
vt 0.160156 0.261719
vt 0.156250 0.261719
vt 0.156250 0.253906
vt 0.160156 0.277344
vt 0.156250 0.253906
vt 0.160156 0.253906
vt 0.160156 0.261719
vt 0.156250 0.261719
vt 0.156250 0.253906
vt 0.156250 0.277344
vt 0.160156 0.253906
vt 0.152344 0.257812
vt 0.156250 0.257812
vt 0.156250 0.281250
vt 0.152344 0.281250
vt 0.156250 0.257812
vt 0.156250 0.281250
vt 0.152344 0.281250
vt 0.152344 0.257812
vt 0.156250 0.257812
vt 0.156250 0.265625
vt 0.152344 0.265625
vt 0.152344 0.257812
vt 0.156250 0.281250
vt 0.152344 0.257812
vt 0.156250 0.257812
vt 0.156250 0.265625
vt 0.152344 0.265625
vt 0.152344 0.257812
vt 0.152344 0.281250
vt 0.156250 0.257812
vt 0.148438 0.261719
vt 0.152344 0.261719
vt 0.152344 0.285156
vt 0.148438 0.285156
vt 0.152344 0.261719
vt 0.152344 0.285156
vt 0.148438 0.285156
vt 0.148438 0.261719
vt 0.152344 0.261719
vt 0.152344 0.269531
vt 0.148438 0.269531
vt 0.148438 0.261719
vt 0.152344 0.285156
vt 0.148438 0.261719
vt 0.152344 0.261719
vt 0.152344 0.269531
vt 0.148438 0.269531
vt 0.148438 0.261719
vt 0.148438 0.285156
vt 0.152344 0.261719
vt 0.144531 0.265625
vt 0.148438 0.265625
vt 0.148438 0.289062
vt 0.144531 0.289062
vt 0.148438 0.265625
vt 0.148438 0.289062
vt 0.144531 0.289062
vt 0.144531 0.265625
vt 0.148438 0.265625
vt 0.148438 0.273438
vt 0.144531 0.273438
vt 0.144531 0.265625
vt 0.148438 0.289062
vt 0.144531 0.265625
vt 0.148438 0.265625
vt 0.148438 0.273438
vt 0.144531 0.273438
vt 0.144531 0.265625
vt 0.144531 0.289062
vt 0.148438 0.265625
vt 0.140625 0.269531
vt 0.144531 0.269531
vt 0.144531 0.292969
vt 0.140625 0.292969
vt 0.144531 0.269531
vt 0.144531 0.292969
vt 0.140625 0.292969
vt 0.140625 0.269531
vt 0.144531 0.269531
vt 0.144531 0.277344
vt 0.140625 0.277344
vt 0.140625 0.269531
vt 0.144531 0.292969
vt 0.140625 0.269531
vt 0.144531 0.269531
vt 0.144531 0.277344
vt 0.140625 0.277344
vt 0.140625 0.269531
vt 0.140625 0.292969
vt 0.144531 0.269531
vt 0.136719 0.273438
vt 0.140625 0.273438
vt 0.140625 0.296875
vt 0.136719 0.296875
vt 0.140625 0.273438
vt 0.140625 0.296875
vt 0.136719 0.296875
vt 0.136719 0.273438
vt 0.140625 0.273438
vt 0.140625 0.281250
vt 0.136719 0.281250
vt 0.136719 0.273438
vt 0.140625 0.296875
vt 0.136719 0.273438
vt 0.140625 0.273438
vt 0.140625 0.281250
vt 0.136719 0.281250
vt 0.136719 0.273438
vt 0.136719 0.296875
vt 0.140625 0.273438
vt 0.132812 0.273438
vt 0.136719 0.273438
vt 0.136719 0.296875
vt 0.132812 0.296875
vt 0.136719 0.273438
vt 0.136719 0.296875
vt 0.132812 0.296875
vt 0.132812 0.273438
vt 0.136719 0.273438
vt 0.136719 0.281250
vt 0.132812 0.281250
vt 0.132812 0.273438
vt 0.136719 0.296875
vt 0.132812 0.273438
vt 0.136719 0.273438
vt 0.136719 0.281250
vt 0.132812 0.281250
vt 0.132812 0.273438
vt 0.132812 0.296875
vt 0.136719 0.273438
vt 0.128906 0.277344
vt 0.132812 0.277344
vt 0.132812 0.300781
vt 0.128906 0.300781
vt 0.132812 0.277344
vt 0.132812 0.300781
vt 0.128906 0.300781
vt 0.128906 0.277344
vt 0.132812 0.277344
vt 0.132812 0.285156
vt 0.128906 0.285156
vt 0.128906 0.277344
vt 0.132812 0.300781
vt 0.128906 0.277344
vt 0.132812 0.277344
vt 0.132812 0.285156
vt 0.128906 0.285156
vt 0.128906 0.277344
vt 0.128906 0.300781
vt 0.132812 0.277344
vt 0.125000 0.281250
vt 0.128906 0.281250
vt 0.128906 0.304688
vt 0.125000 0.304688
vt 0.128906 0.281250
vt 0.128906 0.304688
vt 0.125000 0.304688
vt 0.125000 0.281250
vt 0.128906 0.281250
vt 0.128906 0.289062
vt 0.125000 0.289062
vt 0.125000 0.281250
vt 0.128906 0.304688
vt 0.125000 0.281250
vt 0.128906 0.281250
vt 0.128906 0.289062
vt 0.125000 0.289062
vt 0.125000 0.281250
vt 0.125000 0.304688
vt 0.128906 0.281250
vt 0.121094 0.285156
vt 0.125000 0.285156
vt 0.125000 0.308594
vt 0.121094 0.308594
vt 0.125000 0.285156
vt 0.125000 0.308594
vt 0.121094 0.308594
vt 0.121094 0.285156
vt 0.125000 0.285156
vt 0.125000 0.292969
vt 0.121094 0.292969
vt 0.121094 0.285156
vt 0.125000 0.308594
vt 0.121094 0.285156
vt 0.125000 0.285156
vt 0.125000 0.292969
vt 0.121094 0.292969
vt 0.121094 0.285156
vt 0.121094 0.308594
vt 0.125000 0.285156
vt 0.117188 0.289062
vt 0.121094 0.289062
vt 0.121094 0.312500
vt 0.117188 0.312500
vt 0.121094 0.289062
vt 0.121094 0.312500
vt 0.117188 0.312500
vt 0.117188 0.289062
vt 0.121094 0.289062
vt 0.121094 0.296875
vt 0.117188 0.296875
vt 0.117188 0.289062
vt 0.121094 0.312500
vt 0.117188 0.289062
vt 0.121094 0.289062
vt 0.121094 0.296875
vt 0.117188 0.296875
vt 0.117188 0.289062
vt 0.117188 0.312500
vt 0.121094 0.289062
vt 0.113281 0.292969
vt 0.117188 0.292969
vt 0.117188 0.316406
vt 0.113281 0.316406
vt 0.117188 0.292969
vt 0.117188 0.316406
vt 0.113281 0.316406
vt 0.113281 0.292969
vt 0.117188 0.292969
vt 0.117188 0.300781
vt 0.113281 0.300781
vt 0.113281 0.292969
vt 0.117188 0.316406
vt 0.113281 0.292969
vt 0.117188 0.292969
vt 0.117188 0.300781
vt 0.113281 0.300781
vt 0.113281 0.292969
vt 0.113281 0.316406
vt 0.117188 0.292969
vt 0.109375 0.296875
vt 0.113281 0.296875
vt 0.113281 0.320312
vt 0.109375 0.320312
vt 0.113281 0.296875
vt 0.113281 0.320312
vt 0.109375 0.320312
vt 0.109375 0.296875
vt 0.113281 0.296875
vt 0.113281 0.304688
vt 0.109375 0.304688
vt 0.109375 0.296875
vt 0.113281 0.320312
vt 0.109375 0.296875
vt 0.113281 0.296875
vt 0.113281 0.304688
vt 0.109375 0.304688
vt 0.109375 0.296875
vt 0.109375 0.320312
vt 0.113281 0.296875
vt 0.105469 0.300781
vt 0.109375 0.300781
vt 0.109375 0.324219
vt 0.105469 0.324219
vt 0.109375 0.300781
vt 0.109375 0.324219
vt 0.105469 0.324219
vt 0.105469 0.300781
vt 0.109375 0.300781
vt 0.109375 0.308594
vt 0.105469 0.308594
vt 0.105469 0.300781
vt 0.109375 0.324219
vt 0.105469 0.300781
vt 0.109375 0.300781
vt 0.109375 0.308594
vt 0.105469 0.308594
vt 0.105469 0.300781
vt 0.105469 0.324219
vt 0.109375 0.300781
vt 0.101562 0.304688
vt 0.105469 0.304688
vt 0.105469 0.328125
vt 0.101562 0.328125
vt 0.105469 0.304688
vt 0.105469 0.328125
vt 0.101562 0.328125
vt 0.101562 0.304688
vt 0.105469 0.304688
vt 0.105469 0.312500
vt 0.101562 0.312500
vt 0.101562 0.304688
vt 0.105469 0.328125
vt 0.101562 0.304688
vt 0.105469 0.304688
vt 0.105469 0.312500
vt 0.101562 0.312500
vt 0.101562 0.304688
vt 0.101562 0.328125
vt 0.105469 0.304688
vt 0.097656 0.312500
vt 0.101562 0.312500
vt 0.101562 0.332031
vt 0.097656 0.332031
vt 0.101562 0.312500
vt 0.101562 0.332031
vt 0.097656 0.332031
vt 0.097656 0.312500
vt 0.101562 0.312500
vt 0.101562 0.320312
vt 0.097656 0.320312
vt 0.097656 0.312500
vt 0.101562 0.332031
vt 0.097656 0.312500
vt 0.101562 0.312500
vt 0.101562 0.320312
vt 0.097656 0.320312
vt 0.097656 0.312500
vt 0.097656 0.332031
vt 0.101562 0.312500
vt 0.093750 0.316406
vt 0.097656 0.316406
vt 0.097656 0.335938
vt 0.093750 0.335938
vt 0.097656 0.316406
vt 0.097656 0.335938
vt 0.093750 0.335938
vt 0.093750 0.316406
vt 0.097656 0.316406
vt 0.097656 0.324219
vt 0.093750 0.324219
vt 0.093750 0.316406
vt 0.097656 0.335938
vt 0.093750 0.316406
vt 0.097656 0.316406
vt 0.097656 0.324219
vt 0.093750 0.324219
vt 0.093750 0.316406
vt 0.093750 0.335938
vt 0.097656 0.316406
vt 0.089844 0.320312
vt 0.093750 0.320312
vt 0.093750 0.339844
vt 0.089844 0.339844
vt 0.093750 0.320312
vt 0.093750 0.339844
vt 0.089844 0.339844
vt 0.089844 0.320312
vt 0.093750 0.320312
vt 0.093750 0.328125
vt 0.089844 0.328125
vt 0.089844 0.320312
vt 0.093750 0.339844
vt 0.089844 0.320312
vt 0.093750 0.320312
vt 0.093750 0.328125
vt 0.089844 0.328125
vt 0.089844 0.320312
vt 0.089844 0.339844
vt 0.093750 0.320312
vt 0.085938 0.324219
vt 0.089844 0.324219
vt 0.089844 0.343750
vt 0.085938 0.343750
vt 0.089844 0.324219
vt 0.089844 0.343750
vt 0.085938 0.343750
vt 0.085938 0.324219
vt 0.089844 0.324219
vt 0.089844 0.332031
vt 0.085938 0.332031
vt 0.085938 0.324219
vt 0.089844 0.343750
vt 0.085938 0.324219
vt 0.089844 0.324219
vt 0.089844 0.332031
vt 0.085938 0.332031
vt 0.085938 0.324219
vt 0.085938 0.343750
vt 0.089844 0.324219
vt 0.082031 0.328125
vt 0.085938 0.328125
vt 0.085938 0.347656
vt 0.082031 0.347656
vt 0.085938 0.328125
vt 0.085938 0.347656
vt 0.082031 0.347656
vt 0.082031 0.328125
vt 0.085938 0.328125
vt 0.085938 0.335938
vt 0.082031 0.335938
vt 0.082031 0.328125
vt 0.085938 0.347656
vt 0.082031 0.328125
vt 0.085938 0.328125
vt 0.085938 0.335938
vt 0.082031 0.335938
vt 0.082031 0.328125
vt 0.082031 0.347656
vt 0.085938 0.328125
vt 0.078125 0.332031
vt 0.082031 0.332031
vt 0.082031 0.351562
vt 0.078125 0.351562
vt 0.082031 0.332031
vt 0.082031 0.351562
vt 0.078125 0.351562
vt 0.078125 0.332031
vt 0.082031 0.332031
vt 0.082031 0.339844
vt 0.078125 0.339844
vt 0.078125 0.332031
vt 0.082031 0.351562
vt 0.078125 0.332031
vt 0.082031 0.332031
vt 0.082031 0.339844
vt 0.078125 0.339844
vt 0.078125 0.332031
vt 0.078125 0.351562
vt 0.082031 0.332031
vt 0.074219 0.339844
vt 0.078125 0.339844
vt 0.078125 0.355469
vt 0.074219 0.355469
vt 0.078125 0.339844
vt 0.078125 0.355469
vt 0.074219 0.355469
vt 0.074219 0.339844
vt 0.078125 0.339844
vt 0.078125 0.347656
vt 0.074219 0.347656
vt 0.074219 0.339844
vt 0.078125 0.355469
vt 0.074219 0.339844
vt 0.078125 0.339844
vt 0.078125 0.347656
vt 0.074219 0.347656
vt 0.074219 0.339844
vt 0.074219 0.355469
vt 0.078125 0.339844
vt 0.070312 0.343750
vt 0.074219 0.343750
vt 0.074219 0.359375
vt 0.070312 0.359375
vt 0.074219 0.343750
vt 0.074219 0.359375
vt 0.070312 0.359375
vt 0.070312 0.343750
vt 0.074219 0.343750
vt 0.074219 0.351562
vt 0.070312 0.351562
vt 0.070312 0.343750
vt 0.074219 0.359375
vt 0.070312 0.343750
vt 0.074219 0.343750
vt 0.074219 0.351562
vt 0.070312 0.351562
vt 0.070312 0.343750
vt 0.070312 0.359375
vt 0.074219 0.343750
vt 0.066406 0.347656
vt 0.070312 0.347656
vt 0.070312 0.367188
vt 0.066406 0.367188
vt 0.070312 0.347656
vt 0.070312 0.367188
vt 0.066406 0.367188
vt 0.066406 0.347656
vt 0.070312 0.347656
vt 0.070312 0.355469
vt 0.066406 0.355469
vt 0.066406 0.347656
vt 0.070312 0.367188
vt 0.066406 0.347656
vt 0.070312 0.347656
vt 0.070312 0.355469
vt 0.066406 0.355469
vt 0.066406 0.347656
vt 0.066406 0.367188
vt 0.070312 0.347656
vt 0.062500 0.355469
vt 0.066406 0.355469
vt 0.066406 0.371094
vt 0.062500 0.371094
vt 0.066406 0.355469
vt 0.066406 0.371094
vt 0.062500 0.371094
vt 0.062500 0.355469
vt 0.066406 0.355469
vt 0.066406 0.363281
vt 0.062500 0.363281
vt 0.062500 0.355469
vt 0.066406 0.371094
vt 0.062500 0.355469
vt 0.066406 0.355469
vt 0.066406 0.363281
vt 0.062500 0.363281
vt 0.062500 0.355469
vt 0.062500 0.371094
vt 0.066406 0.355469
vt 0.058594 0.363281
vt 0.062500 0.363281
vt 0.062500 0.378906
vt 0.058594 0.378906
vt 0.062500 0.363281
vt 0.062500 0.378906
vt 0.058594 0.378906
vt 0.058594 0.363281
vt 0.062500 0.363281
vt 0.062500 0.371094
vt 0.058594 0.371094
vt 0.058594 0.363281
vt 0.062500 0.378906
vt 0.058594 0.363281
vt 0.062500 0.363281
vt 0.062500 0.371094
vt 0.058594 0.371094
vt 0.058594 0.363281
vt 0.058594 0.378906
vt 0.062500 0.363281
vt 0.054688 0.371094
vt 0.058594 0.371094
vt 0.058594 0.382812
vt 0.054688 0.382812
vt 0.058594 0.371094
vt 0.058594 0.382812
vt 0.054688 0.382812
vt 0.054688 0.371094
vt 0.058594 0.371094
vt 0.058594 0.378906
vt 0.054688 0.378906
vt 0.054688 0.371094
vt 0.058594 0.382812
vt 0.054688 0.371094
vt 0.058594 0.371094
vt 0.058594 0.378906
vt 0.054688 0.378906
vt 0.054688 0.371094
vt 0.054688 0.382812
vt 0.058594 0.371094
vt 0.050781 0.378906
vt 0.054688 0.378906
vt 0.054688 0.390625
vt 0.050781 0.390625
vt 0.054688 0.378906
vt 0.054688 0.390625
vt 0.050781 0.390625
vt 0.050781 0.378906
vt 0.054688 0.378906
vt 0.054688 0.386719
vt 0.050781 0.386719
vt 0.050781 0.378906
vt 0.054688 0.390625
vt 0.050781 0.378906
vt 0.054688 0.378906
vt 0.054688 0.386719
vt 0.050781 0.386719
vt 0.050781 0.378906
vt 0.050781 0.390625
vt 0.054688 0.378906
vt 0.046875 0.382812
vt 0.050781 0.382812
vt 0.050781 0.398438
vt 0.046875 0.398438
vt 0.050781 0.382812
vt 0.050781 0.398438
vt 0.046875 0.398438
vt 0.046875 0.382812
vt 0.050781 0.382812
vt 0.050781 0.390625
vt 0.046875 0.390625
vt 0.046875 0.382812
vt 0.050781 0.398438
vt 0.046875 0.382812
vt 0.050781 0.382812
vt 0.050781 0.390625
vt 0.046875 0.390625
vt 0.046875 0.382812
vt 0.046875 0.398438
vt 0.050781 0.382812
vt 0.042969 0.390625
vt 0.046875 0.390625
vt 0.046875 0.402344
vt 0.042969 0.402344
vt 0.046875 0.390625
vt 0.046875 0.402344
vt 0.042969 0.402344
vt 0.042969 0.390625
vt 0.046875 0.390625
vt 0.046875 0.398438
vt 0.042969 0.398438
vt 0.042969 0.390625
vt 0.046875 0.402344
vt 0.042969 0.390625
vt 0.046875 0.390625
vt 0.046875 0.398438
vt 0.042969 0.398438
vt 0.042969 0.390625
vt 0.042969 0.402344
vt 0.046875 0.390625
vt 0.039062 0.398438
vt 0.042969 0.398438
vt 0.042969 0.402344
vt 0.039062 0.402344
vt 0.042969 0.398438
vt 0.042969 0.402344
vt 0.039062 0.402344
vt 0.039062 0.398438
vt 0.042969 0.398438
vt 0.042969 0.402344
vt 0.039062 0.402344
vt 0.039062 0.398438
vt 0.042969 0.402344
vt 0.039062 0.398438
vt 0.042969 0.398438
vt 0.042969 0.402344
vt 0.039062 0.402344
vt 0.039062 0.398438
vt 0.039062 0.402344
vt 0.042969 0.398438
vt 0.207031 0.218750
vt 0.210938 0.218750
vt 0.210938 0.292969
vt 0.207031 0.292969
vt 0.210938 0.218750
vt 0.210938 0.292969
vt 0.207031 0.292969
vt 0.207031 0.218750
vt 0.210938 0.218750
vt 0.210938 0.226562
vt 0.207031 0.226562
vt 0.207031 0.218750
vt 0.210938 0.292969
vt 0.207031 0.218750
vt 0.210938 0.218750
vt 0.210938 0.226562
vt 0.207031 0.226562
vt 0.207031 0.218750
vt 0.207031 0.292969
vt 0.210938 0.218750
vt 0.210938 0.218750
vt 0.214844 0.218750
vt 0.214844 0.406250
vt 0.210938 0.406250
vt 0.214844 0.218750
vt 0.214844 0.406250
vt 0.210938 0.406250
vt 0.210938 0.218750
vt 0.214844 0.218750
vt 0.214844 0.226562
vt 0.210938 0.226562
vt 0.210938 0.218750
vt 0.214844 0.406250
vt 0.210938 0.218750
vt 0.214844 0.218750
vt 0.214844 0.226562
vt 0.210938 0.226562
vt 0.210938 0.218750
vt 0.210938 0.406250
vt 0.214844 0.218750
vt 0.214844 0.218750
vt 0.218750 0.218750
vt 0.218750 0.437500
vt 0.214844 0.437500
vt 0.218750 0.218750
vt 0.218750 0.437500
vt 0.214844 0.437500
vt 0.214844 0.218750
vt 0.218750 0.218750
vt 0.218750 0.226562
vt 0.214844 0.226562
vt 0.214844 0.218750
vt 0.218750 0.437500
vt 0.214844 0.218750
vt 0.218750 0.218750
vt 0.218750 0.226562
vt 0.214844 0.226562
vt 0.214844 0.218750
vt 0.214844 0.437500
vt 0.218750 0.218750
vt 0.687500 0.625000
vt 0.906250 0.625000
vt 0.906250 0.656250
vt 0.687500 0.656250
vt 0.687500 0.625000
vt 0.687500 0.656250
vt 0.468750 0.656250
vt 0.468750 0.625000
vt 0.687500 0.593750
vt 0.468750 0.593750
vt 0.468750 0.593750
vt 0.437500 0.625000
vt 0.437500 0.593750
vt 0.937500 0.593750
vt 0.937500 0.625000
vt 0.718750 0.625000
vt 0.718750 0.593750
vt 0.199219 0.218750
vt 0.171875 0.218750
vt 0.171875 0.238281
vt 0.199219 0.238281
vt 0.199219 0.218750
vt 0.199219 0.238281
vt 0.171875 0.238281
vt 0.171875 0.218750
vt 0.199219 0.222656
vt 0.171875 0.222656
vt 0.171875 0.218750
vt 0.199219 0.218750
vt 0.199219 0.238281
vt 0.171875 0.218750
vt 0.199219 0.234375
vt 0.199219 0.238281
vt 0.171875 0.238281
vt 0.171875 0.234375
vt 0.171875 0.238281
vt 0.171875 0.218750
vt 0.199219 0.218750
vt 0.171875 0.218750
vt 0.144531 0.218750
vt 0.144531 0.265625
vt 0.171875 0.265625
vt 0.171875 0.218750
vt 0.171875 0.265625
vt 0.144531 0.265625
vt 0.144531 0.218750
vt 0.171875 0.222656
vt 0.144531 0.222656
vt 0.144531 0.218750
vt 0.171875 0.218750
vt 0.171875 0.265625
vt 0.144531 0.218750
vt 0.171875 0.261719
vt 0.171875 0.265625
vt 0.144531 0.265625
vt 0.144531 0.261719
vt 0.144531 0.265625
vt 0.144531 0.218750
vt 0.171875 0.218750
vt 0.144531 0.218750
vt 0.117188 0.218750
vt 0.117188 0.289062
vt 0.144531 0.289062
vt 0.144531 0.218750
vt 0.144531 0.289062
vt 0.117188 0.289062
vt 0.117188 0.218750
vt 0.144531 0.222656
vt 0.117188 0.222656
vt 0.117188 0.218750
vt 0.144531 0.218750
vt 0.144531 0.289062
vt 0.117188 0.218750
vt 0.144531 0.285156
vt 0.144531 0.289062
vt 0.117188 0.289062
vt 0.117188 0.285156
vt 0.117188 0.289062
vt 0.117188 0.218750
vt 0.144531 0.218750
vt 0.117188 0.218750
vt 0.097656 0.218750
vt 0.097656 0.312500
vt 0.117188 0.312500
vt 0.117188 0.218750
vt 0.117188 0.312500
vt 0.097656 0.312500
vt 0.097656 0.218750
vt 0.117188 0.222656
vt 0.097656 0.222656
vt 0.097656 0.218750
vt 0.117188 0.218750
vt 0.117188 0.312500
vt 0.097656 0.218750
vt 0.117188 0.308594
vt 0.117188 0.312500
vt 0.097656 0.312500
vt 0.097656 0.308594
vt 0.097656 0.312500
vt 0.097656 0.218750
vt 0.117188 0.218750
vt 0.097656 0.218750
vt 0.078125 0.218750
vt 0.078125 0.332031
vt 0.097656 0.332031
vt 0.097656 0.218750
vt 0.097656 0.332031
vt 0.078125 0.332031
vt 0.078125 0.218750
vt 0.097656 0.222656
vt 0.078125 0.222656
vt 0.078125 0.218750
vt 0.097656 0.218750
vt 0.097656 0.332031
vt 0.078125 0.218750
vt 0.097656 0.328125
vt 0.097656 0.332031
vt 0.078125 0.332031
vt 0.078125 0.328125
vt 0.078125 0.332031
vt 0.078125 0.218750
vt 0.097656 0.218750
vt 0.078125 0.218750
vt 0.070312 0.218750
vt 0.070312 0.343750
vt 0.078125 0.343750
vt 0.078125 0.218750
vt 0.078125 0.343750
vt 0.070312 0.343750
vt 0.070312 0.218750
vt 0.078125 0.222656
vt 0.070312 0.222656
vt 0.070312 0.218750
vt 0.078125 0.218750
vt 0.078125 0.343750
vt 0.070312 0.218750
vt 0.078125 0.339844
vt 0.078125 0.343750
vt 0.070312 0.343750
vt 0.070312 0.339844
vt 0.070312 0.343750
vt 0.070312 0.218750
vt 0.078125 0.218750
vt 0.070312 0.218750
vt 0.062500 0.218750
vt 0.062500 0.355469
vt 0.070312 0.355469
vt 0.070312 0.218750
vt 0.070312 0.355469
vt 0.062500 0.355469
vt 0.062500 0.218750
vt 0.070312 0.222656
vt 0.062500 0.222656
vt 0.062500 0.218750
vt 0.070312 0.218750
vt 0.070312 0.355469
vt 0.062500 0.218750
vt 0.070312 0.351562
vt 0.070312 0.355469
vt 0.062500 0.355469
vt 0.062500 0.351562
vt 0.062500 0.355469
vt 0.062500 0.218750
vt 0.070312 0.218750
vt 0.062500 0.218750
vt 0.054688 0.218750
vt 0.054688 0.371094
vt 0.062500 0.371094
vt 0.062500 0.218750
vt 0.062500 0.371094
vt 0.054688 0.371094
vt 0.054688 0.218750
vt 0.062500 0.222656
vt 0.054688 0.222656
vt 0.054688 0.218750
vt 0.062500 0.218750
vt 0.062500 0.371094
vt 0.054688 0.218750
vt 0.062500 0.367188
vt 0.062500 0.371094
vt 0.054688 0.371094
vt 0.054688 0.367188
vt 0.054688 0.371094
vt 0.054688 0.218750
vt 0.062500 0.218750
vt 0.003906 0.218750
vt 0.000000 0.218750
vt 0.000000 0.226562
vt 0.003906 0.226562
vt 0.003906 0.218750
vt 0.003906 0.226562
vt 0.000000 0.226562
vt 0.000000 0.218750
vt 0.003906 0.222656
vt 0.000000 0.222656
vt 0.000000 0.218750
vt 0.003906 0.218750
vt 0.003906 0.226562
vt 0.000000 0.218750
vt 0.003906 0.222656
vt 0.003906 0.226562
vt 0.000000 0.226562
vt 0.000000 0.222656
vt 0.000000 0.226562
vt 0.000000 0.218750
vt 0.003906 0.218750
vt 0.007812 0.218750
vt 0.003906 0.218750
vt 0.003906 0.234375
vt 0.007812 0.234375
vt 0.007812 0.218750
vt 0.007812 0.234375
vt 0.003906 0.234375
vt 0.003906 0.218750
vt 0.007812 0.222656
vt 0.003906 0.222656
vt 0.003906 0.218750
vt 0.007812 0.218750
vt 0.007812 0.234375
vt 0.003906 0.218750
vt 0.007812 0.230469
vt 0.007812 0.234375
vt 0.003906 0.234375
vt 0.003906 0.230469
vt 0.003906 0.234375
vt 0.003906 0.218750
vt 0.007812 0.218750
vt 0.011719 0.218750
vt 0.007812 0.218750
vt 0.007812 0.242188
vt 0.011719 0.242188
vt 0.011719 0.218750
vt 0.011719 0.242188
vt 0.007812 0.242188
vt 0.007812 0.218750
vt 0.011719 0.222656
vt 0.007812 0.222656
vt 0.007812 0.218750
vt 0.011719 0.218750
vt 0.011719 0.242188
vt 0.007812 0.218750
vt 0.011719 0.238281
vt 0.011719 0.242188
vt 0.007812 0.242188
vt 0.007812 0.238281
vt 0.007812 0.242188
vt 0.007812 0.218750
vt 0.011719 0.218750
vt 0.015625 0.218750
vt 0.011719 0.218750
vt 0.011719 0.246094
vt 0.015625 0.246094
vt 0.015625 0.218750
vt 0.015625 0.246094
vt 0.011719 0.246094
vt 0.011719 0.218750
vt 0.015625 0.222656
vt 0.011719 0.222656
vt 0.011719 0.218750
vt 0.015625 0.218750
vt 0.015625 0.246094
vt 0.011719 0.218750
vt 0.015625 0.242188
vt 0.015625 0.246094
vt 0.011719 0.246094
vt 0.011719 0.242188
vt 0.011719 0.246094
vt 0.011719 0.218750
vt 0.015625 0.218750
vt 0.019531 0.218750
vt 0.015625 0.218750
vt 0.015625 0.250000
vt 0.019531 0.250000
vt 0.019531 0.218750
vt 0.019531 0.250000
vt 0.015625 0.250000
vt 0.015625 0.218750
vt 0.019531 0.222656
vt 0.015625 0.222656
vt 0.015625 0.218750
vt 0.019531 0.218750
vt 0.019531 0.250000
vt 0.015625 0.218750
vt 0.019531 0.246094
vt 0.019531 0.250000
vt 0.015625 0.250000
vt 0.015625 0.246094
vt 0.015625 0.250000
vt 0.015625 0.218750
vt 0.019531 0.218750
vt 0.023438 0.218750
vt 0.019531 0.218750
vt 0.019531 0.257812
vt 0.023438 0.257812
vt 0.023438 0.218750
vt 0.023438 0.257812
vt 0.019531 0.257812
vt 0.019531 0.218750
vt 0.023438 0.222656
vt 0.019531 0.222656
vt 0.019531 0.218750
vt 0.023438 0.218750
vt 0.023438 0.257812
vt 0.019531 0.218750
vt 0.023438 0.253906
vt 0.023438 0.257812
vt 0.019531 0.257812
vt 0.019531 0.253906
vt 0.019531 0.257812
vt 0.019531 0.218750
vt 0.023438 0.218750
vt 0.027344 0.218750
vt 0.023438 0.218750
vt 0.023438 0.261719
vt 0.027344 0.261719
vt 0.027344 0.218750
vt 0.027344 0.261719
vt 0.023438 0.261719
vt 0.023438 0.218750
vt 0.027344 0.222656
vt 0.023438 0.222656
vt 0.023438 0.218750
vt 0.027344 0.218750
vt 0.027344 0.261719
vt 0.023438 0.218750
vt 0.027344 0.257812
vt 0.027344 0.261719
vt 0.023438 0.261719
vt 0.023438 0.257812
vt 0.023438 0.261719
vt 0.023438 0.218750
vt 0.027344 0.218750
vt 0.031250 0.218750
vt 0.027344 0.218750
vt 0.027344 0.269531
vt 0.031250 0.269531
vt 0.031250 0.218750
vt 0.031250 0.269531
vt 0.027344 0.269531
vt 0.027344 0.218750
vt 0.031250 0.222656
vt 0.027344 0.222656
vt 0.027344 0.218750
vt 0.031250 0.218750
vt 0.031250 0.269531
vt 0.027344 0.218750
vt 0.031250 0.265625
vt 0.031250 0.269531
vt 0.027344 0.269531
vt 0.027344 0.265625
vt 0.027344 0.269531
vt 0.027344 0.218750
vt 0.031250 0.218750
vt 0.035156 0.218750
vt 0.031250 0.218750
vt 0.031250 0.281250
vt 0.035156 0.281250
vt 0.035156 0.218750
vt 0.035156 0.281250
vt 0.031250 0.281250
vt 0.031250 0.218750
vt 0.035156 0.222656
vt 0.031250 0.222656
vt 0.031250 0.218750
vt 0.035156 0.218750
vt 0.035156 0.281250
vt 0.031250 0.218750
vt 0.035156 0.277344
vt 0.035156 0.281250
vt 0.031250 0.281250
vt 0.031250 0.277344
vt 0.031250 0.281250
vt 0.031250 0.218750
vt 0.035156 0.218750
vt 0.039062 0.218750
vt 0.035156 0.218750
vt 0.035156 0.292969
vt 0.039062 0.292969
vt 0.039062 0.218750
vt 0.039062 0.292969
vt 0.035156 0.292969
vt 0.035156 0.218750
vt 0.039062 0.222656
vt 0.035156 0.222656
vt 0.035156 0.218750
vt 0.039062 0.218750
vt 0.039062 0.292969
vt 0.035156 0.218750
vt 0.039062 0.289062
vt 0.039062 0.292969
vt 0.035156 0.292969
vt 0.035156 0.289062
vt 0.035156 0.292969
vt 0.035156 0.218750
vt 0.039062 0.218750
vt 0.042969 0.218750
vt 0.039062 0.218750
vt 0.039062 0.308594
vt 0.042969 0.308594
vt 0.042969 0.218750
vt 0.042969 0.308594
vt 0.039062 0.308594
vt 0.039062 0.218750
vt 0.042969 0.222656
vt 0.039062 0.222656
vt 0.039062 0.218750
vt 0.042969 0.218750
vt 0.042969 0.308594
vt 0.039062 0.218750
vt 0.042969 0.304688
vt 0.042969 0.308594
vt 0.039062 0.308594
vt 0.039062 0.304688
vt 0.039062 0.308594
vt 0.039062 0.218750
vt 0.042969 0.218750
vt 0.046875 0.218750
vt 0.042969 0.218750
vt 0.042969 0.328125
vt 0.046875 0.328125
vt 0.046875 0.218750
vt 0.046875 0.328125
vt 0.042969 0.328125
vt 0.042969 0.218750
vt 0.046875 0.222656
vt 0.042969 0.222656
vt 0.042969 0.218750
vt 0.046875 0.218750
vt 0.046875 0.328125
vt 0.042969 0.218750
vt 0.046875 0.324219
vt 0.046875 0.328125
vt 0.042969 0.328125
vt 0.042969 0.324219
vt 0.042969 0.328125
vt 0.042969 0.218750
vt 0.046875 0.218750
vt 0.054688 0.218750
vt 0.046875 0.218750
vt 0.046875 0.382812
vt 0.054688 0.382812
vt 0.054688 0.218750
vt 0.054688 0.382812
vt 0.046875 0.382812
vt 0.046875 0.218750
vt 0.054688 0.222656
vt 0.046875 0.222656
vt 0.046875 0.218750
vt 0.054688 0.218750
vt 0.054688 0.382812
vt 0.046875 0.218750
vt 0.054688 0.378906
vt 0.054688 0.382812
vt 0.046875 0.382812
vt 0.046875 0.378906
vt 0.046875 0.382812
vt 0.046875 0.218750
vt 0.054688 0.218750
vt 0.046875 0.378906
vt 0.042969 0.378906
vt 0.042969 0.390625
vt 0.046875 0.390625
vt 0.046875 0.378906
vt 0.046875 0.390625
vt 0.042969 0.390625
vt 0.042969 0.378906
vt 0.046875 0.382812
vt 0.042969 0.382812
vt 0.042969 0.378906
vt 0.046875 0.378906
vt 0.046875 0.390625
vt 0.042969 0.378906
vt 0.046875 0.386719
vt 0.046875 0.390625
vt 0.042969 0.390625
vt 0.042969 0.386719
vt 0.042969 0.390625
vt 0.042969 0.378906
vt 0.046875 0.378906
vt 0.050781 0.398438
vt 0.046875 0.398438
vt 0.046875 0.402344
vt 0.050781 0.402344
vt 0.050781 0.398438
vt 0.050781 0.402344
vt 0.046875 0.402344
vt 0.046875 0.398438
vt 0.050781 0.402344
vt 0.046875 0.402344
vt 0.046875 0.398438
vt 0.050781 0.402344
vt 0.050781 0.402344
vt 0.050781 0.398438
vt 0.050781 0.402344
vt 0.046875 0.402344
vt 0.046875 0.398438
vt 0.046875 0.402344
vt 0.046875 0.398438
vt 0.050781 0.398438
vt 0.058594 0.382812
vt 0.050781 0.382812
vt 0.050781 0.402344
vt 0.058594 0.402344
vt 0.058594 0.382812
vt 0.058594 0.402344
vt 0.050781 0.402344
vt 0.050781 0.382812
vt 0.058594 0.386719
vt 0.050781 0.386719
vt 0.050781 0.382812
vt 0.058594 0.394531
vt 0.058594 0.402344
vt 0.050781 0.394531
vt 0.058594 0.398438
vt 0.058594 0.402344
vt 0.050781 0.402344
vt 0.050781 0.398438
vt 0.050781 0.402344
vt 0.050781 0.382812
vt 0.058594 0.382812
vt 0.066406 0.371094
vt 0.058594 0.371094
vt 0.058594 0.402344
vt 0.066406 0.402344
vt 0.066406 0.371094
vt 0.066406 0.402344
vt 0.058594 0.402344
vt 0.058594 0.371094
vt 0.066406 0.375000
vt 0.058594 0.375000
vt 0.058594 0.371094
vt 0.066406 0.394531
vt 0.066406 0.402344
vt 0.058594 0.394531
vt 0.066406 0.398438
vt 0.066406 0.402344
vt 0.058594 0.402344
vt 0.058594 0.398438
vt 0.058594 0.402344
vt 0.058594 0.371094
vt 0.066406 0.371094
vt 0.070312 0.367188
vt 0.066406 0.367188
vt 0.066406 0.398438
vt 0.070312 0.398438
vt 0.070312 0.367188
vt 0.070312 0.398438
vt 0.066406 0.398438
vt 0.066406 0.367188
vt 0.070312 0.371094
vt 0.066406 0.371094
vt 0.066406 0.367188
vt 0.070312 0.390625
vt 0.070312 0.398438
vt 0.066406 0.390625
vt 0.070312 0.394531
vt 0.070312 0.398438
vt 0.066406 0.398438
vt 0.066406 0.394531
vt 0.066406 0.398438
vt 0.066406 0.367188
vt 0.070312 0.367188
vt 0.085938 0.347656
vt 0.070312 0.347656
vt 0.070312 0.398438
vt 0.085938 0.398438
vt 0.085938 0.347656
vt 0.085938 0.398438
vt 0.070312 0.398438
vt 0.070312 0.347656
vt 0.085938 0.351562
vt 0.070312 0.351562
vt 0.070312 0.347656
vt 0.085938 0.390625
vt 0.085938 0.398438
vt 0.070312 0.390625
vt 0.085938 0.394531
vt 0.085938 0.398438
vt 0.070312 0.398438
vt 0.070312 0.394531
vt 0.070312 0.398438
vt 0.070312 0.347656
vt 0.085938 0.347656
vt 0.105469 0.328125
vt 0.085938 0.328125
vt 0.085938 0.398438
vt 0.105469 0.398438
vt 0.105469 0.328125
vt 0.105469 0.398438
vt 0.085938 0.398438
vt 0.085938 0.328125
vt 0.105469 0.332031
vt 0.085938 0.332031
vt 0.085938 0.328125
vt 0.105469 0.390625
vt 0.105469 0.398438
vt 0.085938 0.390625
vt 0.105469 0.394531
vt 0.105469 0.398438
vt 0.085938 0.398438
vt 0.085938 0.394531
vt 0.085938 0.398438
vt 0.085938 0.328125
vt 0.105469 0.328125
vt 0.113281 0.320312
vt 0.105469 0.320312
vt 0.105469 0.394531
vt 0.113281 0.394531
vt 0.113281 0.320312
vt 0.113281 0.394531
vt 0.105469 0.394531
vt 0.105469 0.320312
vt 0.113281 0.324219
vt 0.105469 0.324219
vt 0.105469 0.320312
vt 0.113281 0.386719
vt 0.113281 0.394531
vt 0.105469 0.386719
vt 0.113281 0.390625
vt 0.113281 0.394531
vt 0.105469 0.394531
vt 0.105469 0.390625
vt 0.105469 0.394531
vt 0.105469 0.320312
vt 0.113281 0.320312
vt 0.140625 0.296875
vt 0.113281 0.296875
vt 0.113281 0.394531
vt 0.140625 0.394531
vt 0.140625 0.296875
vt 0.140625 0.394531
vt 0.113281 0.394531
vt 0.113281 0.296875
vt 0.140625 0.300781
vt 0.113281 0.300781
vt 0.113281 0.296875
vt 0.140625 0.390625
vt 0.140625 0.394531
vt 0.113281 0.390625
vt 0.140625 0.390625
vt 0.140625 0.394531
vt 0.113281 0.394531
vt 0.113281 0.390625
vt 0.113281 0.394531
vt 0.113281 0.296875
vt 0.140625 0.296875
vt 0.164062 0.277344
vt 0.140625 0.277344
vt 0.140625 0.398438
vt 0.164062 0.398438
vt 0.164062 0.277344
vt 0.164062 0.398438
vt 0.140625 0.398438
vt 0.140625 0.277344
vt 0.164062 0.281250
vt 0.140625 0.281250
vt 0.140625 0.277344
vt 0.164062 0.390625
vt 0.164062 0.398438
vt 0.140625 0.390625
vt 0.164062 0.394531
vt 0.164062 0.398438
vt 0.140625 0.398438
vt 0.140625 0.394531
vt 0.140625 0.398438
vt 0.140625 0.277344
vt 0.164062 0.277344
vt 0.171875 0.269531
vt 0.164062 0.269531
vt 0.164062 0.402344
vt 0.171875 0.402344
vt 0.171875 0.269531
vt 0.171875 0.402344
vt 0.164062 0.402344
vt 0.164062 0.269531
vt 0.171875 0.273438
vt 0.164062 0.273438
vt 0.164062 0.269531
vt 0.171875 0.394531
vt 0.171875 0.402344
vt 0.164062 0.394531
vt 0.171875 0.398438
vt 0.171875 0.402344
vt 0.164062 0.402344
vt 0.164062 0.398438
vt 0.164062 0.402344
vt 0.164062 0.269531
vt 0.171875 0.269531
vt 0.183594 0.257812
vt 0.171875 0.257812
vt 0.171875 0.406250
vt 0.183594 0.406250
vt 0.183594 0.257812
vt 0.183594 0.406250
vt 0.171875 0.406250
vt 0.171875 0.257812
vt 0.183594 0.261719
vt 0.171875 0.261719
vt 0.171875 0.257812
vt 0.183594 0.402344
vt 0.183594 0.406250
vt 0.171875 0.402344
vt 0.183594 0.402344
vt 0.183594 0.406250
vt 0.171875 0.406250
vt 0.171875 0.402344
vt 0.171875 0.406250
vt 0.171875 0.257812
vt 0.183594 0.257812
vt 0.191406 0.253906
vt 0.183594 0.253906
vt 0.183594 0.410156
vt 0.191406 0.410156
vt 0.191406 0.253906
vt 0.191406 0.410156
vt 0.183594 0.410156
vt 0.183594 0.253906
vt 0.191406 0.257812
vt 0.183594 0.257812
vt 0.183594 0.253906
vt 0.191406 0.406250
vt 0.191406 0.410156
vt 0.183594 0.406250
vt 0.191406 0.406250
vt 0.191406 0.410156
vt 0.183594 0.410156
vt 0.183594 0.406250
vt 0.183594 0.410156
vt 0.183594 0.253906
vt 0.191406 0.253906
vt 0.195312 0.250000
vt 0.191406 0.250000
vt 0.191406 0.414062
vt 0.195312 0.414062
vt 0.195312 0.250000
vt 0.195312 0.414062
vt 0.191406 0.414062
vt 0.191406 0.250000
vt 0.195312 0.253906
vt 0.191406 0.253906
vt 0.191406 0.250000
vt 0.195312 0.398438
vt 0.195312 0.414062
vt 0.191406 0.398438
vt 0.195312 0.410156
vt 0.195312 0.414062
vt 0.191406 0.414062
vt 0.191406 0.410156
vt 0.191406 0.414062
vt 0.191406 0.250000
vt 0.195312 0.250000
vt 0.203125 0.242188
vt 0.195312 0.242188
vt 0.195312 0.417969
vt 0.203125 0.417969
vt 0.203125 0.242188
vt 0.203125 0.417969
vt 0.195312 0.417969
vt 0.195312 0.242188
vt 0.203125 0.246094
vt 0.195312 0.246094
vt 0.195312 0.242188
vt 0.203125 0.414062
vt 0.203125 0.417969
vt 0.195312 0.414062
vt 0.203125 0.414062
vt 0.203125 0.417969
vt 0.195312 0.417969
vt 0.195312 0.414062
vt 0.195312 0.417969
vt 0.195312 0.242188
vt 0.203125 0.242188
vt 0.207031 0.242188
vt 0.203125 0.242188
vt 0.203125 0.425781
vt 0.207031 0.425781
vt 0.207031 0.242188
vt 0.207031 0.425781
vt 0.203125 0.425781
vt 0.203125 0.242188
vt 0.207031 0.246094
vt 0.203125 0.246094
vt 0.203125 0.242188
vt 0.207031 0.421875
vt 0.207031 0.425781
vt 0.203125 0.421875
vt 0.207031 0.242188
vt 0.207031 0.246094
vt 0.203125 0.246094
vt 0.203125 0.242188
vt 0.203125 0.425781
vt 0.203125 0.242188
vt 0.207031 0.242188
vt 0.210938 0.292969
vt 0.207031 0.292969
vt 0.207031 0.429688
vt 0.210938 0.429688
vt 0.210938 0.292969
vt 0.210938 0.429688
vt 0.207031 0.429688
vt 0.207031 0.292969
vt 0.210938 0.296875
vt 0.207031 0.296875
vt 0.207031 0.292969
vt 0.210938 0.425781
vt 0.210938 0.429688
vt 0.207031 0.425781
vt 0.210938 0.292969
vt 0.210938 0.296875
vt 0.207031 0.296875
vt 0.207031 0.292969
vt 0.207031 0.429688
vt 0.207031 0.292969
vt 0.210938 0.292969
vt 0.210938 0.406250
vt 0.214844 0.406250
vt 0.214844 0.433594
vt 0.210938 0.433594
vt 0.214844 0.406250
vt 0.214844 0.433594
vt 0.210938 0.433594
vt 0.210938 0.406250
vt 0.214844 0.406250
vt 0.214844 0.410156
vt 0.210938 0.410156
vt 0.210938 0.406250
vt 0.214844 0.425781
vt 0.214844 0.433594
vt 0.210938 0.425781
vt 0.214844 0.406250
vt 0.214844 0.410156
vt 0.210938 0.410156
vt 0.210938 0.406250
vt 0.210938 0.433594
vt 0.214844 0.406250
vt 0.203125 0.218750
vt 0.207031 0.218750
vt 0.207031 0.242188
vt 0.203125 0.242188
vt 0.207031 0.218750
vt 0.207031 0.242188
vt 0.203125 0.242188
vt 0.203125 0.218750
vt 0.207031 0.218750
vt 0.207031 0.226562
vt 0.203125 0.226562
vt 0.203125 0.218750
vt 0.207031 0.242188
vt 0.203125 0.218750
vt 0.207031 0.218750
vt 0.207031 0.226562
vt 0.203125 0.226562
vt 0.203125 0.218750
vt 0.203125 0.242188
vt 0.207031 0.218750
vt 0.199219 0.218750
vt 0.203125 0.218750
vt 0.203125 0.242188
vt 0.199219 0.242188
vt 0.203125 0.218750
vt 0.203125 0.242188
vt 0.199219 0.242188
vt 0.199219 0.218750
vt 0.203125 0.218750
vt 0.203125 0.226562
vt 0.199219 0.226562
vt 0.199219 0.218750
vt 0.203125 0.242188
vt 0.199219 0.218750
vt 0.203125 0.218750
vt 0.203125 0.226562
vt 0.199219 0.226562
vt 0.199219 0.218750
vt 0.199219 0.242188
vt 0.203125 0.218750
vt 0.195312 0.222656
vt 0.199219 0.222656
vt 0.199219 0.246094
vt 0.195312 0.246094
vt 0.199219 0.222656
vt 0.199219 0.246094
vt 0.195312 0.246094
vt 0.195312 0.222656
vt 0.199219 0.222656
vt 0.199219 0.230469
vt 0.195312 0.230469
vt 0.195312 0.222656
vt 0.199219 0.246094
vt 0.195312 0.222656
vt 0.199219 0.222656
vt 0.199219 0.230469
vt 0.195312 0.230469
vt 0.195312 0.222656
vt 0.195312 0.246094
vt 0.199219 0.222656
vt 0.191406 0.226562
vt 0.195312 0.226562
vt 0.195312 0.250000
vt 0.191406 0.250000
vt 0.195312 0.226562
vt 0.195312 0.250000
vt 0.191406 0.250000
vt 0.191406 0.226562
vt 0.195312 0.226562
vt 0.195312 0.234375
vt 0.191406 0.234375
vt 0.191406 0.226562
vt 0.195312 0.250000
vt 0.191406 0.226562
vt 0.195312 0.226562
vt 0.195312 0.234375
vt 0.191406 0.234375
vt 0.191406 0.226562
vt 0.191406 0.250000
vt 0.195312 0.226562
vt 0.187500 0.230469
vt 0.191406 0.230469
vt 0.191406 0.253906
vt 0.187500 0.253906
vt 0.191406 0.230469
vt 0.191406 0.253906
vt 0.187500 0.253906
vt 0.187500 0.230469
vt 0.191406 0.230469
vt 0.191406 0.238281
vt 0.187500 0.238281
vt 0.187500 0.230469
vt 0.191406 0.253906
vt 0.187500 0.230469
vt 0.191406 0.230469
vt 0.191406 0.238281
vt 0.187500 0.238281
vt 0.187500 0.230469
vt 0.187500 0.253906
vt 0.191406 0.230469
vt 0.183594 0.230469
vt 0.187500 0.230469
vt 0.187500 0.253906
vt 0.183594 0.253906
vt 0.187500 0.230469
vt 0.187500 0.253906
vt 0.183594 0.253906
vt 0.183594 0.230469
vt 0.187500 0.230469
vt 0.187500 0.238281
vt 0.183594 0.238281
vt 0.183594 0.230469
vt 0.187500 0.253906
vt 0.183594 0.230469
vt 0.187500 0.230469
vt 0.187500 0.238281
vt 0.183594 0.238281
vt 0.183594 0.230469
vt 0.183594 0.253906
vt 0.187500 0.230469
vt 0.179688 0.234375
vt 0.183594 0.234375
vt 0.183594 0.257812
vt 0.179688 0.257812
vt 0.183594 0.234375
vt 0.183594 0.257812
vt 0.179688 0.257812
vt 0.179688 0.234375
vt 0.183594 0.234375
vt 0.183594 0.242188
vt 0.179688 0.242188
vt 0.179688 0.234375
vt 0.183594 0.257812
vt 0.179688 0.234375
vt 0.183594 0.234375
vt 0.183594 0.242188
vt 0.179688 0.242188
vt 0.179688 0.234375
vt 0.179688 0.257812
vt 0.183594 0.234375
vt 0.175781 0.238281
vt 0.179688 0.238281
vt 0.179688 0.261719
vt 0.175781 0.261719
vt 0.179688 0.238281
vt 0.179688 0.261719
vt 0.175781 0.261719
vt 0.175781 0.238281
vt 0.179688 0.238281
vt 0.179688 0.246094
vt 0.175781 0.246094
vt 0.175781 0.238281
vt 0.179688 0.261719
vt 0.175781 0.238281
vt 0.179688 0.238281
vt 0.179688 0.246094
vt 0.175781 0.246094
vt 0.175781 0.238281
vt 0.175781 0.261719
vt 0.179688 0.238281
vt 0.171875 0.238281
vt 0.175781 0.238281
vt 0.175781 0.265625
vt 0.171875 0.265625
vt 0.175781 0.238281
vt 0.175781 0.265625
vt 0.171875 0.265625
vt 0.171875 0.238281
vt 0.175781 0.238281
vt 0.175781 0.246094
vt 0.171875 0.246094
vt 0.171875 0.238281
vt 0.175781 0.265625
vt 0.171875 0.238281
vt 0.175781 0.238281
vt 0.175781 0.246094
vt 0.171875 0.246094
vt 0.171875 0.238281
vt 0.171875 0.265625
vt 0.175781 0.238281
vt 0.167969 0.242188
vt 0.171875 0.242188
vt 0.171875 0.269531
vt 0.167969 0.269531
vt 0.171875 0.242188
vt 0.171875 0.269531
vt 0.167969 0.269531
vt 0.167969 0.242188
vt 0.171875 0.242188
vt 0.171875 0.250000
vt 0.167969 0.250000
vt 0.167969 0.242188
vt 0.171875 0.269531
vt 0.167969 0.242188
vt 0.171875 0.242188
vt 0.171875 0.250000
vt 0.167969 0.250000
vt 0.167969 0.242188
vt 0.167969 0.269531
vt 0.171875 0.242188
vt 0.164062 0.246094
vt 0.167969 0.246094
vt 0.167969 0.273438
vt 0.164062 0.273438
vt 0.167969 0.246094
vt 0.167969 0.273438
vt 0.164062 0.273438
vt 0.164062 0.246094
vt 0.167969 0.246094
vt 0.167969 0.253906
vt 0.164062 0.253906
vt 0.164062 0.246094
vt 0.167969 0.273438
vt 0.164062 0.246094
vt 0.167969 0.246094
vt 0.167969 0.253906
vt 0.164062 0.253906
vt 0.164062 0.246094
vt 0.164062 0.273438
vt 0.167969 0.246094
vt 0.160156 0.250000
vt 0.164062 0.250000
vt 0.164062 0.277344
vt 0.160156 0.277344
vt 0.164062 0.250000
vt 0.164062 0.277344
vt 0.160156 0.277344
vt 0.160156 0.250000
vt 0.164062 0.250000
vt 0.164062 0.257812
vt 0.160156 0.257812
vt 0.160156 0.250000
vt 0.164062 0.277344
vt 0.160156 0.250000
vt 0.164062 0.250000
vt 0.164062 0.257812
vt 0.160156 0.257812
vt 0.160156 0.250000
vt 0.160156 0.277344
vt 0.164062 0.250000
vt 0.156250 0.253906
vt 0.160156 0.253906
vt 0.160156 0.277344
vt 0.156250 0.277344
vt 0.160156 0.253906
vt 0.160156 0.277344
vt 0.156250 0.277344
vt 0.156250 0.253906
vt 0.160156 0.253906
vt 0.160156 0.261719
vt 0.156250 0.261719
vt 0.156250 0.253906
vt 0.160156 0.277344
vt 0.156250 0.253906
vt 0.160156 0.253906
vt 0.160156 0.261719
vt 0.156250 0.261719
vt 0.156250 0.253906
vt 0.156250 0.277344
vt 0.160156 0.253906
vt 0.152344 0.257812
vt 0.156250 0.257812
vt 0.156250 0.281250
vt 0.152344 0.281250
vt 0.156250 0.257812
vt 0.156250 0.281250
vt 0.152344 0.281250
vt 0.152344 0.257812
vt 0.156250 0.257812
vt 0.156250 0.265625
vt 0.152344 0.265625
vt 0.152344 0.257812
vt 0.156250 0.281250
vt 0.152344 0.257812
vt 0.156250 0.257812
vt 0.156250 0.265625
vt 0.152344 0.265625
vt 0.152344 0.257812
vt 0.152344 0.281250
vt 0.156250 0.257812
vt 0.148438 0.261719
vt 0.152344 0.261719
vt 0.152344 0.285156
vt 0.148438 0.285156
vt 0.152344 0.261719
vt 0.152344 0.285156
vt 0.148438 0.285156
vt 0.148438 0.261719
vt 0.152344 0.261719
vt 0.152344 0.269531
vt 0.148438 0.269531
vt 0.148438 0.261719
vt 0.152344 0.285156
vt 0.148438 0.261719
vt 0.152344 0.261719
vt 0.152344 0.269531
vt 0.148438 0.269531
vt 0.148438 0.261719
vt 0.148438 0.285156
vt 0.152344 0.261719
vt 0.144531 0.265625
vt 0.148438 0.265625
vt 0.148438 0.289062
vt 0.144531 0.289062
vt 0.148438 0.265625
vt 0.148438 0.289062
vt 0.144531 0.289062
vt 0.144531 0.265625
vt 0.148438 0.265625
vt 0.148438 0.273438
vt 0.144531 0.273438
vt 0.144531 0.265625
vt 0.148438 0.289062
vt 0.144531 0.265625
vt 0.148438 0.265625
vt 0.148438 0.273438
vt 0.144531 0.273438
vt 0.144531 0.265625
vt 0.144531 0.289062
vt 0.148438 0.265625
vt 0.140625 0.269531
vt 0.144531 0.269531
vt 0.144531 0.292969
vt 0.140625 0.292969
vt 0.144531 0.269531
vt 0.144531 0.292969
vt 0.140625 0.292969
vt 0.140625 0.269531
vt 0.144531 0.269531
vt 0.144531 0.277344
vt 0.140625 0.277344
vt 0.140625 0.269531
vt 0.144531 0.292969
vt 0.140625 0.269531
vt 0.144531 0.269531
vt 0.144531 0.277344
vt 0.140625 0.277344
vt 0.140625 0.269531
vt 0.140625 0.292969
vt 0.144531 0.269531
vt 0.136719 0.273438
vt 0.140625 0.273438
vt 0.140625 0.296875
vt 0.136719 0.296875
vt 0.140625 0.273438
vt 0.140625 0.296875
vt 0.136719 0.296875
vt 0.136719 0.273438
vt 0.140625 0.273438
vt 0.140625 0.281250
vt 0.136719 0.281250
vt 0.136719 0.273438
vt 0.140625 0.296875
vt 0.136719 0.273438
vt 0.140625 0.273438
vt 0.140625 0.281250
vt 0.136719 0.281250
vt 0.136719 0.273438
vt 0.136719 0.296875
vt 0.140625 0.273438
vt 0.132812 0.273438
vt 0.136719 0.273438
vt 0.136719 0.296875
vt 0.132812 0.296875
vt 0.136719 0.273438
vt 0.136719 0.296875
vt 0.132812 0.296875
vt 0.132812 0.273438
vt 0.136719 0.273438
vt 0.136719 0.281250
vt 0.132812 0.281250
vt 0.132812 0.273438
vt 0.136719 0.296875
vt 0.132812 0.273438
vt 0.136719 0.273438
vt 0.136719 0.281250
vt 0.132812 0.281250
vt 0.132812 0.273438
vt 0.132812 0.296875
vt 0.136719 0.273438
vt 0.128906 0.277344
vt 0.132812 0.277344
vt 0.132812 0.300781
vt 0.128906 0.300781
vt 0.132812 0.277344
vt 0.132812 0.300781
vt 0.128906 0.300781
vt 0.128906 0.277344
vt 0.132812 0.277344
vt 0.132812 0.285156
vt 0.128906 0.285156
vt 0.128906 0.277344
vt 0.132812 0.300781
vt 0.128906 0.277344
vt 0.132812 0.277344
vt 0.132812 0.285156
vt 0.128906 0.285156
vt 0.128906 0.277344
vt 0.128906 0.300781
vt 0.132812 0.277344
vt 0.125000 0.281250
vt 0.128906 0.281250
vt 0.128906 0.304688
vt 0.125000 0.304688
vt 0.128906 0.281250
vt 0.128906 0.304688
vt 0.125000 0.304688
vt 0.125000 0.281250
vt 0.128906 0.281250
vt 0.128906 0.289062
vt 0.125000 0.289062
vt 0.125000 0.281250
vt 0.128906 0.304688
vt 0.125000 0.281250
vt 0.128906 0.281250
vt 0.128906 0.289062
vt 0.125000 0.289062
vt 0.125000 0.281250
vt 0.125000 0.304688
vt 0.128906 0.281250
vt 0.121094 0.285156
vt 0.125000 0.285156
vt 0.125000 0.308594
vt 0.121094 0.308594
vt 0.125000 0.285156
vt 0.125000 0.308594
vt 0.121094 0.308594
vt 0.121094 0.285156
vt 0.125000 0.285156
vt 0.125000 0.292969
vt 0.121094 0.292969
vt 0.121094 0.285156
vt 0.125000 0.308594
vt 0.121094 0.285156
vt 0.125000 0.285156
vt 0.125000 0.292969
vt 0.121094 0.292969
vt 0.121094 0.285156
vt 0.121094 0.308594
vt 0.125000 0.285156
vt 0.117188 0.289062
vt 0.121094 0.289062
vt 0.121094 0.312500
vt 0.117188 0.312500
vt 0.121094 0.289062
vt 0.121094 0.312500
vt 0.117188 0.312500
vt 0.117188 0.289062
vt 0.121094 0.289062
vt 0.121094 0.296875
vt 0.117188 0.296875
vt 0.117188 0.289062
vt 0.121094 0.312500
vt 0.117188 0.289062
vt 0.121094 0.289062
vt 0.121094 0.296875
vt 0.117188 0.296875
vt 0.117188 0.289062
vt 0.117188 0.312500
vt 0.121094 0.289062
vt 0.113281 0.292969
vt 0.117188 0.292969
vt 0.117188 0.316406
vt 0.113281 0.316406
vt 0.117188 0.292969
vt 0.117188 0.316406
vt 0.113281 0.316406
vt 0.113281 0.292969
vt 0.117188 0.292969
vt 0.117188 0.300781
vt 0.113281 0.300781
vt 0.113281 0.292969
vt 0.117188 0.316406
vt 0.113281 0.292969
vt 0.117188 0.292969
vt 0.117188 0.300781
vt 0.113281 0.300781
vt 0.113281 0.292969
vt 0.113281 0.316406
vt 0.117188 0.292969
vt 0.109375 0.296875
vt 0.113281 0.296875
vt 0.113281 0.320312
vt 0.109375 0.320312
vt 0.113281 0.296875
vt 0.113281 0.320312
vt 0.109375 0.320312
vt 0.109375 0.296875
vt 0.113281 0.296875
vt 0.113281 0.304688
vt 0.109375 0.304688
vt 0.109375 0.296875
vt 0.113281 0.320312
vt 0.109375 0.296875
vt 0.113281 0.296875
vt 0.113281 0.304688
vt 0.109375 0.304688
vt 0.109375 0.296875
vt 0.109375 0.320312
vt 0.113281 0.296875
vt 0.105469 0.300781
vt 0.109375 0.300781
vt 0.109375 0.324219
vt 0.105469 0.324219
vt 0.109375 0.300781
vt 0.109375 0.324219
vt 0.105469 0.324219
vt 0.105469 0.300781
vt 0.109375 0.300781
vt 0.109375 0.308594
vt 0.105469 0.308594
vt 0.105469 0.300781
vt 0.109375 0.324219
vt 0.105469 0.300781
vt 0.109375 0.300781
vt 0.109375 0.308594
vt 0.105469 0.308594
vt 0.105469 0.300781
vt 0.105469 0.324219
vt 0.109375 0.300781
vt 0.101562 0.304688
vt 0.105469 0.304688
vt 0.105469 0.328125
vt 0.101562 0.328125
vt 0.105469 0.304688
vt 0.105469 0.328125
vt 0.101562 0.328125
vt 0.101562 0.304688
vt 0.105469 0.304688
vt 0.105469 0.312500
vt 0.101562 0.312500
vt 0.101562 0.304688
vt 0.105469 0.328125
vt 0.101562 0.304688
vt 0.105469 0.304688
vt 0.105469 0.312500
vt 0.101562 0.312500
vt 0.101562 0.304688
vt 0.101562 0.328125
vt 0.105469 0.304688
vt 0.097656 0.312500
vt 0.101562 0.312500
vt 0.101562 0.332031
vt 0.097656 0.332031
vt 0.101562 0.312500
vt 0.101562 0.332031
vt 0.097656 0.332031
vt 0.097656 0.312500
vt 0.101562 0.312500
vt 0.101562 0.320312
vt 0.097656 0.320312
vt 0.097656 0.312500
vt 0.101562 0.332031
vt 0.097656 0.312500
vt 0.101562 0.312500
vt 0.101562 0.320312
vt 0.097656 0.320312
vt 0.097656 0.312500
vt 0.097656 0.332031
vt 0.101562 0.312500
vt 0.093750 0.316406
vt 0.097656 0.316406
vt 0.097656 0.335938
vt 0.093750 0.335938
vt 0.097656 0.316406
vt 0.097656 0.335938
vt 0.093750 0.335938
vt 0.093750 0.316406
vt 0.097656 0.316406
vt 0.097656 0.324219
vt 0.093750 0.324219
vt 0.093750 0.316406
vt 0.097656 0.335938
vt 0.093750 0.316406
vt 0.097656 0.316406
vt 0.097656 0.324219
vt 0.093750 0.324219
vt 0.093750 0.316406
vt 0.093750 0.335938
vt 0.097656 0.316406
vt 0.089844 0.320312
vt 0.093750 0.320312
vt 0.093750 0.339844
vt 0.089844 0.339844
vt 0.093750 0.320312
vt 0.093750 0.339844
vt 0.089844 0.339844
vt 0.089844 0.320312
vt 0.093750 0.320312
vt 0.093750 0.328125
vt 0.089844 0.328125
vt 0.089844 0.320312
vt 0.093750 0.339844
vt 0.089844 0.320312
vt 0.093750 0.320312
vt 0.093750 0.328125
vt 0.089844 0.328125
vt 0.089844 0.320312
vt 0.089844 0.339844
vt 0.093750 0.320312
vt 0.085938 0.324219
vt 0.089844 0.324219
vt 0.089844 0.343750
vt 0.085938 0.343750
vt 0.089844 0.324219
vt 0.089844 0.343750
vt 0.085938 0.343750
vt 0.085938 0.324219
vt 0.089844 0.324219
vt 0.089844 0.332031
vt 0.085938 0.332031
vt 0.085938 0.324219
vt 0.089844 0.343750
vt 0.085938 0.324219
vt 0.089844 0.324219
vt 0.089844 0.332031
vt 0.085938 0.332031
vt 0.085938 0.324219
vt 0.085938 0.343750
vt 0.089844 0.324219
vt 0.082031 0.328125
vt 0.085938 0.328125
vt 0.085938 0.347656
vt 0.082031 0.347656
vt 0.085938 0.328125
vt 0.085938 0.347656
vt 0.082031 0.347656
vt 0.082031 0.328125
vt 0.085938 0.328125
vt 0.085938 0.335938
vt 0.082031 0.335938
vt 0.082031 0.328125
vt 0.085938 0.347656
vt 0.082031 0.328125
vt 0.085938 0.328125
vt 0.085938 0.335938
vt 0.082031 0.335938
vt 0.082031 0.328125
vt 0.082031 0.347656
vt 0.085938 0.328125
vt 0.078125 0.332031
vt 0.082031 0.332031
vt 0.082031 0.351562
vt 0.078125 0.351562
vt 0.082031 0.332031
vt 0.082031 0.351562
vt 0.078125 0.351562
vt 0.078125 0.332031
vt 0.082031 0.332031
vt 0.082031 0.339844
vt 0.078125 0.339844
vt 0.078125 0.332031
vt 0.082031 0.351562
vt 0.078125 0.332031
vt 0.082031 0.332031
vt 0.082031 0.339844
vt 0.078125 0.339844
vt 0.078125 0.332031
vt 0.078125 0.351562
vt 0.082031 0.332031
vt 0.074219 0.339844
vt 0.078125 0.339844
vt 0.078125 0.355469
vt 0.074219 0.355469
vt 0.078125 0.339844
vt 0.078125 0.355469
vt 0.074219 0.355469
vt 0.074219 0.339844
vt 0.078125 0.339844
vt 0.078125 0.347656
vt 0.074219 0.347656
vt 0.074219 0.339844
vt 0.078125 0.355469
vt 0.074219 0.339844
vt 0.078125 0.339844
vt 0.078125 0.347656
vt 0.074219 0.347656
vt 0.074219 0.339844
vt 0.074219 0.355469
vt 0.078125 0.339844
vt 0.070312 0.343750
vt 0.074219 0.343750
vt 0.074219 0.359375
vt 0.070312 0.359375
vt 0.074219 0.343750
vt 0.074219 0.359375
vt 0.070312 0.359375
vt 0.070312 0.343750
vt 0.074219 0.343750
vt 0.074219 0.351562
vt 0.070312 0.351562
vt 0.070312 0.343750
vt 0.074219 0.359375
vt 0.070312 0.343750
vt 0.074219 0.343750
vt 0.074219 0.351562
vt 0.070312 0.351562
vt 0.070312 0.343750
vt 0.070312 0.359375
vt 0.074219 0.343750
vt 0.066406 0.347656
vt 0.070312 0.347656
vt 0.070312 0.367188
vt 0.066406 0.367188
vt 0.070312 0.347656
vt 0.070312 0.367188
vt 0.066406 0.367188
vt 0.066406 0.347656
vt 0.070312 0.347656
vt 0.070312 0.355469
vt 0.066406 0.355469
vt 0.066406 0.347656
vt 0.070312 0.367188
vt 0.066406 0.347656
vt 0.070312 0.347656
vt 0.070312 0.355469
vt 0.066406 0.355469
vt 0.066406 0.347656
vt 0.066406 0.367188
vt 0.070312 0.347656
vt 0.062500 0.355469
vt 0.066406 0.355469
vt 0.066406 0.371094
vt 0.062500 0.371094
vt 0.066406 0.355469
vt 0.066406 0.371094
vt 0.062500 0.371094
vt 0.062500 0.355469
vt 0.066406 0.355469
vt 0.066406 0.363281
vt 0.062500 0.363281
vt 0.062500 0.355469
vt 0.066406 0.371094
vt 0.062500 0.355469
vt 0.066406 0.355469
vt 0.066406 0.363281
vt 0.062500 0.363281
vt 0.062500 0.355469
vt 0.062500 0.371094
vt 0.066406 0.355469
vt 0.058594 0.363281
vt 0.062500 0.363281
vt 0.062500 0.378906
vt 0.058594 0.378906
vt 0.062500 0.363281
vt 0.062500 0.378906
vt 0.058594 0.378906
vt 0.058594 0.363281
vt 0.062500 0.363281
vt 0.062500 0.371094
vt 0.058594 0.371094
vt 0.058594 0.363281
vt 0.062500 0.378906
vt 0.058594 0.363281
vt 0.062500 0.363281
vt 0.062500 0.371094
vt 0.058594 0.371094
vt 0.058594 0.363281
vt 0.058594 0.378906
vt 0.062500 0.363281
vt 0.054688 0.371094
vt 0.058594 0.371094
vt 0.058594 0.382812
vt 0.054688 0.382812
vt 0.058594 0.371094
vt 0.058594 0.382812
vt 0.054688 0.382812
vt 0.054688 0.371094
vt 0.058594 0.371094
vt 0.058594 0.378906
vt 0.054688 0.378906
vt 0.054688 0.371094
vt 0.058594 0.382812
vt 0.054688 0.371094
vt 0.058594 0.371094
vt 0.058594 0.378906
vt 0.054688 0.378906
vt 0.054688 0.371094
vt 0.054688 0.382812
vt 0.058594 0.371094
vt 0.050781 0.378906
vt 0.054688 0.378906
vt 0.054688 0.390625
vt 0.050781 0.390625
vt 0.054688 0.378906
vt 0.054688 0.390625
vt 0.050781 0.390625
vt 0.050781 0.378906
vt 0.054688 0.378906
vt 0.054688 0.386719
vt 0.050781 0.386719
vt 0.050781 0.378906
vt 0.054688 0.390625
vt 0.050781 0.378906
vt 0.054688 0.378906
vt 0.054688 0.386719
vt 0.050781 0.386719
vt 0.050781 0.378906
vt 0.050781 0.390625
vt 0.054688 0.378906
vt 0.046875 0.382812
vt 0.050781 0.382812
vt 0.050781 0.398438
vt 0.046875 0.398438
vt 0.050781 0.382812
vt 0.050781 0.398438
vt 0.046875 0.398438
vt 0.046875 0.382812
vt 0.050781 0.382812
vt 0.050781 0.390625
vt 0.046875 0.390625
vt 0.046875 0.382812
vt 0.050781 0.398438
vt 0.046875 0.382812
vt 0.050781 0.382812
vt 0.050781 0.390625
vt 0.046875 0.390625
vt 0.046875 0.382812
vt 0.046875 0.398438
vt 0.050781 0.382812
vt 0.042969 0.390625
vt 0.046875 0.390625
vt 0.046875 0.402344
vt 0.042969 0.402344
vt 0.046875 0.390625
vt 0.046875 0.402344
vt 0.042969 0.402344
vt 0.042969 0.390625
vt 0.046875 0.390625
vt 0.046875 0.398438
vt 0.042969 0.398438
vt 0.042969 0.390625
vt 0.046875 0.402344
vt 0.042969 0.390625
vt 0.046875 0.390625
vt 0.046875 0.398438
vt 0.042969 0.398438
vt 0.042969 0.390625
vt 0.042969 0.402344
vt 0.046875 0.390625
vt 0.039062 0.398438
vt 0.042969 0.398438
vt 0.042969 0.402344
vt 0.039062 0.402344
vt 0.042969 0.398438
vt 0.042969 0.402344
vt 0.039062 0.402344
vt 0.039062 0.398438
vt 0.042969 0.398438
vt 0.042969 0.402344
vt 0.039062 0.402344
vt 0.039062 0.398438
vt 0.042969 0.402344
vt 0.039062 0.398438
vt 0.042969 0.398438
vt 0.042969 0.402344
vt 0.039062 0.402344
vt 0.039062 0.398438
vt 0.039062 0.402344
vt 0.042969 0.398438
vt 0.207031 0.218750
vt 0.210938 0.218750
vt 0.210938 0.292969
vt 0.207031 0.292969
vt 0.210938 0.218750
vt 0.210938 0.292969
vt 0.207031 0.292969
vt 0.207031 0.218750
vt 0.210938 0.218750
vt 0.210938 0.226562
vt 0.207031 0.226562
vt 0.207031 0.218750
vt 0.210938 0.292969
vt 0.207031 0.218750
vt 0.210938 0.218750
vt 0.210938 0.226562
vt 0.207031 0.226562
vt 0.207031 0.218750
vt 0.207031 0.292969
vt 0.210938 0.218750
vt 0.210938 0.218750
vt 0.214844 0.218750
vt 0.214844 0.406250
vt 0.210938 0.406250
vt 0.214844 0.218750
vt 0.214844 0.406250
vt 0.210938 0.406250
vt 0.210938 0.218750
vt 0.214844 0.218750
vt 0.214844 0.226562
vt 0.210938 0.226562
vt 0.210938 0.218750
vt 0.214844 0.406250
vt 0.210938 0.218750
vt 0.214844 0.218750
vt 0.214844 0.226562
vt 0.210938 0.226562
vt 0.210938 0.218750
vt 0.210938 0.406250
vt 0.214844 0.218750
vt 0.214844 0.218750
vt 0.218750 0.218750
vt 0.218750 0.437500
vt 0.214844 0.437500
vt 0.218750 0.218750
vt 0.218750 0.437500
vt 0.214844 0.437500
vt 0.214844 0.218750
vt 0.218750 0.218750
vt 0.218750 0.226562
vt 0.214844 0.226562
vt 0.214844 0.218750
vt 0.218750 0.437500
vt 0.214844 0.218750
vt 0.218750 0.218750
vt 0.218750 0.226562
vt 0.214844 0.226562
vt 0.214844 0.218750
vt 0.214844 0.437500
vt 0.218750 0.218750
vt 0.671875 0.453125
vt 0.890625 0.453125
vt 0.890625 0.468750
vt 0.671875 0.468750
vt 0.671875 0.453125
vt 0.671875 0.468750
vt 0.453125 0.468750
vt 0.453125 0.453125
vt 0.671875 0.437500
vt 0.453125 0.437500
vt 0.453125 0.437500
vt 0.437500 0.453125
vt 0.437500 0.437500
vt 0.890625 0.437500
vt 0.890625 0.453125
vt 0.671875 0.453125
vt 0.671875 0.437500
vt 0.890625 0.453125
vt 0.890625 0.437500
vt 0.906250 0.437500
vt 0.906250 0.453125
vt 0.199219 0.218750
vt 0.171875 0.218750
vt 0.171875 0.238281
vt 0.199219 0.238281
vt 0.199219 0.218750
vt 0.199219 0.238281
vt 0.171875 0.238281
vt 0.171875 0.218750
vt 0.199219 0.222656
vt 0.171875 0.222656
vt 0.171875 0.218750
vt 0.199219 0.218750
vt 0.199219 0.238281
vt 0.171875 0.218750
vt 0.199219 0.234375
vt 0.199219 0.238281
vt 0.171875 0.238281
vt 0.171875 0.234375
vt 0.171875 0.238281
vt 0.171875 0.218750
vt 0.199219 0.218750
vt 0.171875 0.218750
vt 0.144531 0.218750
vt 0.144531 0.265625
vt 0.171875 0.265625
vt 0.171875 0.218750
vt 0.171875 0.265625
vt 0.144531 0.265625
vt 0.144531 0.218750
vt 0.171875 0.222656
vt 0.144531 0.222656
vt 0.144531 0.218750
vt 0.171875 0.218750
vt 0.171875 0.265625
vt 0.144531 0.218750
vt 0.171875 0.261719
vt 0.171875 0.265625
vt 0.144531 0.265625
vt 0.144531 0.261719
vt 0.144531 0.265625
vt 0.144531 0.218750
vt 0.171875 0.218750
vt 0.144531 0.218750
vt 0.117188 0.218750
vt 0.117188 0.289062
vt 0.144531 0.289062
vt 0.144531 0.218750
vt 0.144531 0.289062
vt 0.117188 0.289062
vt 0.117188 0.218750
vt 0.144531 0.222656
vt 0.117188 0.222656
vt 0.117188 0.218750
vt 0.144531 0.218750
vt 0.144531 0.289062
vt 0.117188 0.218750
vt 0.144531 0.285156
vt 0.144531 0.289062
vt 0.117188 0.289062
vt 0.117188 0.285156
vt 0.117188 0.289062
vt 0.117188 0.218750
vt 0.144531 0.218750
vt 0.117188 0.218750
vt 0.097656 0.218750
vt 0.097656 0.312500
vt 0.117188 0.312500
vt 0.117188 0.218750
vt 0.117188 0.312500
vt 0.097656 0.312500
vt 0.097656 0.218750
vt 0.117188 0.222656
vt 0.097656 0.222656
vt 0.097656 0.218750
vt 0.117188 0.218750
vt 0.117188 0.312500
vt 0.097656 0.218750
vt 0.117188 0.308594
vt 0.117188 0.312500
vt 0.097656 0.312500
vt 0.097656 0.308594
vt 0.097656 0.312500
vt 0.097656 0.218750
vt 0.117188 0.218750
vt 0.097656 0.218750
vt 0.078125 0.218750
vt 0.078125 0.332031
vt 0.097656 0.332031
vt 0.097656 0.218750
vt 0.097656 0.332031
vt 0.078125 0.332031
vt 0.078125 0.218750
vt 0.097656 0.222656
vt 0.078125 0.222656
vt 0.078125 0.218750
vt 0.097656 0.218750
vt 0.097656 0.332031
vt 0.078125 0.218750
vt 0.097656 0.328125
vt 0.097656 0.332031
vt 0.078125 0.332031
vt 0.078125 0.328125
vt 0.078125 0.332031
vt 0.078125 0.218750
vt 0.097656 0.218750
vt 0.078125 0.218750
vt 0.070312 0.218750
vt 0.070312 0.343750
vt 0.078125 0.343750
vt 0.078125 0.218750
vt 0.078125 0.343750
vt 0.070312 0.343750
vt 0.070312 0.218750
vt 0.078125 0.222656
vt 0.070312 0.222656
vt 0.070312 0.218750
vt 0.078125 0.218750
vt 0.078125 0.343750
vt 0.070312 0.218750
vt 0.078125 0.339844
vt 0.078125 0.343750
vt 0.070312 0.343750
vt 0.070312 0.339844
vt 0.070312 0.343750
vt 0.070312 0.218750
vt 0.078125 0.218750
vt 0.070312 0.218750
vt 0.062500 0.218750
vt 0.062500 0.355469
vt 0.070312 0.355469
vt 0.070312 0.218750
vt 0.070312 0.355469
vt 0.062500 0.355469
vt 0.062500 0.218750
vt 0.070312 0.222656
vt 0.062500 0.222656
vt 0.062500 0.218750
vt 0.070312 0.218750
vt 0.070312 0.355469
vt 0.062500 0.218750
vt 0.070312 0.351562
vt 0.070312 0.355469
vt 0.062500 0.355469
vt 0.062500 0.351562
vt 0.062500 0.355469
vt 0.062500 0.218750
vt 0.070312 0.218750
vt 0.062500 0.218750
vt 0.054688 0.218750
vt 0.054688 0.371094
vt 0.062500 0.371094
vt 0.062500 0.218750
vt 0.062500 0.371094
vt 0.054688 0.371094
vt 0.054688 0.218750
vt 0.062500 0.222656
vt 0.054688 0.222656
vt 0.054688 0.218750
vt 0.062500 0.218750
vt 0.062500 0.371094
vt 0.054688 0.218750
vt 0.062500 0.367188
vt 0.062500 0.371094
vt 0.054688 0.371094
vt 0.054688 0.367188
vt 0.054688 0.371094
vt 0.054688 0.218750
vt 0.062500 0.218750
vt 0.003906 0.218750
vt 0.000000 0.218750
vt 0.000000 0.226562
vt 0.003906 0.226562
vt 0.003906 0.218750
vt 0.003906 0.226562
vt 0.000000 0.226562
vt 0.000000 0.218750
vt 0.003906 0.222656
vt 0.000000 0.222656
vt 0.000000 0.218750
vt 0.003906 0.218750
vt 0.003906 0.226562
vt 0.000000 0.218750
vt 0.003906 0.222656
vt 0.003906 0.226562
vt 0.000000 0.226562
vt 0.000000 0.222656
vt 0.000000 0.226562
vt 0.000000 0.218750
vt 0.003906 0.218750
vt 0.007812 0.218750
vt 0.003906 0.218750
vt 0.003906 0.234375
vt 0.007812 0.234375
vt 0.007812 0.218750
vt 0.007812 0.234375
vt 0.003906 0.234375
vt 0.003906 0.218750
vt 0.007812 0.222656
vt 0.003906 0.222656
vt 0.003906 0.218750
vt 0.007812 0.218750
vt 0.007812 0.234375
vt 0.003906 0.218750
vt 0.007812 0.230469
vt 0.007812 0.234375
vt 0.003906 0.234375
vt 0.003906 0.230469
vt 0.003906 0.234375
vt 0.003906 0.218750
vt 0.007812 0.218750
vt 0.011719 0.218750
vt 0.007812 0.218750
vt 0.007812 0.242188
vt 0.011719 0.242188
vt 0.011719 0.218750
vt 0.011719 0.242188
vt 0.007812 0.242188
vt 0.007812 0.218750
vt 0.011719 0.222656
vt 0.007812 0.222656
vt 0.007812 0.218750
vt 0.011719 0.218750
vt 0.011719 0.242188
vt 0.007812 0.218750
vt 0.011719 0.238281
vt 0.011719 0.242188
vt 0.007812 0.242188
vt 0.007812 0.238281
vt 0.007812 0.242188
vt 0.007812 0.218750
vt 0.011719 0.218750
vt 0.015625 0.218750
vt 0.011719 0.218750
vt 0.011719 0.246094
vt 0.015625 0.246094
vt 0.015625 0.218750
vt 0.015625 0.246094
vt 0.011719 0.246094
vt 0.011719 0.218750
vt 0.015625 0.222656
vt 0.011719 0.222656
vt 0.011719 0.218750
vt 0.015625 0.218750
vt 0.015625 0.246094
vt 0.011719 0.218750
vt 0.015625 0.242188
vt 0.015625 0.246094
vt 0.011719 0.246094
vt 0.011719 0.242188
vt 0.011719 0.246094
vt 0.011719 0.218750
vt 0.015625 0.218750
vt 0.019531 0.218750
vt 0.015625 0.218750
vt 0.015625 0.250000
vt 0.019531 0.250000
vt 0.019531 0.218750
vt 0.019531 0.250000
vt 0.015625 0.250000
vt 0.015625 0.218750
vt 0.019531 0.222656
vt 0.015625 0.222656
vt 0.015625 0.218750
vt 0.019531 0.218750
vt 0.019531 0.250000
vt 0.015625 0.218750
vt 0.019531 0.246094
vt 0.019531 0.250000
vt 0.015625 0.250000
vt 0.015625 0.246094
vt 0.015625 0.250000
vt 0.015625 0.218750
vt 0.019531 0.218750
vt 0.023438 0.218750
vt 0.019531 0.218750
vt 0.019531 0.257812
vt 0.023438 0.257812
vt 0.023438 0.218750
vt 0.023438 0.257812
vt 0.019531 0.257812
vt 0.019531 0.218750
vt 0.023438 0.222656
vt 0.019531 0.222656
vt 0.019531 0.218750
vt 0.023438 0.218750
vt 0.023438 0.257812
vt 0.019531 0.218750
vt 0.023438 0.253906
vt 0.023438 0.257812
vt 0.019531 0.257812
vt 0.019531 0.253906
vt 0.019531 0.257812
vt 0.019531 0.218750
vt 0.023438 0.218750
vt 0.027344 0.218750
vt 0.023438 0.218750
vt 0.023438 0.261719
vt 0.027344 0.261719
vt 0.027344 0.218750
vt 0.027344 0.261719
vt 0.023438 0.261719
vt 0.023438 0.218750
vt 0.027344 0.222656
vt 0.023438 0.222656
vt 0.023438 0.218750
vt 0.027344 0.218750
vt 0.027344 0.261719
vt 0.023438 0.218750
vt 0.027344 0.257812
vt 0.027344 0.261719
vt 0.023438 0.261719
vt 0.023438 0.257812
vt 0.023438 0.261719
vt 0.023438 0.218750
vt 0.027344 0.218750
vt 0.031250 0.218750
vt 0.027344 0.218750
vt 0.027344 0.269531
vt 0.031250 0.269531
vt 0.031250 0.218750
vt 0.031250 0.269531
vt 0.027344 0.269531
vt 0.027344 0.218750
vt 0.031250 0.222656
vt 0.027344 0.222656
vt 0.027344 0.218750
vt 0.031250 0.218750
vt 0.031250 0.269531
vt 0.027344 0.218750
vt 0.031250 0.265625
vt 0.031250 0.269531
vt 0.027344 0.269531
vt 0.027344 0.265625
vt 0.027344 0.269531
vt 0.027344 0.218750
vt 0.031250 0.218750
vt 0.035156 0.218750
vt 0.031250 0.218750
vt 0.031250 0.281250
vt 0.035156 0.281250
vt 0.035156 0.218750
vt 0.035156 0.281250
vt 0.031250 0.281250
vt 0.031250 0.218750
vt 0.035156 0.222656
vt 0.031250 0.222656
vt 0.031250 0.218750
vt 0.035156 0.218750
vt 0.035156 0.281250
vt 0.031250 0.218750
vt 0.035156 0.277344
vt 0.035156 0.281250
vt 0.031250 0.281250
vt 0.031250 0.277344
vt 0.031250 0.281250
vt 0.031250 0.218750
vt 0.035156 0.218750
vt 0.039062 0.218750
vt 0.035156 0.218750
vt 0.035156 0.292969
vt 0.039062 0.292969
vt 0.039062 0.218750
vt 0.039062 0.292969
vt 0.035156 0.292969
vt 0.035156 0.218750
vt 0.039062 0.222656
vt 0.035156 0.222656
vt 0.035156 0.218750
vt 0.039062 0.218750
vt 0.039062 0.292969
vt 0.035156 0.218750
vt 0.039062 0.289062
vt 0.039062 0.292969
vt 0.035156 0.292969
vt 0.035156 0.289062
vt 0.035156 0.292969
vt 0.035156 0.218750
vt 0.039062 0.218750
vt 0.042969 0.218750
vt 0.039062 0.218750
vt 0.039062 0.308594
vt 0.042969 0.308594
vt 0.042969 0.218750
vt 0.042969 0.308594
vt 0.039062 0.308594
vt 0.039062 0.218750
vt 0.042969 0.222656
vt 0.039062 0.222656
vt 0.039062 0.218750
vt 0.042969 0.218750
vt 0.042969 0.308594
vt 0.039062 0.218750
vt 0.042969 0.304688
vt 0.042969 0.308594
vt 0.039062 0.308594
vt 0.039062 0.304688
vt 0.039062 0.308594
vt 0.039062 0.218750
vt 0.042969 0.218750
vt 0.046875 0.218750
vt 0.042969 0.218750
vt 0.042969 0.328125
vt 0.046875 0.328125
vt 0.046875 0.218750
vt 0.046875 0.328125
vt 0.042969 0.328125
vt 0.042969 0.218750
vt 0.046875 0.222656
vt 0.042969 0.222656
vt 0.042969 0.218750
vt 0.046875 0.218750
vt 0.046875 0.328125
vt 0.042969 0.218750
vt 0.046875 0.324219
vt 0.046875 0.328125
vt 0.042969 0.328125
vt 0.042969 0.324219
vt 0.042969 0.328125
vt 0.042969 0.218750
vt 0.046875 0.218750
vt 0.054688 0.218750
vt 0.046875 0.218750
vt 0.046875 0.382812
vt 0.054688 0.382812
vt 0.054688 0.218750
vt 0.054688 0.382812
vt 0.046875 0.382812
vt 0.046875 0.218750
vt 0.054688 0.222656
vt 0.046875 0.222656
vt 0.046875 0.218750
vt 0.054688 0.218750
vt 0.054688 0.382812
vt 0.046875 0.218750
vt 0.054688 0.378906
vt 0.054688 0.382812
vt 0.046875 0.382812
vt 0.046875 0.378906
vt 0.046875 0.382812
vt 0.046875 0.218750
vt 0.054688 0.218750
vt 0.046875 0.378906
vt 0.042969 0.378906
vt 0.042969 0.390625
vt 0.046875 0.390625
vt 0.046875 0.378906
vt 0.046875 0.390625
vt 0.042969 0.390625
vt 0.042969 0.378906
vt 0.046875 0.382812
vt 0.042969 0.382812
vt 0.042969 0.378906
vt 0.046875 0.378906
vt 0.046875 0.390625
vt 0.042969 0.378906
vt 0.046875 0.386719
vt 0.046875 0.390625
vt 0.042969 0.390625
vt 0.042969 0.386719
vt 0.042969 0.390625
vt 0.042969 0.378906
vt 0.046875 0.378906
vt 0.050781 0.398438
vt 0.046875 0.398438
vt 0.046875 0.402344
vt 0.050781 0.402344
vt 0.050781 0.398438
vt 0.050781 0.402344
vt 0.046875 0.402344
vt 0.046875 0.398438
vt 0.050781 0.402344
vt 0.046875 0.402344
vt 0.046875 0.398438
vt 0.050781 0.402344
vt 0.050781 0.402344
vt 0.050781 0.398438
vt 0.050781 0.402344
vt 0.046875 0.402344
vt 0.046875 0.398438
vt 0.046875 0.402344
vt 0.046875 0.398438
vt 0.050781 0.398438
vt 0.058594 0.382812
vt 0.050781 0.382812
vt 0.050781 0.402344
vt 0.058594 0.402344
vt 0.058594 0.382812
vt 0.058594 0.402344
vt 0.050781 0.402344
vt 0.050781 0.382812
vt 0.058594 0.386719
vt 0.050781 0.386719
vt 0.050781 0.382812
vt 0.058594 0.394531
vt 0.058594 0.402344
vt 0.050781 0.394531
vt 0.058594 0.398438
vt 0.058594 0.402344
vt 0.050781 0.402344
vt 0.050781 0.398438
vt 0.050781 0.402344
vt 0.050781 0.382812
vt 0.058594 0.382812
vt 0.066406 0.371094
vt 0.058594 0.371094
vt 0.058594 0.402344
vt 0.066406 0.402344
vt 0.066406 0.371094
vt 0.066406 0.402344
vt 0.058594 0.402344
vt 0.058594 0.371094
vt 0.066406 0.375000
vt 0.058594 0.375000
vt 0.058594 0.371094
vt 0.066406 0.394531
vt 0.066406 0.402344
vt 0.058594 0.394531
vt 0.066406 0.398438
vt 0.066406 0.402344
vt 0.058594 0.402344
vt 0.058594 0.398438
vt 0.058594 0.402344
vt 0.058594 0.371094
vt 0.066406 0.371094
vt 0.070312 0.367188
vt 0.066406 0.367188
vt 0.066406 0.398438
vt 0.070312 0.398438
vt 0.070312 0.367188
vt 0.070312 0.398438
vt 0.066406 0.398438
vt 0.066406 0.367188
vt 0.070312 0.371094
vt 0.066406 0.371094
vt 0.066406 0.367188
vt 0.070312 0.390625
vt 0.070312 0.398438
vt 0.066406 0.390625
vt 0.070312 0.394531
vt 0.070312 0.398438
vt 0.066406 0.398438
vt 0.066406 0.394531
vt 0.066406 0.398438
vt 0.066406 0.367188
vt 0.070312 0.367188
vt 0.085938 0.347656
vt 0.070312 0.347656
vt 0.070312 0.398438
vt 0.085938 0.398438
vt 0.085938 0.347656
vt 0.085938 0.398438
vt 0.070312 0.398438
vt 0.070312 0.347656
vt 0.085938 0.351562
vt 0.070312 0.351562
vt 0.070312 0.347656
vt 0.085938 0.390625
vt 0.085938 0.398438
vt 0.070312 0.390625
vt 0.085938 0.394531
vt 0.085938 0.398438
vt 0.070312 0.398438
vt 0.070312 0.394531
vt 0.070312 0.398438
vt 0.070312 0.347656
vt 0.085938 0.347656
vt 0.105469 0.328125
vt 0.085938 0.328125
vt 0.085938 0.398438
vt 0.105469 0.398438
vt 0.105469 0.328125
vt 0.105469 0.398438
vt 0.085938 0.398438
vt 0.085938 0.328125
vt 0.105469 0.332031
vt 0.085938 0.332031
vt 0.085938 0.328125
vt 0.105469 0.390625
vt 0.105469 0.398438
vt 0.085938 0.390625
vt 0.105469 0.394531
vt 0.105469 0.398438
vt 0.085938 0.398438
vt 0.085938 0.394531
vt 0.085938 0.398438
vt 0.085938 0.328125
vt 0.105469 0.328125
vt 0.113281 0.320312
vt 0.105469 0.320312
vt 0.105469 0.394531
vt 0.113281 0.394531
vt 0.113281 0.320312
vt 0.113281 0.394531
vt 0.105469 0.394531
vt 0.105469 0.320312
vt 0.113281 0.324219
vt 0.105469 0.324219
vt 0.105469 0.320312
vt 0.113281 0.386719
vt 0.113281 0.394531
vt 0.105469 0.386719
vt 0.113281 0.390625
vt 0.113281 0.394531
vt 0.105469 0.394531
vt 0.105469 0.390625
vt 0.105469 0.394531
vt 0.105469 0.320312
vt 0.113281 0.320312
vt 0.140625 0.296875
vt 0.113281 0.296875
vt 0.113281 0.394531
vt 0.140625 0.394531
vt 0.140625 0.296875
vt 0.140625 0.394531
vt 0.113281 0.394531
vt 0.113281 0.296875
vt 0.140625 0.300781
vt 0.113281 0.300781
vt 0.113281 0.296875
vt 0.140625 0.390625
vt 0.140625 0.394531
vt 0.113281 0.390625
vt 0.140625 0.390625
vt 0.140625 0.394531
vt 0.113281 0.394531
vt 0.113281 0.390625
vt 0.113281 0.394531
vt 0.113281 0.296875
vt 0.140625 0.296875
vt 0.164062 0.277344
vt 0.140625 0.277344
vt 0.140625 0.398438
vt 0.164062 0.398438
vt 0.164062 0.277344
vt 0.164062 0.398438
vt 0.140625 0.398438
vt 0.140625 0.277344
vt 0.164062 0.281250
vt 0.140625 0.281250
vt 0.140625 0.277344
vt 0.164062 0.390625
vt 0.164062 0.398438
vt 0.140625 0.390625
vt 0.164062 0.394531
vt 0.164062 0.398438
vt 0.140625 0.398438
vt 0.140625 0.394531
vt 0.140625 0.398438
vt 0.140625 0.277344
vt 0.164062 0.277344
vt 0.171875 0.269531
vt 0.164062 0.269531
vt 0.164062 0.402344
vt 0.171875 0.402344
vt 0.171875 0.269531
vt 0.171875 0.402344
vt 0.164062 0.402344
vt 0.164062 0.269531
vt 0.171875 0.273438
vt 0.164062 0.273438
vt 0.164062 0.269531
vt 0.171875 0.394531
vt 0.171875 0.402344
vt 0.164062 0.394531
vt 0.171875 0.398438
vt 0.171875 0.402344
vt 0.164062 0.402344
vt 0.164062 0.398438
vt 0.164062 0.402344
vt 0.164062 0.269531
vt 0.171875 0.269531
vt 0.183594 0.257812
vt 0.171875 0.257812
vt 0.171875 0.406250
vt 0.183594 0.406250
vt 0.183594 0.257812
vt 0.183594 0.406250
vt 0.171875 0.406250
vt 0.171875 0.257812
vt 0.183594 0.261719
vt 0.171875 0.261719
vt 0.171875 0.257812
vt 0.183594 0.402344
vt 0.183594 0.406250
vt 0.171875 0.402344
vt 0.183594 0.402344
vt 0.183594 0.406250
vt 0.171875 0.406250
vt 0.171875 0.402344
vt 0.171875 0.406250
vt 0.171875 0.257812
vt 0.183594 0.257812
vt 0.191406 0.253906
vt 0.183594 0.253906
vt 0.183594 0.410156
vt 0.191406 0.410156
vt 0.191406 0.253906
vt 0.191406 0.410156
vt 0.183594 0.410156
vt 0.183594 0.253906
vt 0.191406 0.257812
vt 0.183594 0.257812
vt 0.183594 0.253906
vt 0.191406 0.406250
vt 0.191406 0.410156
vt 0.183594 0.406250
vt 0.191406 0.406250
vt 0.191406 0.410156
vt 0.183594 0.410156
vt 0.183594 0.406250
vt 0.183594 0.410156
vt 0.183594 0.253906
vt 0.191406 0.253906
vt 0.195312 0.250000
vt 0.191406 0.250000
vt 0.191406 0.414062
vt 0.195312 0.414062
vt 0.195312 0.250000
vt 0.195312 0.414062
vt 0.191406 0.414062
vt 0.191406 0.250000
vt 0.195312 0.253906
vt 0.191406 0.253906
vt 0.191406 0.250000
vt 0.195312 0.398438
vt 0.195312 0.414062
vt 0.191406 0.398438
vt 0.195312 0.410156
vt 0.195312 0.414062
vt 0.191406 0.414062
vt 0.191406 0.410156
vt 0.191406 0.414062
vt 0.191406 0.250000
vt 0.195312 0.250000
vt 0.203125 0.242188
vt 0.195312 0.242188
vt 0.195312 0.417969
vt 0.203125 0.417969
vt 0.203125 0.242188
vt 0.203125 0.417969
vt 0.195312 0.417969
vt 0.195312 0.242188
vt 0.203125 0.246094
vt 0.195312 0.246094
vt 0.195312 0.242188
vt 0.203125 0.414062
vt 0.203125 0.417969
vt 0.195312 0.414062
vt 0.203125 0.414062
vt 0.203125 0.417969
vt 0.195312 0.417969
vt 0.195312 0.414062
vt 0.195312 0.417969
vt 0.195312 0.242188
vt 0.203125 0.242188
vt 0.207031 0.242188
vt 0.203125 0.242188
vt 0.203125 0.425781
vt 0.207031 0.425781
vt 0.207031 0.242188
vt 0.207031 0.425781
vt 0.203125 0.425781
vt 0.203125 0.242188
vt 0.207031 0.246094
vt 0.203125 0.246094
vt 0.203125 0.242188
vt 0.207031 0.421875
vt 0.207031 0.425781
vt 0.203125 0.421875
vt 0.207031 0.242188
vt 0.207031 0.246094
vt 0.203125 0.246094
vt 0.203125 0.242188
vt 0.203125 0.425781
vt 0.203125 0.242188
vt 0.207031 0.242188
vt 0.210938 0.292969
vt 0.207031 0.292969
vt 0.207031 0.429688
vt 0.210938 0.429688
vt 0.210938 0.292969
vt 0.210938 0.429688
vt 0.207031 0.429688
vt 0.207031 0.292969
vt 0.210938 0.296875
vt 0.207031 0.296875
vt 0.207031 0.292969
vt 0.210938 0.425781
vt 0.210938 0.429688
vt 0.207031 0.425781
vt 0.210938 0.292969
vt 0.210938 0.296875
vt 0.207031 0.296875
vt 0.207031 0.292969
vt 0.207031 0.429688
vt 0.207031 0.292969
vt 0.210938 0.292969
vt 0.210938 0.406250
vt 0.214844 0.406250
vt 0.214844 0.433594
vt 0.210938 0.433594
vt 0.214844 0.406250
vt 0.214844 0.433594
vt 0.210938 0.433594
vt 0.210938 0.406250
vt 0.214844 0.406250
vt 0.214844 0.410156
vt 0.210938 0.410156
vt 0.210938 0.406250
vt 0.214844 0.425781
vt 0.214844 0.433594
vt 0.210938 0.425781
vt 0.214844 0.406250
vt 0.214844 0.410156
vt 0.210938 0.410156
vt 0.210938 0.406250
vt 0.210938 0.433594
vt 0.214844 0.406250
vt 0.203125 0.218750
vt 0.207031 0.218750
vt 0.207031 0.242188
vt 0.203125 0.242188
vt 0.207031 0.218750
vt 0.207031 0.242188
vt 0.203125 0.242188
vt 0.203125 0.218750
vt 0.207031 0.218750
vt 0.207031 0.226562
vt 0.203125 0.226562
vt 0.203125 0.218750
vt 0.207031 0.242188
vt 0.203125 0.218750
vt 0.207031 0.218750
vt 0.207031 0.226562
vt 0.203125 0.226562
vt 0.203125 0.218750
vt 0.203125 0.242188
vt 0.207031 0.218750
vt 0.199219 0.218750
vt 0.203125 0.218750
vt 0.203125 0.242188
vt 0.199219 0.242188
vt 0.203125 0.218750
vt 0.203125 0.242188
vt 0.199219 0.242188
vt 0.199219 0.218750
vt 0.203125 0.218750
vt 0.203125 0.226562
vt 0.199219 0.226562
vt 0.199219 0.218750
vt 0.203125 0.242188
vt 0.199219 0.218750
vt 0.203125 0.218750
vt 0.203125 0.226562
vt 0.199219 0.226562
vt 0.199219 0.218750
vt 0.199219 0.242188
vt 0.203125 0.218750
vt 0.195312 0.222656
vt 0.199219 0.222656
vt 0.199219 0.246094
vt 0.195312 0.246094
vt 0.199219 0.222656
vt 0.199219 0.246094
vt 0.195312 0.246094
vt 0.195312 0.222656
vt 0.199219 0.222656
vt 0.199219 0.230469
vt 0.195312 0.230469
vt 0.195312 0.222656
vt 0.199219 0.246094
vt 0.195312 0.222656
vt 0.199219 0.222656
vt 0.199219 0.230469
vt 0.195312 0.230469
vt 0.195312 0.222656
vt 0.195312 0.246094
vt 0.199219 0.222656
vt 0.191406 0.226562
vt 0.195312 0.226562
vt 0.195312 0.250000
vt 0.191406 0.250000
vt 0.195312 0.226562
vt 0.195312 0.250000
vt 0.191406 0.250000
vt 0.191406 0.226562
vt 0.195312 0.226562
vt 0.195312 0.234375
vt 0.191406 0.234375
vt 0.191406 0.226562
vt 0.195312 0.250000
vt 0.191406 0.226562
vt 0.195312 0.226562
vt 0.195312 0.234375
vt 0.191406 0.234375
vt 0.191406 0.226562
vt 0.191406 0.250000
vt 0.195312 0.226562
vt 0.187500 0.230469
vt 0.191406 0.230469
vt 0.191406 0.253906
vt 0.187500 0.253906
vt 0.191406 0.230469
vt 0.191406 0.253906
vt 0.187500 0.253906
vt 0.187500 0.230469
vt 0.191406 0.230469
vt 0.191406 0.238281
vt 0.187500 0.238281
vt 0.187500 0.230469
vt 0.191406 0.253906
vt 0.187500 0.230469
vt 0.191406 0.230469
vt 0.191406 0.238281
vt 0.187500 0.238281
vt 0.187500 0.230469
vt 0.187500 0.253906
vt 0.191406 0.230469
vt 0.183594 0.230469
vt 0.187500 0.230469
vt 0.187500 0.253906
vt 0.183594 0.253906
vt 0.187500 0.230469
vt 0.187500 0.253906
vt 0.183594 0.253906
vt 0.183594 0.230469
vt 0.187500 0.230469
vt 0.187500 0.238281
vt 0.183594 0.238281
vt 0.183594 0.230469
vt 0.187500 0.253906
vt 0.183594 0.230469
vt 0.187500 0.230469
vt 0.187500 0.238281
vt 0.183594 0.238281
vt 0.183594 0.230469
vt 0.183594 0.253906
vt 0.187500 0.230469
vt 0.179688 0.234375
vt 0.183594 0.234375
vt 0.183594 0.257812
vt 0.179688 0.257812
vt 0.183594 0.234375
vt 0.183594 0.257812
vt 0.179688 0.257812
vt 0.179688 0.234375
vt 0.183594 0.234375
vt 0.183594 0.242188
vt 0.179688 0.242188
vt 0.179688 0.234375
vt 0.183594 0.257812
vt 0.179688 0.234375
vt 0.183594 0.234375
vt 0.183594 0.242188
vt 0.179688 0.242188
vt 0.179688 0.234375
vt 0.179688 0.257812
vt 0.183594 0.234375
vt 0.175781 0.238281
vt 0.179688 0.238281
vt 0.179688 0.261719
vt 0.175781 0.261719
vt 0.179688 0.238281
vt 0.179688 0.261719
vt 0.175781 0.261719
vt 0.175781 0.238281
vt 0.179688 0.238281
vt 0.179688 0.246094
vt 0.175781 0.246094
vt 0.175781 0.238281
vt 0.179688 0.261719
vt 0.175781 0.238281
vt 0.179688 0.238281
vt 0.179688 0.246094
vt 0.175781 0.246094
vt 0.175781 0.238281
vt 0.175781 0.261719
vt 0.179688 0.238281
vt 0.171875 0.238281
vt 0.175781 0.238281
vt 0.175781 0.265625
vt 0.171875 0.265625
vt 0.175781 0.238281
vt 0.175781 0.265625
vt 0.171875 0.265625
vt 0.171875 0.238281
vt 0.175781 0.238281
vt 0.175781 0.246094
vt 0.171875 0.246094
vt 0.171875 0.238281
vt 0.175781 0.265625
vt 0.171875 0.238281
vt 0.175781 0.238281
vt 0.175781 0.246094
vt 0.171875 0.246094
vt 0.171875 0.238281
vt 0.171875 0.265625
vt 0.175781 0.238281
vt 0.167969 0.242188
vt 0.171875 0.242188
vt 0.171875 0.269531
vt 0.167969 0.269531
vt 0.171875 0.242188
vt 0.171875 0.269531
vt 0.167969 0.269531
vt 0.167969 0.242188
vt 0.171875 0.242188
vt 0.171875 0.250000
vt 0.167969 0.250000
vt 0.167969 0.242188
vt 0.171875 0.269531
vt 0.167969 0.242188
vt 0.171875 0.242188
vt 0.171875 0.250000
vt 0.167969 0.250000
vt 0.167969 0.242188
vt 0.167969 0.269531
vt 0.171875 0.242188
vt 0.164062 0.246094
vt 0.167969 0.246094
vt 0.167969 0.273438
vt 0.164062 0.273438
vt 0.167969 0.246094
vt 0.167969 0.273438
vt 0.164062 0.273438
vt 0.164062 0.246094
vt 0.167969 0.246094
vt 0.167969 0.253906
vt 0.164062 0.253906
vt 0.164062 0.246094
vt 0.167969 0.273438
vt 0.164062 0.246094
vt 0.167969 0.246094
vt 0.167969 0.253906
vt 0.164062 0.253906
vt 0.164062 0.246094
vt 0.164062 0.273438
vt 0.167969 0.246094
vt 0.160156 0.250000
vt 0.164062 0.250000
vt 0.164062 0.277344
vt 0.160156 0.277344
vt 0.164062 0.250000
vt 0.164062 0.277344
vt 0.160156 0.277344
vt 0.160156 0.250000
vt 0.164062 0.250000
vt 0.164062 0.257812
vt 0.160156 0.257812
vt 0.160156 0.250000
vt 0.164062 0.277344
vt 0.160156 0.250000
vt 0.164062 0.250000
vt 0.164062 0.257812
vt 0.160156 0.257812
vt 0.160156 0.250000
vt 0.160156 0.277344
vt 0.164062 0.250000
vt 0.156250 0.253906
vt 0.160156 0.253906
vt 0.160156 0.277344
vt 0.156250 0.277344
vt 0.160156 0.253906
vt 0.160156 0.277344
vt 0.156250 0.277344
vt 0.156250 0.253906
vt 0.160156 0.253906
vt 0.160156 0.261719
vt 0.156250 0.261719
vt 0.156250 0.253906
vt 0.160156 0.277344
vt 0.156250 0.253906
vt 0.160156 0.253906
vt 0.160156 0.261719
vt 0.156250 0.261719
vt 0.156250 0.253906
vt 0.156250 0.277344
vt 0.160156 0.253906
vt 0.152344 0.257812
vt 0.156250 0.257812
vt 0.156250 0.281250
vt 0.152344 0.281250
vt 0.156250 0.257812
vt 0.156250 0.281250
vt 0.152344 0.281250
vt 0.152344 0.257812
vt 0.156250 0.257812
vt 0.156250 0.265625
vt 0.152344 0.265625
vt 0.152344 0.257812
vt 0.156250 0.281250
vt 0.152344 0.257812
vt 0.156250 0.257812
vt 0.156250 0.265625
vt 0.152344 0.265625
vt 0.152344 0.257812
vt 0.152344 0.281250
vt 0.156250 0.257812
vt 0.148438 0.261719
vt 0.152344 0.261719
vt 0.152344 0.285156
vt 0.148438 0.285156
vt 0.152344 0.261719
vt 0.152344 0.285156
vt 0.148438 0.285156
vt 0.148438 0.261719
vt 0.152344 0.261719
vt 0.152344 0.269531
vt 0.148438 0.269531
vt 0.148438 0.261719
vt 0.152344 0.285156
vt 0.148438 0.261719
vt 0.152344 0.261719
vt 0.152344 0.269531
vt 0.148438 0.269531
vt 0.148438 0.261719
vt 0.148438 0.285156
vt 0.152344 0.261719
vt 0.144531 0.265625
vt 0.148438 0.265625
vt 0.148438 0.289062
vt 0.144531 0.289062
vt 0.148438 0.265625
vt 0.148438 0.289062
vt 0.144531 0.289062
vt 0.144531 0.265625
vt 0.148438 0.265625
vt 0.148438 0.273438
vt 0.144531 0.273438
vt 0.144531 0.265625
vt 0.148438 0.289062
vt 0.144531 0.265625
vt 0.148438 0.265625
vt 0.148438 0.273438
vt 0.144531 0.273438
vt 0.144531 0.265625
vt 0.144531 0.289062
vt 0.148438 0.265625
vt 0.140625 0.269531
vt 0.144531 0.269531
vt 0.144531 0.292969
vt 0.140625 0.292969
vt 0.144531 0.269531
vt 0.144531 0.292969
vt 0.140625 0.292969
vt 0.140625 0.269531
vt 0.144531 0.269531
vt 0.144531 0.277344
vt 0.140625 0.277344
vt 0.140625 0.269531
vt 0.144531 0.292969
vt 0.140625 0.269531
vt 0.144531 0.269531
vt 0.144531 0.277344
vt 0.140625 0.277344
vt 0.140625 0.269531
vt 0.140625 0.292969
vt 0.144531 0.269531
vt 0.136719 0.273438
vt 0.140625 0.273438
vt 0.140625 0.296875
vt 0.136719 0.296875
vt 0.140625 0.273438
vt 0.140625 0.296875
vt 0.136719 0.296875
vt 0.136719 0.273438
vt 0.140625 0.273438
vt 0.140625 0.281250
vt 0.136719 0.281250
vt 0.136719 0.273438
vt 0.140625 0.296875
vt 0.136719 0.273438
vt 0.140625 0.273438
vt 0.140625 0.281250
vt 0.136719 0.281250
vt 0.136719 0.273438
vt 0.136719 0.296875
vt 0.140625 0.273438
vt 0.132812 0.273438
vt 0.136719 0.273438
vt 0.136719 0.296875
vt 0.132812 0.296875
vt 0.136719 0.273438
vt 0.136719 0.296875
vt 0.132812 0.296875
vt 0.132812 0.273438
vt 0.136719 0.273438
vt 0.136719 0.281250
vt 0.132812 0.281250
vt 0.132812 0.273438
vt 0.136719 0.296875
vt 0.132812 0.273438
vt 0.136719 0.273438
vt 0.136719 0.281250
vt 0.132812 0.281250
vt 0.132812 0.273438
vt 0.132812 0.296875
vt 0.136719 0.273438
vt 0.128906 0.277344
vt 0.132812 0.277344
vt 0.132812 0.300781
vt 0.128906 0.300781
vt 0.132812 0.277344
vt 0.132812 0.300781
vt 0.128906 0.300781
vt 0.128906 0.277344
vt 0.132812 0.277344
vt 0.132812 0.285156
vt 0.128906 0.285156
vt 0.128906 0.277344
vt 0.132812 0.300781
vt 0.128906 0.277344
vt 0.132812 0.277344
vt 0.132812 0.285156
vt 0.128906 0.285156
vt 0.128906 0.277344
vt 0.128906 0.300781
vt 0.132812 0.277344
vt 0.125000 0.281250
vt 0.128906 0.281250
vt 0.128906 0.304688
vt 0.125000 0.304688
vt 0.128906 0.281250
vt 0.128906 0.304688
vt 0.125000 0.304688
vt 0.125000 0.281250
vt 0.128906 0.281250
vt 0.128906 0.289062
vt 0.125000 0.289062
vt 0.125000 0.281250
vt 0.128906 0.304688
vt 0.125000 0.281250
vt 0.128906 0.281250
vt 0.128906 0.289062
vt 0.125000 0.289062
vt 0.125000 0.281250
vt 0.125000 0.304688
vt 0.128906 0.281250
vt 0.121094 0.285156
vt 0.125000 0.285156
vt 0.125000 0.308594
vt 0.121094 0.308594
vt 0.125000 0.285156
vt 0.125000 0.308594
vt 0.121094 0.308594
vt 0.121094 0.285156
vt 0.125000 0.285156
vt 0.125000 0.292969
vt 0.121094 0.292969
vt 0.121094 0.285156
vt 0.125000 0.308594
vt 0.121094 0.285156
vt 0.125000 0.285156
vt 0.125000 0.292969
vt 0.121094 0.292969
vt 0.121094 0.285156
vt 0.121094 0.308594
vt 0.125000 0.285156
vt 0.117188 0.289062
vt 0.121094 0.289062
vt 0.121094 0.312500
vt 0.117188 0.312500
vt 0.121094 0.289062
vt 0.121094 0.312500
vt 0.117188 0.312500
vt 0.117188 0.289062
vt 0.121094 0.289062
vt 0.121094 0.296875
vt 0.117188 0.296875
vt 0.117188 0.289062
vt 0.121094 0.312500
vt 0.117188 0.289062
vt 0.121094 0.289062
vt 0.121094 0.296875
vt 0.117188 0.296875
vt 0.117188 0.289062
vt 0.117188 0.312500
vt 0.121094 0.289062
vt 0.113281 0.292969
vt 0.117188 0.292969
vt 0.117188 0.316406
vt 0.113281 0.316406
vt 0.117188 0.292969
vt 0.117188 0.316406
vt 0.113281 0.316406
vt 0.113281 0.292969
vt 0.117188 0.292969
vt 0.117188 0.300781
vt 0.113281 0.300781
vt 0.113281 0.292969
vt 0.117188 0.316406
vt 0.113281 0.292969
vt 0.117188 0.292969
vt 0.117188 0.300781
vt 0.113281 0.300781
vt 0.113281 0.292969
vt 0.113281 0.316406
vt 0.117188 0.292969
vt 0.109375 0.296875
vt 0.113281 0.296875
vt 0.113281 0.320312
vt 0.109375 0.320312
vt 0.113281 0.296875
vt 0.113281 0.320312
vt 0.109375 0.320312
vt 0.109375 0.296875
vt 0.113281 0.296875
vt 0.113281 0.304688
vt 0.109375 0.304688
vt 0.109375 0.296875
vt 0.113281 0.320312
vt 0.109375 0.296875
vt 0.113281 0.296875
vt 0.113281 0.304688
vt 0.109375 0.304688
vt 0.109375 0.296875
vt 0.109375 0.320312
vt 0.113281 0.296875
vt 0.105469 0.300781
vt 0.109375 0.300781
vt 0.109375 0.324219
vt 0.105469 0.324219
vt 0.109375 0.300781
vt 0.109375 0.324219
vt 0.105469 0.324219
vt 0.105469 0.300781
vt 0.109375 0.300781
vt 0.109375 0.308594
vt 0.105469 0.308594
vt 0.105469 0.300781
vt 0.109375 0.324219
vt 0.105469 0.300781
vt 0.109375 0.300781
vt 0.109375 0.308594
vt 0.105469 0.308594
vt 0.105469 0.300781
vt 0.105469 0.324219
vt 0.109375 0.300781
vt 0.101562 0.304688
vt 0.105469 0.304688
vt 0.105469 0.328125
vt 0.101562 0.328125
vt 0.105469 0.304688
vt 0.105469 0.328125
vt 0.101562 0.328125
vt 0.101562 0.304688
vt 0.105469 0.304688
vt 0.105469 0.312500
vt 0.101562 0.312500
vt 0.101562 0.304688
vt 0.105469 0.328125
vt 0.101562 0.304688
vt 0.105469 0.304688
vt 0.105469 0.312500
vt 0.101562 0.312500
vt 0.101562 0.304688
vt 0.101562 0.328125
vt 0.105469 0.304688
vt 0.097656 0.312500
vt 0.101562 0.312500
vt 0.101562 0.332031
vt 0.097656 0.332031
vt 0.101562 0.312500
vt 0.101562 0.332031
vt 0.097656 0.332031
vt 0.097656 0.312500
vt 0.101562 0.312500
vt 0.101562 0.320312
vt 0.097656 0.320312
vt 0.097656 0.312500
vt 0.101562 0.332031
vt 0.097656 0.312500
vt 0.101562 0.312500
vt 0.101562 0.320312
vt 0.097656 0.320312
vt 0.097656 0.312500
vt 0.097656 0.332031
vt 0.101562 0.312500
vt 0.093750 0.316406
vt 0.097656 0.316406
vt 0.097656 0.335938
vt 0.093750 0.335938
vt 0.097656 0.316406
vt 0.097656 0.335938
vt 0.093750 0.335938
vt 0.093750 0.316406
vt 0.097656 0.316406
vt 0.097656 0.324219
vt 0.093750 0.324219
vt 0.093750 0.316406
vt 0.097656 0.335938
vt 0.093750 0.316406
vt 0.097656 0.316406
vt 0.097656 0.324219
vt 0.093750 0.324219
vt 0.093750 0.316406
vt 0.093750 0.335938
vt 0.097656 0.316406
vt 0.089844 0.320312
vt 0.093750 0.320312
vt 0.093750 0.339844
vt 0.089844 0.339844
vt 0.093750 0.320312
vt 0.093750 0.339844
vt 0.089844 0.339844
vt 0.089844 0.320312
vt 0.093750 0.320312
vt 0.093750 0.328125
vt 0.089844 0.328125
vt 0.089844 0.320312
vt 0.093750 0.339844
vt 0.089844 0.320312
vt 0.093750 0.320312
vt 0.093750 0.328125
vt 0.089844 0.328125
vt 0.089844 0.320312
vt 0.089844 0.339844
vt 0.093750 0.320312
vt 0.085938 0.324219
vt 0.089844 0.324219
vt 0.089844 0.343750
vt 0.085938 0.343750
vt 0.089844 0.324219
vt 0.089844 0.343750
vt 0.085938 0.343750
vt 0.085938 0.324219
vt 0.089844 0.324219
vt 0.089844 0.332031
vt 0.085938 0.332031
vt 0.085938 0.324219
vt 0.089844 0.343750
vt 0.085938 0.324219
vt 0.089844 0.324219
vt 0.089844 0.332031
vt 0.085938 0.332031
vt 0.085938 0.324219
vt 0.085938 0.343750
vt 0.089844 0.324219
vt 0.082031 0.328125
vt 0.085938 0.328125
vt 0.085938 0.347656
vt 0.082031 0.347656
vt 0.085938 0.328125
vt 0.085938 0.347656
vt 0.082031 0.347656
vt 0.082031 0.328125
vt 0.085938 0.328125
vt 0.085938 0.335938
vt 0.082031 0.335938
vt 0.082031 0.328125
vt 0.085938 0.347656
vt 0.082031 0.328125
vt 0.085938 0.328125
vt 0.085938 0.335938
vt 0.082031 0.335938
vt 0.082031 0.328125
vt 0.082031 0.347656
vt 0.085938 0.328125
vt 0.078125 0.332031
vt 0.082031 0.332031
vt 0.082031 0.351562
vt 0.078125 0.351562
vt 0.082031 0.332031
vt 0.082031 0.351562
vt 0.078125 0.351562
vt 0.078125 0.332031
vt 0.082031 0.332031
vt 0.082031 0.339844
vt 0.078125 0.339844
vt 0.078125 0.332031
vt 0.082031 0.351562
vt 0.078125 0.332031
vt 0.082031 0.332031
vt 0.082031 0.339844
vt 0.078125 0.339844
vt 0.078125 0.332031
vt 0.078125 0.351562
vt 0.082031 0.332031
vt 0.074219 0.339844
vt 0.078125 0.339844
vt 0.078125 0.355469
vt 0.074219 0.355469
vt 0.078125 0.339844
vt 0.078125 0.355469
vt 0.074219 0.355469
vt 0.074219 0.339844
vt 0.078125 0.339844
vt 0.078125 0.347656
vt 0.074219 0.347656
vt 0.074219 0.339844
vt 0.078125 0.355469
vt 0.074219 0.339844
vt 0.078125 0.339844
vt 0.078125 0.347656
vt 0.074219 0.347656
vt 0.074219 0.339844
vt 0.074219 0.355469
vt 0.078125 0.339844
vt 0.070312 0.343750
vt 0.074219 0.343750
vt 0.074219 0.359375
vt 0.070312 0.359375
vt 0.074219 0.343750
vt 0.074219 0.359375
vt 0.070312 0.359375
vt 0.070312 0.343750
vt 0.074219 0.343750
vt 0.074219 0.351562
vt 0.070312 0.351562
vt 0.070312 0.343750
vt 0.074219 0.359375
vt 0.070312 0.343750
vt 0.074219 0.343750
vt 0.074219 0.351562
vt 0.070312 0.351562
vt 0.070312 0.343750
vt 0.070312 0.359375
vt 0.074219 0.343750
vt 0.066406 0.347656
vt 0.070312 0.347656
vt 0.070312 0.367188
vt 0.066406 0.367188
vt 0.070312 0.347656
vt 0.070312 0.367188
vt 0.066406 0.367188
vt 0.066406 0.347656
vt 0.070312 0.347656
vt 0.070312 0.355469
vt 0.066406 0.355469
vt 0.066406 0.347656
vt 0.070312 0.367188
vt 0.066406 0.347656
vt 0.070312 0.347656
vt 0.070312 0.355469
vt 0.066406 0.355469
vt 0.066406 0.347656
vt 0.066406 0.367188
vt 0.070312 0.347656
vt 0.062500 0.355469
vt 0.066406 0.355469
vt 0.066406 0.371094
vt 0.062500 0.371094
vt 0.066406 0.355469
vt 0.066406 0.371094
vt 0.062500 0.371094
vt 0.062500 0.355469
vt 0.066406 0.355469
vt 0.066406 0.363281
vt 0.062500 0.363281
vt 0.062500 0.355469
vt 0.066406 0.371094
vt 0.062500 0.355469
vt 0.066406 0.355469
vt 0.066406 0.363281
vt 0.062500 0.363281
vt 0.062500 0.355469
vt 0.062500 0.371094
vt 0.066406 0.355469
vt 0.058594 0.363281
vt 0.062500 0.363281
vt 0.062500 0.378906
vt 0.058594 0.378906
vt 0.062500 0.363281
vt 0.062500 0.378906
vt 0.058594 0.378906
vt 0.058594 0.363281
vt 0.062500 0.363281
vt 0.062500 0.371094
vt 0.058594 0.371094
vt 0.058594 0.363281
vt 0.062500 0.378906
vt 0.058594 0.363281
vt 0.062500 0.363281
vt 0.062500 0.371094
vt 0.058594 0.371094
vt 0.058594 0.363281
vt 0.058594 0.378906
vt 0.062500 0.363281
vt 0.054688 0.371094
vt 0.058594 0.371094
vt 0.058594 0.382812
vt 0.054688 0.382812
vt 0.058594 0.371094
vt 0.058594 0.382812
vt 0.054688 0.382812
vt 0.054688 0.371094
vt 0.058594 0.371094
vt 0.058594 0.378906
vt 0.054688 0.378906
vt 0.054688 0.371094
vt 0.058594 0.382812
vt 0.054688 0.371094
vt 0.058594 0.371094
vt 0.058594 0.378906
vt 0.054688 0.378906
vt 0.054688 0.371094
vt 0.054688 0.382812
vt 0.058594 0.371094
vt 0.050781 0.378906
vt 0.054688 0.378906
vt 0.054688 0.390625
vt 0.050781 0.390625
vt 0.054688 0.378906
vt 0.054688 0.390625
vt 0.050781 0.390625
vt 0.050781 0.378906
vt 0.054688 0.378906
vt 0.054688 0.386719
vt 0.050781 0.386719
vt 0.050781 0.378906
vt 0.054688 0.390625
vt 0.050781 0.378906
vt 0.054688 0.378906
vt 0.054688 0.386719
vt 0.050781 0.386719
vt 0.050781 0.378906
vt 0.050781 0.390625
vt 0.054688 0.378906
vt 0.046875 0.382812
vt 0.050781 0.382812
vt 0.050781 0.398438
vt 0.046875 0.398438
vt 0.050781 0.382812
vt 0.050781 0.398438
vt 0.046875 0.398438
vt 0.046875 0.382812
vt 0.050781 0.382812
vt 0.050781 0.390625
vt 0.046875 0.390625
vt 0.046875 0.382812
vt 0.050781 0.398438
vt 0.046875 0.382812
vt 0.050781 0.382812
vt 0.050781 0.390625
vt 0.046875 0.390625
vt 0.046875 0.382812
vt 0.046875 0.398438
vt 0.050781 0.382812
vt 0.042969 0.390625
vt 0.046875 0.390625
vt 0.046875 0.402344
vt 0.042969 0.402344
vt 0.046875 0.390625
vt 0.046875 0.402344
vt 0.042969 0.402344
vt 0.042969 0.390625
vt 0.046875 0.390625
vt 0.046875 0.398438
vt 0.042969 0.398438
vt 0.042969 0.390625
vt 0.046875 0.402344
vt 0.042969 0.390625
vt 0.046875 0.390625
vt 0.046875 0.398438
vt 0.042969 0.398438
vt 0.042969 0.390625
vt 0.042969 0.402344
vt 0.046875 0.390625
vt 0.039062 0.398438
vt 0.042969 0.398438
vt 0.042969 0.402344
vt 0.039062 0.402344
vt 0.042969 0.398438
vt 0.042969 0.402344
vt 0.039062 0.402344
vt 0.039062 0.398438
vt 0.042969 0.398438
vt 0.042969 0.402344
vt 0.039062 0.402344
vt 0.039062 0.398438
vt 0.042969 0.402344
vt 0.039062 0.398438
vt 0.042969 0.398438
vt 0.042969 0.402344
vt 0.039062 0.402344
vt 0.039062 0.398438
vt 0.039062 0.402344
vt 0.042969 0.398438
vt 0.207031 0.218750
vt 0.210938 0.218750
vt 0.210938 0.292969
vt 0.207031 0.292969
vt 0.210938 0.218750
vt 0.210938 0.292969
vt 0.207031 0.292969
vt 0.207031 0.218750
vt 0.210938 0.218750
vt 0.210938 0.226562
vt 0.207031 0.226562
vt 0.207031 0.218750
vt 0.210938 0.292969
vt 0.207031 0.218750
vt 0.210938 0.218750
vt 0.210938 0.226562
vt 0.207031 0.226562
vt 0.207031 0.218750
vt 0.207031 0.292969
vt 0.210938 0.218750
vt 0.210938 0.218750
vt 0.214844 0.218750
vt 0.214844 0.406250
vt 0.210938 0.406250
vt 0.214844 0.218750
vt 0.214844 0.406250
vt 0.210938 0.406250
vt 0.210938 0.218750
vt 0.214844 0.218750
vt 0.214844 0.226562
vt 0.210938 0.226562
vt 0.210938 0.218750
vt 0.214844 0.406250
vt 0.210938 0.218750
vt 0.214844 0.218750
vt 0.214844 0.226562
vt 0.210938 0.226562
vt 0.210938 0.218750
vt 0.210938 0.406250
vt 0.214844 0.218750
vt 0.214844 0.218750
vt 0.218750 0.218750
vt 0.218750 0.437500
vt 0.214844 0.437500
vt 0.218750 0.218750
vt 0.218750 0.437500
vt 0.214844 0.437500
vt 0.214844 0.218750
vt 0.218750 0.218750
vt 0.218750 0.226562
vt 0.214844 0.226562
vt 0.214844 0.218750
vt 0.218750 0.437500
vt 0.214844 0.218750
vt 0.218750 0.218750
vt 0.218750 0.226562
vt 0.214844 0.226562
vt 0.214844 0.218750
vt 0.214844 0.437500
vt 0.218750 0.218750
vt 0.343750 0.828125
vt 0.343750 0.906250
vt 0.343750 0.750000
vt 0.390625 0.750000
vt 0.437500 0.750000
vt 0.343750 0.750000
vt 0.343750 0.828125
vt 0.343750 0.906250
vt 0.296875 0.656250
vt 0.250000 0.656250
vt 0.343750 0.656250
vt 0.343750 0.703125
vt 0.171875 0.656250
vt 0.093750 0.656250
vt 0.296875 0.656250
vt 0.250000 0.656250
vt 0.343750 0.656250
vt 0.343750 0.703125
vt 0.343750 0.750000
vt 0.421875 0.750000
vt 0.500000 0.750000
vn 0.0000 -1.0000 0.0000
vn 0.0000 1.0000 -0.0000
vn 0.0000 0.0000 1.0000
vn -1.0000 -0.0000 0.0000
vn 0.0000 0.0000 -1.0000
vn 1.0000 -0.0000 -0.0000
vn -0.0000 -0.7969 -0.6041
vn 0.0000 0.7969 0.6041
vn -0.0000 -0.6033 0.7975
vn 0.0000 0.6033 -0.7975
vn -0.0000 -0.3665 -0.9304
vn -0.0000 0.3665 0.9304
vn 0.0000 -0.9301 0.3672
vn 0.0000 0.9301 -0.3672
vn 0.0000 -0.3685 -0.9296
vn 0.0000 0.3685 0.9296
vn -0.0000 -0.9293 0.3692
vn 0.0000 0.9293 -0.3692
vn -0.0000 -0.3686 -0.9296
vn 0.0000 0.3686 0.9296
vn 0.0000 -0.5153 -0.8570
vn -0.0000 0.5153 0.8570
vn 0.0000 -0.8565 0.5161
vn -0.0000 0.8565 -0.5161
vn 0.0000 -0.9302 -0.3670
vn -0.0000 0.9302 0.3670
vn 0.0000 -0.3663 0.9305
vn 0.0000 0.3663 -0.9305
vn 0.0000 -0.9220 -0.3871
vn -0.0000 0.9220 0.3871
vn 0.0000 -0.3864 0.9223
vn -0.0000 0.3864 -0.9223
vn 0.0000 -1.0000 -0.0010
vn -0.0000 1.0000 0.0010
vn 0.0342 -0.0010 0.9994
vn -0.9994 -0.0001 0.0342
vn -0.0342 0.0010 -0.9994
vn 0.9994 0.0001 -0.0342
vn -0.0001 -1.0000 0.0007
vn 0.0001 1.0000 -0.0007
vn -0.0250 0.0007 0.9997
vn -0.9997 0.0000 -0.0250
vn 0.0250 -0.0007 -0.9997
vn 0.9997 -0.0000 0.0250
vn -0.0002 -1.0000 0.0003
vn 0.0002 1.0000 -0.0003
vn -0.0104 0.0003 0.9999
vn -0.9999 0.0002 -0.0104
vn 0.0104 -0.0003 -0.9999
vn 0.9999 -0.0002 0.0104
vn -0.0002 -1.0000 0.0000
vn 0.0002 1.0000 -0.0000
vn 0.0047 0.0000 1.0000
vn -1.0000 0.0002 0.0047
vn -0.0047 -0.0000 -1.0000
vn 1.0000 -0.0002 -0.0047
vn 0.0401 -0.0000 0.9992
vn -0.9992 0.0002 0.0401
vn -0.0401 0.0000 -0.9992
vn 0.9992 -0.0002 -0.0401
vn 0.1868 -0.9824 0.0000
vn -0.1868 0.9824 -0.0000
vn -0.9824 -0.1868 -0.0000
vn 0.9824 0.1868 0.0000
vn -0.2551 -0.9669 0.0000
vn 0.2551 0.9669 -0.0000
vn -0.9669 0.2551 0.0000
vn 0.9669 -0.2551 0.0000
vn 0.9669 -0.2552 -0.0000
vn -0.2552 -0.9669 0.0000
vn -0.9669 0.2552 0.0000
vn 0.2552 0.9669 0.0000
vn -0.1736 -0.9848 0.0000
vn 0.1736 0.9848 -0.0000
vn -0.9848 0.1736 -0.0000
vn 0.9848 -0.1736 0.0000
vn 0.9848 -0.1737 -0.0000
vn -0.9848 0.1737 0.0000
vn -0.1737 -0.9848 0.0000
vn 0.1737 0.9848 0.0000
vn 0.2588 -0.9659 0.0000
vn -0.2588 0.9659 -0.0000
vn -0.9659 -0.2588 -0.0000
vn 0.9659 0.2588 0.0000
vn 0.9659 0.2589 -0.0000
vn 0.0000 -1.0000 0.0000
vn -1.0000 0.0000 0.0000
vn 0.0000 0.0000 -1.0000
vn 1.0000 0.0000 0.0000
vn 0.0000 0.0000 1.0000
vn 0.0000 -1.0000 0.0000
vn 0.0000 1.0000 0.0000
vn 0.0000 0.0000 1.0000
vn 0.0000 0.0000 1.0000
vn 0.0000 0.0000 1.0000
vn 0.0000 0.0000 1.0000
vn -0.8152 -0.3376 -0.4706
vn -0.8152 0.3376 -0.4707
vn 0.0000 -0.3377 -0.9413
vn 0.0000 0.3376 -0.9413
vn 0.8152 0.3376 -0.4707
vn 0.8152 -0.3376 -0.4706
vn 0.8152 -0.3376 0.4706
vn 0.8152 0.3376 0.4707
vn 0.0000 0.3376 0.9413
vn 0.0000 -0.3377 0.9413
vn -0.3736 -0.9021 -0.2157
vn -0.3736 0.9021 -0.2157
vn 0.0000 -0.9022 -0.4313
vn 0.0000 0.9022 -0.4313
vn 0.3737 0.9022 -0.2155
vn 0.3736 -0.9021 -0.2157
vn 0.3736 -0.9021 0.2157
vn 0.3736 0.9021 0.2157
vn 0.0000 -0.9022 0.4313
vn 0.0000 0.9022 0.4313
vn -0.3736 -0.9021 0.2157
vn -0.3737 0.9022 0.2155
vn -0.8152 0.3376 0.4707
vn -0.8152 -0.3376 0.4706
usemtl Enderdragon.001
f 47/1/1 2/2/1 3/3/1 52/4/1
f 48/5/2 53/6/2 7/7/2 6/8/2
f 3942/9/3 48/5/3 6/8/3 3941/10/3
f 3930/11/4 6/8/4 7/12/4 3928/13/4
f 3935/14/5 39/15/5 8/16/5 3929/17/5
f 69/18/6 1/19/6 4/20/6 72/21/6
f 51/22/3 151/23/3 50/24/3 11/25/3 16/26/3
f 19/27/4 14/28/4 12/29/4 17/30/4
f 41/31/5 40/32/5 13/33/5 18/34/5
f 137/35/6 10/36/6 13/33/6 140/37/6
f 10/36/6 15/38/6 18/34/6 13/33/6
f 67/39/3 51/22/3 16/26/3 57/40/3
f 60/41/4 19/27/4 17/30/4 58/42/4
f 65/43/5 41/31/5 18/34/5 59/44/5
f 33/45/1 20/46/1 21/47/1 29/48/1
f 34/49/2 30/50/2 23/51/2 22/52/2
f 3934/53/3 34/49/3 22/52/3 3931/54/3
f 3940/55/5 101/56/5 23/57/5 3932/58/5
f 143/59/3 36/60/3 25/61/3 142/62/3
f 103/63/5 102/64/5 26/65/5 28/66/5
f 64/67/3 37/68/3 27/69/3 61/70/3
f 104/71/5 103/63/5 28/66/5 62/72/5
f 3932/58/5 23/57/5 30/73/5 3933/74/5
f 28/66/5 26/65/5 31/75/5 32/76/5
f 62/72/5 28/66/5 32/76/5 63/77/5
f 86/78/1 33/45/1 29/48/1 82/79/1
f 87/80/2 83/81/2 30/50/2 34/49/2
f 3938/82/3 87/80/3 34/49/3 3934/53/3
f 164/83/3 144/84/3 36/60/3 143/59/3
f 91/85/3 90/86/3 145/87/3 37/68/3 64/67/3
f 3939/88/5 83/89/5 39/15/5 3935/14/5
f 85/90/5 84/91/5 40/32/5 41/31/5
f 92/92/5 85/90/5 41/31/5 65/43/5
f 1/93/1 42/94/1 38/95/1 4/96/1
f 5/97/2 8/98/2 39/99/2 43/100/2
f 3927/101/3 5/97/3 43/100/3 3936/102/3
f 15/38/3 10/36/3 45/103/3 147/104/3 46/105/3
f 56/106/3 15/38/3 46/105/3 66/107/3
f 95/108/1 47/1/1 52/4/1 100/109/1
f 96/110/2 101/111/2 53/6/2 48/5/2
f 3943/112/3 96/110/3 48/5/3 3942/9/3
f 46/113/4 147/114/4 183/115/4 172/116/4
f 105/117/3 99/118/3 156/119/3 51/22/3 67/39/3
f 3928/120/5 7/121/5 53/122/5 3937/123/5
f 17/124/5 12/125/5 54/126/5 55/127/5
f 58/128/5 17/124/5 55/127/5 68/129/5
f 15/38/6 56/106/6 59/44/6 18/34/6
f 80/130/3 67/39/3 57/40/3 70/131/3
f 73/132/4 60/41/4 58/42/4 71/133/4
f 78/134/5 65/43/5 59/44/5 72/21/5
f 77/135/3 64/67/3 61/70/3 74/136/3
f 106/137/5 104/71/5 62/72/5 75/138/5
f 75/138/5 62/72/5 63/77/5 76/139/5
f 93/140/3 91/85/3 64/67/3 77/135/3
f 94/141/5 92/92/5 65/43/5 78/134/5
f 69/18/3 56/106/3 66/107/3 79/142/3
f 107/143/3 105/117/3 67/39/3 80/130/3
f 71/144/5 58/128/5 68/129/5 81/145/5
f 56/106/6 69/18/6 72/21/6 59/44/6
f 49/146/3 80/130/3 70/131/3 9/147/3
f 2/148/4 73/132/4 71/133/4 3/149/4
f 38/150/5 78/134/5 72/21/5 4/20/5
f 35/151/3 77/135/3 74/136/3 24/152/3
f 100/153/5 106/137/5 75/138/5 21/154/5
f 21/154/5 75/138/5 76/139/5 29/155/5
f 88/156/3 93/140/3 77/135/3 35/151/3
f 82/157/5 94/141/5 78/134/5 38/150/5
f 1/19/3 69/18/3 79/142/3 44/158/3
f 97/159/3 107/143/3 80/130/3 49/146/3
f 3/160/5 71/144/5 81/145/5 52/161/5
f 42/94/1 86/78/1 82/79/1 38/95/1
f 43/100/2 39/99/2 83/81/2 87/80/2
f 3936/102/3 43/100/3 87/80/3 3938/82/3
f 99/162/3 149/163/3 225/164/3 224/165/3
f 66/107/3 46/105/3 153/166/3 90/86/3 91/85/3
f 3933/74/5 30/73/5 83/89/5 3939/88/5
f 32/76/5 31/75/5 84/91/5 85/90/5
f 63/77/5 32/76/5 85/90/5 92/92/5
f 79/142/3 66/107/3 91/85/3 93/140/3
f 76/139/5 63/77/5 92/92/5 94/141/5
f 44/158/3 79/142/3 93/140/3 88/156/3
f 29/155/5 76/139/5 94/141/5 82/157/5
f 3937/123/5 53/122/5 101/56/5 3940/55/5
f 55/127/5 54/126/5 102/64/5 103/63/5
f 68/129/5 55/127/5 103/63/5 104/71/5
f 20/46/1 95/108/1 100/109/1 21/47/1
f 22/52/2 23/51/2 101/111/2 96/110/2
f 113/167/3 3931/54/3 22/52/3 96/110/3 3943/112/3 124/168/3 158/169/3
f 144/170/3 181/171/3 215/172/3 211/173/3
f 61/70/3 27/69/3 149/174/3 99/118/3 105/117/3
f 81/145/5 68/129/5 104/71/5 106/137/5
f 74/136/3 61/70/3 105/117/3 107/143/3
f 52/161/5 81/145/5 106/137/5 100/153/5
f 24/152/3 74/136/3 107/143/3 97/159/3
f 131/175/3 119/176/3 109/177/3 138/178/3
f 141/179/4 112/180/4 110/181/4 139/182/4
f 129/183/5 117/184/5 111/185/5 140/37/5
f 3927/101/6 108/186/6 111/185/6 3929/17/6
f 128/187/3 116/188/3 113/167/3 159/189/3 125/190/3
f 135/191/5 123/192/5 114/193/5 126/194/5
f 126/194/5 114/193/5 115/195/5 127/196/5
f 133/197/3 121/198/3 116/188/3 128/187/3
f 134/199/5 122/200/5 117/184/5 129/183/5
f 137/35/3 108/186/3 118/201/3 130/202/3
f 160/203/3 124/168/3 119/176/3 131/175/3 161/204/3
f 139/205/5 110/206/5 120/207/5 132/208/5
f 130/202/3 118/201/3 121/198/3 133/197/3 162/209/3
f 127/196/5 115/195/5 122/200/5 134/199/5
f 132/208/5 120/207/5 123/192/5 135/191/5
f 166/210/3 158/169/3 124/168/3 160/203/3
f 108/186/6 137/35/6 140/37/6 111/185/6
f 50/24/3 150/211/3 131/175/3 138/178/3 11/25/3
f 14/28/4 141/179/4 139/182/4 12/29/4
f 40/32/5 129/183/5 140/37/5 13/33/5
f 36/60/3 128/187/3 125/190/3 25/61/3
f 102/64/5 135/191/5 126/194/5 26/65/5
f 26/65/5 126/194/5 127/196/5 31/75/5
f 154/212/3 133/197/3 128/187/3 36/60/3 144/84/3
f 84/91/5 134/199/5 129/183/5 40/32/5
f 10/36/3 137/35/3 130/202/3 146/213/3 45/103/3
f 167/214/3 161/204/3 131/175/3 150/211/3
f 12/125/5 139/205/5 132/208/5 54/126/5
f 168/215/3 162/209/3 133/197/3 154/212/3
f 31/75/5 127/196/5 134/199/5 84/91/5
f 54/126/5 132/208/5 135/191/5 102/64/5
f 157/216/3 163/217/3 136/218/3
f 37/68/3 143/59/3 142/62/3 27/69/3
f 180/219/3 193/220/3 220/221/3 219/222/3
f 144/170/6 164/223/6 193/224/6 181/171/6
f 143/225/6 37/226/6 170/227/6 180/228/6
f 89/229/3 144/230/3 211/231/3 210/232/3
f 147/114/4 45/233/4 171/234/4 183/115/4
f 165/235/4 148/236/4 184/237/4 196/238/4
f 172/239/3 188/240/3 241/241/3 238/242/3
f 184/237/3 148/236/3 199/243/3 203/244/3
f 98/245/3 155/246/3 200/247/3 198/248/3
f 90/249/3 153/250/3 236/251/3 234/252/3
f 46/113/3 172/116/3 238/253/3 233/254/3
f 142/62/3 25/61/3 148/255/3 165/256/3
f 136/218/3 160/203/3 161/204/3
f 163/217/3 166/210/3 160/203/3 136/218/3
f 125/190/3 159/189/3 166/210/3 163/217/3
f 159/189/3 113/167/3 158/169/3 166/210/3
f 89/257/3 154/212/3 144/84/3
f 155/258/3 167/214/3 150/211/3 50/24/3
f 98/259/3 157/216/3 167/214/3 155/258/3
f 157/216/3 136/218/3 161/204/3 167/214/3
f 152/260/3 168/215/3 154/212/3 89/257/3
f 45/103/3 146/213/3 168/215/3 152/260/3
f 146/213/3 130/202/3 162/209/3 168/215/3
f 148/255/3 163/217/3 157/216/3
f 148/255/3 157/216/3 98/259/3
f 25/61/3 125/190/3 163/217/3 148/255/3
f 194/261/3 190/262/3 173/263/3 186/264/3
f 195/265/3 187/266/3 175/267/3 189/268/3
f 196/269/3 184/270/3 177/271/3 192/272/3
f 182/273/3 193/274/3 180/275/3 170/276/3
f 176/277/3 189/268/3 193/274/3 182/273/3
f 189/268/3 175/267/3 181/278/3 193/274/3
f 191/279/3 194/261/3 186/264/3 174/280/3
f 178/281/3 192/282/3 194/283/3 191/284/3
f 192/282/3 177/285/3 190/286/3 194/283/3
f 188/287/3 195/265/3 189/268/3 176/277/3
f 172/288/3 183/289/3 195/265/3 188/287/3
f 183/289/3 171/290/3 187/266/3 195/265/3
f 185/291/3 196/292/3 192/282/3 178/281/3
f 169/293/3 179/294/3 196/269/3 185/295/3
f 181/296/3 175/297/3 214/298/3 215/299/3
f 174/300/3 51/301/3 223/302/3 228/303/3
f 151/304/6 51/301/6 174/300/6 186/305/6
f 149/163/3 27/306/3 222/307/3 225/164/3
f 178/308/3 191/309/3 231/310/3 229/311/3
f 27/312/4 142/313/4 179/314/4 169/315/4
f 37/316/3 145/317/3 235/318/3 232/319/3
f 50/320/6 151/304/6 186/305/6 173/321/6
f 155/246/3 50/322/3 197/323/3 200/247/3
f 179/314/3 142/313/3 205/324/3 207/325/3
f 200/326/1 197/327/1 201/328/1 204/329/1
f 198/330/1 200/326/1 204/329/1 202/331/1
f 199/332/1 198/330/1 202/331/1 203/333/1
f 173/334/3 190/335/3 204/336/3 201/337/3
f 190/335/3 177/338/3 202/339/3 204/336/3
f 148/340/3 98/245/3 198/248/3 199/341/3
f 50/320/3 173/321/3 201/342/3 197/343/3
f 177/338/3 184/344/3 203/345/3 202/339/3
f 205/346/1 206/347/1 208/348/1 207/349/1
f 142/350/3 165/351/3 221/352/3 205/353/3
f 165/235/3 196/238/3 208/354/3 206/355/3
f 196/356/3 179/357/3 207/358/3 208/359/3
f 209/360/1 212/361/1 216/362/1 213/363/1
f 210/232/1 211/231/1 215/364/1 214/365/1
f 212/361/1 210/232/1 214/365/1 216/362/1
f 187/366/3 171/367/3 213/368/3 216/369/3
f 175/297/3 187/366/3 216/369/3 214/298/3
f 45/370/3 152/371/3 212/361/3 209/360/3
f 152/371/3 89/229/3 210/232/3 212/361/3
f 171/234/3 45/233/3 209/372/3 213/373/3
f 218/374/1 217/375/1 219/376/1 220/377/1
f 193/224/3 164/223/3 218/378/3 220/379/3
f 164/380/3 143/381/3 217/382/3 218/383/3
f 143/225/3 180/228/3 219/384/3 217/385/3
f 225/386/2 222/387/2 227/388/2 230/389/2
f 224/390/2 225/386/2 230/389/2 229/391/2
f 226/392/2 224/390/2 229/391/2 231/393/2
f 223/394/2 226/392/2 231/393/2 228/395/2
f 51/396/3 156/397/3 226/398/3 223/399/3
f 169/400/3 185/401/3 230/402/3 227/403/3
f 27/312/3 169/315/3 227/404/3 222/405/3
f 156/397/3 99/162/3 224/165/3 226/398/3
f 191/309/3 174/406/3 228/407/3 231/310/3
f 185/401/3 178/308/3 229/311/3 230/402/3
f 234/408/2 236/409/2 241/410/2 239/411/2
f 236/409/2 233/412/2 238/413/2 241/410/2
f 235/414/2 234/408/2 239/411/2 240/415/2
f 232/416/2 235/414/2 240/415/2 237/417/2
f 182/418/3 170/419/3 237/420/3 240/421/3
f 176/422/3 182/418/3 240/421/3 239/423/3
f 170/227/3 37/226/3 232/424/3 237/425/3
f 188/240/3 176/422/3 239/423/3 241/241/3
f 145/317/3 90/249/3 234/252/3 235/318/3
f 153/250/3 46/426/3 233/427/3 236/251/3
f 256/428/5 250/429/5 242/430/5 248/431/5
f 243/432/5 246/433/5 254/434/5 250/429/5
f 245/435/5 252/436/5 255/437/5 253/438/5
f 253/438/5 255/437/5 251/439/5 244/440/5
f 249/441/5 243/432/5 250/429/5 256/428/5
f 247/442/5 245/435/5 253/438/5 257/443/5
f 272/444/3 264/445/3 258/446/3 266/447/3
f 259/448/3 266/447/3 270/449/3 262/450/3
f 261/451/3 269/452/3 271/453/3 268/454/3
f 269/452/3 260/455/3 267/456/3 271/453/3
f 265/457/3 272/444/3 266/447/3 259/448/3
f 263/458/3 273/459/3 269/452/3 261/451/3
f 247/442/6 257/443/6 273/459/6 263/458/6
f 251/439/4 255/437/4 271/453/4 267/456/4
f 253/438/6 244/440/6 260/455/6 269/452/6
f 248/431/2 242/430/2 258/446/2 264/445/2
f 250/429/2 254/434/2 270/449/2 266/447/2
f 243/432/1 249/441/1 265/457/1 259/448/1
f 249/441/6 256/428/6 272/444/6 265/457/6
f 254/434/4 246/433/4 262/450/4 270/449/4
f 242/430/4 250/429/4 266/447/4 258/446/4
f 256/428/6 248/431/6 264/445/6 272/444/6
f 244/440/2 251/439/2 267/456/2 260/455/2
f 246/433/1 243/432/1 259/448/1 262/450/1
f 257/443/2 253/438/2 269/452/2 273/459/2
f 255/437/4 252/436/4 268/454/4 271/453/4
f 252/436/1 245/435/1 261/451/1 268/454/1
f 245/435/1 247/442/1 263/458/1 261/451/1
f 274/460/1 275/461/1 276/462/1 277/463/1
f 278/464/2 281/465/2 280/466/2 279/467/2
f 274/468/3 278/464/3 279/467/3 282/469/3
f 275/470/4 279/467/4 280/471/4 276/472/4
f 276/473/5 283/474/5 281/475/5 277/476/5
f 278/477/6 274/478/6 277/476/6 281/475/6
f 284/479/1 285/480/1 286/481/1 287/482/1
f 288/483/2 291/484/2 290/485/2 289/486/2
f 284/487/3 288/483/3 289/486/3 292/488/3
f 285/489/4 289/486/4 290/490/4 286/491/4
f 286/492/5 293/493/5 291/494/5 287/495/5
f 288/496/6 284/497/6 287/495/6 291/494/6
f 294/498/1 295/499/1 296/500/1 297/501/1
f 298/502/2 301/503/2 300/504/2 299/505/2
f 294/506/3 298/502/3 299/505/3 302/507/3
f 295/508/4 299/505/4 300/509/4 296/510/4
f 296/511/5 303/512/5 301/513/5 297/514/5
f 298/515/6 294/516/6 297/514/6 301/513/6
f 304/517/1 305/518/1 306/519/1 307/520/1
f 308/521/2 311/522/2 310/523/2 309/524/2
f 304/525/3 308/526/3 309/527/3 320/528/3
f 305/529/4 309/530/4 310/531/4 306/532/4
f 306/533/5 310/534/5 311/535/5 307/536/5
f 308/537/6 304/538/6 307/536/6 311/535/6
f 3921/539/1 3912/540/1 314/541/1 3914/542/1
f 3922/543/2 3920/544/2 318/545/2 3919/546/2
f 3923/547/3 3917/548/3 317/549/3 3913/550/3
f 3924/551/4 3919/552/4 318/553/4 3915/554/4
f 3925/555/5 3920/556/5 319/557/5 3916/558/5
f 3926/559/6 3910/560/6 315/561/6 3916/562/6
f 321/563/7 322/564/7 323/565/7 324/566/7
f 325/567/8 328/568/8 327/569/8 326/570/8
f 321/571/9 325/567/9 326/570/9 329/572/9
f 322/573/4 326/570/4 327/574/4 323/575/4
f 323/576/10 327/577/10 328/578/10 324/579/10
f 325/567/6 321/571/6 324/579/6 328/578/6
f 330/580/11 331/581/11 332/582/11 333/583/11
f 334/584/12 337/585/12 336/586/12 335/587/12
f 330/588/13 334/584/13 335/587/13 338/589/13
f 331/590/4 335/587/4 336/591/4 332/592/4
f 332/593/14 336/594/14 337/595/14 333/596/14
f 334/584/6 330/588/6 333/596/6 337/595/6
f 339/597/15 340/598/15 341/599/15 342/600/15
f 343/601/16 346/602/16 345/603/16 344/604/16
f 339/605/17 343/601/17 344/604/17 347/606/17
f 340/607/4 344/604/4 345/608/4 341/609/4
f 341/610/18 345/611/18 346/612/18 342/613/18
f 343/601/6 339/605/6 342/613/6 346/612/6
f 348/614/7 349/615/7 350/616/7 351/617/7
f 352/618/8 355/619/8 354/620/8 353/621/8
f 348/622/9 352/618/9 353/621/9 356/623/9
f 349/624/4 353/621/4 354/625/4 350/626/4
f 350/627/10 354/628/10 355/629/10 351/630/10
f 352/618/6 348/622/6 351/630/6 355/629/6
f 357/631/11 358/632/11 359/633/11 360/634/11
f 361/635/12 364/636/12 363/637/12 362/638/12
f 357/639/13 361/635/13 362/638/13 365/640/13
f 358/641/4 362/638/4 363/642/4 359/643/4
f 359/644/14 363/645/14 364/646/14 360/647/14
f 361/635/6 357/639/6 360/647/6 364/646/6
f 366/648/19 367/649/19 368/650/19 369/651/19
f 370/652/20 373/653/20 372/654/20 371/655/20
f 366/656/17 370/652/17 371/655/17 374/657/17
f 367/658/4 371/655/4 372/659/4 368/660/4
f 368/661/18 372/662/18 373/663/18 369/664/18
f 370/652/6 366/656/6 369/664/6 373/663/6
f 375/665/21 376/666/21 377/667/21 378/668/21
f 379/669/22 382/670/22 381/671/22 380/672/22
f 375/673/23 379/669/23 380/672/23 383/674/23
f 376/675/4 380/672/4 381/676/4 377/677/4
f 377/678/24 381/679/24 382/680/24 378/681/24
f 379/669/6 375/673/6 378/681/6 382/680/6
f 384/682/25 385/683/25 386/684/25 387/685/25
f 388/686/26 391/687/26 390/688/26 389/689/26
f 384/690/27 388/686/27 389/689/27 392/691/27
f 385/692/4 389/689/4 390/693/4 386/694/4
f 386/695/28 390/696/28 391/697/28 387/698/28
f 388/686/6 384/690/6 387/698/6 391/697/6
f 393/699/29 394/700/29 395/701/29 396/702/29
f 397/703/30 400/704/30 399/705/30 398/706/30
f 393/707/31 397/703/31 398/706/31 401/708/31
f 394/709/4 398/706/4 399/710/4 395/711/4
f 395/712/32 399/713/32 400/714/32 396/715/32
f 397/703/6 393/707/6 396/715/6 400/714/6
f 402/716/21 403/717/21 404/718/21 405/719/21
f 406/720/22 409/721/22 408/722/22 407/723/22
f 402/724/23 406/720/23 407/723/23 410/725/23
f 403/726/4 407/723/4 408/727/4 404/728/4
f 404/729/24 408/730/24 409/731/24 405/732/24
f 406/720/6 402/724/6 405/732/6 409/731/6
f 411/733/25 412/734/25 413/735/25 414/736/25
f 415/737/26 418/738/26 417/739/26 416/740/26
f 411/741/27 415/737/27 416/740/27 419/742/27
f 412/743/4 416/740/4 417/744/4 413/745/4
f 413/746/28 417/747/28 418/748/28 414/749/28
f 415/737/6 411/741/6 414/749/6 418/748/6
f 420/750/29 421/751/29 422/752/29 423/753/29
f 424/754/30 427/755/30 426/756/30 425/757/30
f 420/758/31 424/754/31 425/757/31 428/759/31
f 421/760/4 425/757/4 426/761/4 422/762/4
f 422/763/32 426/764/32 427/765/32 423/766/32
f 424/754/6 420/758/6 423/766/6 427/765/6
f 429/767/33 430/768/33 431/769/33 432/770/33
f 433/771/34 436/772/34 435/773/34 434/774/34
f 429/775/35 433/771/35 434/774/35 437/776/35
f 430/777/36 434/778/36 435/779/36 431/780/36
f 431/781/37 435/782/37 436/783/37 432/784/37
f 433/785/38 429/786/38 432/787/38 436/788/38
f 438/789/33 439/790/33 440/791/33 441/792/33
f 442/793/34 445/794/34 444/795/34 443/796/34
f 438/797/35 442/793/35 443/796/35 446/798/35
f 439/799/36 443/796/36 444/800/36 440/801/36
f 440/802/37 444/803/37 445/804/37 441/805/37
f 442/793/38 438/797/38 441/805/38 445/804/38
f 447/806/39 448/807/39 449/808/39 450/809/39
f 451/810/40 454/811/40 453/812/40 452/813/40
f 447/814/41 451/810/41 452/813/41 455/815/41
f 448/816/42 452/817/42 453/818/42 449/819/42
f 449/820/43 453/821/43 454/822/43 450/823/43
f 451/824/44 447/825/44 450/826/44 454/827/44
f 456/828/39 457/829/39 458/830/39 459/831/39
f 460/832/40 463/833/40 462/834/40 461/835/40
f 456/836/41 460/832/41 461/835/41 464/837/41
f 457/838/42 461/835/42 462/839/42 458/840/42
f 458/841/43 462/842/43 463/843/43 459/844/43
f 460/832/44 456/836/44 459/844/44 463/843/44
f 465/845/45 466/846/45 467/847/45 468/848/45
f 469/849/46 472/850/46 471/851/46 470/852/46
f 465/853/47 469/849/47 470/852/47 473/854/47
f 466/855/48 470/856/48 471/857/48 467/858/48
f 467/859/49 471/860/49 472/861/49 468/862/49
f 469/863/50 465/864/50 468/865/50 472/866/50
f 474/867/45 475/868/45 476/869/45 477/870/45
f 478/871/46 481/872/46 480/873/46 479/874/46
f 474/875/47 478/871/47 479/874/47 482/876/47
f 475/877/48 479/874/48 480/878/48 476/879/48
f 476/880/49 480/881/49 481/882/49 477/883/49
f 478/871/50 474/875/50 477/883/50 481/882/50
f 483/884/51 484/885/51 485/886/51 486/887/51
f 487/888/52 490/889/52 489/890/52 488/891/52
f 483/892/53 487/888/53 488/891/53 491/893/53
f 484/894/54 488/895/54 489/896/54 485/897/54
f 485/898/55 489/899/55 490/900/55 486/901/55
f 487/902/56 483/903/56 486/904/56 490/905/56
f 492/906/51 493/907/51 494/908/51 495/909/51
f 496/910/52 499/911/52 498/912/52 497/913/52
f 492/914/53 496/910/53 497/913/53 500/915/53
f 493/916/54 497/913/54 498/917/54 494/918/54
f 494/919/55 498/920/55 499/921/55 495/922/55
f 496/910/56 492/914/56 495/922/56 499/921/56
f 501/923/51 502/924/51 503/925/51 504/926/51
f 505/927/52 508/928/52 507/929/52 506/930/52
f 501/931/57 505/927/57 506/930/57 509/932/57
f 502/933/58 506/934/58 507/935/58 503/936/58
f 503/937/59 507/938/59 508/939/59 504/940/59
f 505/941/60 501/942/60 504/943/60 508/944/60
f 510/945/51 511/946/51 512/947/51 513/948/51
f 514/949/52 517/950/52 516/951/52 515/952/52
f 510/953/57 514/949/57 515/952/57 518/954/57
f 511/955/58 515/952/58 516/956/58 512/957/58
f 512/958/59 516/959/59 517/960/59 513/961/59
f 514/949/60 510/953/60 513/961/60 517/960/60
f 519/962/1 520/963/1 521/964/1 522/965/1
f 523/966/2 526/967/2 525/968/2 524/969/2
f 519/970/3 523/966/3 524/969/3 527/971/3
f 520/972/4 524/973/4 525/974/4 521/975/4
f 521/976/5 525/977/5 526/978/5 522/979/5
f 523/980/6 519/981/6 522/982/6 526/983/6
f 528/984/1 529/985/1 530/986/1 531/987/1
f 532/988/2 535/989/2 534/990/2 533/991/2
f 528/992/3 532/988/3 533/991/3 536/993/3
f 529/994/4 533/995/4 534/996/4 530/997/4
f 530/998/5 534/999/5 535/1000/5 531/1001/5
f 532/1002/6 528/1003/6 531/1004/6 535/1005/6
f 537/1006/1 538/1007/1 539/1008/1 540/1009/1
f 541/1010/2 544/1011/2 543/1012/2 542/1013/2
f 537/1014/3 541/1010/3 542/1013/3 545/1015/3
f 538/1016/4 542/1013/4 543/1017/4 539/1018/4
f 539/1019/5 543/1020/5 544/1021/5 540/1022/5
f 541/1010/6 537/1014/6 540/1022/6 544/1021/6
f 546/1023/1 547/1024/1 548/1025/1 549/1026/1
f 550/1027/2 553/1028/2 552/1029/2 551/1030/2
f 546/1031/3 550/1027/3 551/1030/3 554/1032/3
f 547/1033/4 551/1030/4 552/1034/4 548/1035/4
f 548/1036/5 552/1037/5 553/1038/5 549/1039/5
f 550/1027/6 546/1031/6 549/1039/6 553/1038/6
f 555/1040/1 556/1041/1 557/1042/1 558/1043/1
f 559/1044/2 562/1045/2 561/1046/2 560/1047/2
f 555/1048/3 559/1044/3 560/1047/3 563/1049/3
f 556/1050/4 560/1047/4 561/1051/4 557/1052/4
f 557/1053/5 561/1054/5 562/1055/5 558/1056/5
f 559/1044/6 555/1048/6 558/1056/6 562/1055/6
f 564/1057/1 565/1058/1 566/1059/1 567/1060/1
f 568/1061/2 571/1062/2 570/1063/2 569/1064/2
f 564/1065/3 568/1061/3 569/1064/3 572/1066/3
f 565/1067/4 569/1064/4 570/1068/4 566/1069/4
f 566/1070/5 570/1071/5 571/1072/5 567/1073/5
f 568/1061/6 564/1065/6 567/1073/6 571/1072/6
f 573/1074/1 574/1075/1 575/1076/1 576/1077/1
f 577/1078/2 580/1079/2 579/1080/2 578/1081/2
f 573/1082/3 577/1078/3 578/1081/3 581/1083/3
f 574/1084/4 578/1085/4 579/1086/4 575/1087/4
f 575/1088/5 579/1089/5 580/1090/5 576/1091/5
f 577/1092/6 573/1093/6 576/1094/6 580/1095/6
f 582/1096/1 583/1097/1 584/1098/1 585/1099/1
f 586/1100/2 589/1101/2 588/1102/2 587/1103/2
f 582/1104/3 586/1100/3 587/1103/3 590/1105/3
f 583/1106/4 587/1103/4 588/1107/4 584/1108/4
f 584/1109/5 588/1110/5 589/1111/5 585/1112/5
f 586/1100/6 582/1104/6 585/1112/6 589/1111/6
f 591/1113/1 592/1114/1 593/1115/1 594/1116/1
f 595/1117/2 598/1118/2 597/1119/2 596/1120/2
f 591/1121/3 595/1117/3 596/1120/3 599/1122/3
f 592/1123/4 596/1124/4 597/1125/4 593/1126/4
f 593/1127/5 597/1128/5 598/1129/5 594/1130/5
f 595/1131/6 591/1132/6 594/1133/6 598/1134/6
f 600/1135/1 601/1136/1 602/1137/1 603/1138/1
f 604/1139/2 607/1140/2 606/1141/2 605/1142/2
f 600/1143/3 604/1139/3 605/1142/3 608/1144/3
f 601/1145/4 605/1142/4 606/1146/4 602/1147/4
f 602/1148/5 606/1149/5 607/1150/5 603/1151/5
f 604/1139/6 600/1143/6 603/1151/6 607/1150/6
f 609/1152/1 610/1153/1 611/1154/1 612/1155/1
f 613/1156/2 616/1157/2 615/1158/2 614/1159/2
f 609/1160/3 613/1156/3 614/1159/3 617/1161/3
f 610/1162/4 614/1163/4 615/1164/4 611/1165/4
f 611/1166/5 615/1167/5 616/1168/5 612/1169/5
f 613/1170/6 609/1171/6 612/1172/6 616/1173/6
f 618/1174/1 619/1175/1 620/1176/1 621/1177/1
f 622/1178/2 625/1179/2 624/1180/2 623/1181/2
f 618/1182/3 622/1178/3 623/1181/3 626/1183/3
f 619/1184/4 623/1181/4 624/1185/4 620/1186/4
f 620/1187/5 624/1188/5 625/1189/5 621/1190/5
f 622/1178/6 618/1182/6 621/1190/6 625/1189/6
f 627/1191/1 628/1192/1 629/1193/1 630/1194/1
f 631/1195/2 634/1196/2 633/1197/2 632/1198/2
f 627/1199/3 631/1195/3 632/1198/3 635/1200/3
f 628/1201/4 632/1202/4 633/1203/4 629/1204/4
f 629/1205/5 633/1206/5 634/1207/5 630/1208/5
f 631/1209/6 627/1210/6 630/1211/6 634/1212/6
f 636/1213/1 637/1214/1 638/1215/1 639/1216/1
f 640/1217/2 643/1218/2 642/1219/2 641/1220/2
f 636/1221/3 640/1217/3 641/1220/3 644/1222/3
f 637/1223/4 641/1220/4 642/1224/4 638/1225/4
f 638/1226/5 642/1227/5 643/1228/5 639/1229/5
f 640/1217/6 636/1221/6 639/1229/6 643/1228/6
f 645/1230/1 646/1231/1 647/1232/1 648/1233/1
f 649/1234/2 652/1235/2 651/1236/2 650/1237/2
f 645/1238/3 649/1234/3 650/1237/3 653/1239/3
f 646/1240/4 650/1241/4 651/1242/4 647/1243/4
f 647/1244/5 651/1245/5 652/1246/5 648/1247/5
f 649/1248/6 645/1249/6 648/1250/6 652/1251/6
f 654/1252/1 655/1253/1 656/1254/1 657/1255/1
f 658/1256/2 661/1257/2 660/1258/2 659/1259/2
f 654/1260/3 658/1256/3 659/1259/3 662/1261/3
f 655/1262/4 659/1259/4 660/1263/4 656/1264/4
f 656/1265/5 660/1266/5 661/1267/5 657/1268/5
f 658/1256/6 654/1260/6 657/1268/6 661/1267/6
f 663/1269/1 664/1270/1 665/1271/1 666/1272/1
f 667/1273/2 670/1274/2 669/1275/2 668/1276/2
f 663/1277/3 667/1273/3 668/1276/3 671/1278/3
f 664/1279/4 668/1280/4 669/1281/4 665/1282/4
f 665/1283/5 669/1284/5 670/1285/5 666/1286/5
f 667/1287/6 663/1288/6 666/1289/6 670/1290/6
f 672/1291/1 673/1292/1 674/1293/1 675/1294/1
f 676/1295/2 679/1296/2 678/1297/2 677/1298/2
f 672/1299/3 676/1295/3 677/1298/3 680/1300/3
f 673/1301/4 677/1298/4 678/1302/4 674/1303/4
f 674/1304/5 678/1305/5 679/1306/5 675/1307/5
f 676/1295/6 672/1299/6 675/1307/6 679/1306/6
f 681/1308/1 682/1309/1 683/1310/1 684/1311/1
f 685/1312/2 688/1313/2 687/1314/2 686/1315/2
f 681/1316/3 685/1312/3 686/1315/3 689/1317/3
f 682/1318/4 686/1319/4 687/1320/4 683/1321/4
f 683/1322/5 687/1323/5 688/1324/5 684/1325/5
f 685/1326/6 681/1327/6 684/1328/6 688/1329/6
f 690/1330/1 691/1331/1 692/1332/1 693/1333/1
f 694/1334/2 697/1335/2 696/1336/2 695/1337/2
f 690/1338/3 694/1334/3 695/1337/3 698/1339/3
f 691/1340/4 695/1337/4 696/1341/4 692/1342/4
f 692/1343/5 696/1344/5 697/1345/5 693/1346/5
f 694/1334/6 690/1338/6 693/1346/6 697/1345/6
f 699/1347/1 700/1348/1 701/1349/1 702/1350/1
f 703/1351/2 706/1352/2 705/1353/2 704/1354/2
f 699/1355/3 703/1351/3 704/1354/3 707/1356/3
f 700/1357/4 704/1358/4 705/1359/4 701/1360/4
f 701/1361/5 705/1362/5 706/1363/5 702/1364/5
f 703/1365/6 699/1366/6 702/1367/6 706/1368/6
f 708/1369/1 709/1370/1 710/1371/1 711/1372/1
f 712/1373/2 715/1374/2 714/1375/2 713/1376/2
f 708/1377/3 712/1373/3 713/1376/3 716/1378/3
f 709/1379/4 713/1376/4 714/1380/4 710/1381/4
f 710/1382/5 714/1383/5 715/1384/5 711/1385/5
f 712/1373/6 708/1377/6 711/1385/6 715/1384/6
f 717/1386/1 718/1387/1 719/1388/1 720/1389/1
f 721/1390/2 724/1391/2 723/1392/2 722/1393/2
f 717/1394/3 721/1390/3 722/1393/3 725/1395/3
f 718/1396/4 722/1397/4 723/1398/4 719/1399/4
f 719/1400/5 723/1401/5 724/1402/5 720/1403/5
f 721/1404/6 717/1405/6 720/1406/6 724/1407/6
f 726/1408/1 727/1409/1 728/1410/1 729/1411/1
f 730/1412/2 733/1413/2 732/1414/2 731/1415/2
f 726/1416/3 730/1412/3 731/1415/3 734/1417/3
f 727/1418/4 731/1415/4 732/1419/4 728/1420/4
f 728/1421/5 732/1422/5 733/1423/5 729/1424/5
f 730/1412/6 726/1416/6 729/1424/6 733/1423/6
f 735/1425/1 736/1426/1 737/1427/1 738/1428/1
f 739/1429/2 742/1430/2 741/1431/2 740/1432/2
f 735/1433/3 739/1429/3 740/1432/3 743/1434/3
f 736/1435/4 740/1436/4 741/1437/4 737/1438/4
f 737/1439/5 741/1440/5 742/1441/5 738/1442/5
f 739/1443/6 735/1444/6 738/1445/6 742/1446/6
f 744/1447/1 745/1448/1 746/1449/1 747/1450/1
f 748/1451/2 751/1452/2 750/1453/2 749/1454/2
f 744/1455/3 748/1451/3 749/1454/3 752/1456/3
f 745/1457/4 749/1454/4 750/1458/4 746/1459/4
f 746/1460/5 750/1461/5 751/1462/5 747/1463/5
f 748/1451/6 744/1455/6 747/1463/6 751/1462/6
f 753/1464/1 754/1465/1 755/1466/1 756/1467/1
f 757/1468/2 760/1469/2 759/1470/2 758/1471/2
f 753/1472/3 757/1468/3 758/1471/3 761/1473/3
f 754/1474/4 758/1475/4 759/1476/4 755/1477/4
f 755/1478/5 759/1479/5 760/1480/5 756/1481/5
f 757/1482/6 753/1483/6 756/1484/6 760/1485/6
f 762/1486/1 763/1487/1 764/1488/1 765/1489/1
f 766/1490/2 769/1491/2 768/1492/2 767/1493/2
f 762/1494/3 766/1490/3 767/1493/3 770/1495/3
f 763/1496/4 767/1493/4 768/1497/4 764/1498/4
f 764/1499/5 768/1500/5 769/1501/5 765/1502/5
f 766/1490/6 762/1494/6 765/1502/6 769/1501/6
f 771/1503/1 772/1504/1 773/1505/1 774/1506/1
f 775/1507/2 778/1508/2 777/1509/2 776/1510/2
f 771/1511/3 775/1507/3 776/1510/3 779/1512/3
f 772/1513/4 776/1514/4 777/1515/4 773/1516/4
f 773/1517/5 777/1518/5 778/1519/5 774/1520/5
f 775/1521/6 771/1522/6 774/1523/6 778/1524/6
f 780/1525/1 781/1526/1 782/1527/1 783/1528/1
f 784/1529/2 787/1530/2 786/1531/2 785/1532/2
f 780/1533/3 784/1529/3 785/1532/3 788/1534/3
f 781/1535/4 785/1532/4 786/1536/4 782/1537/4
f 782/1538/5 786/1539/5 787/1540/5 783/1541/5
f 784/1529/6 780/1533/6 783/1541/6 787/1540/6
f 789/1542/61 790/1543/61 791/1544/61 792/1545/61
f 793/1546/62 796/1547/62 795/1548/62 794/1549/62
f 789/1550/3 793/1546/3 794/1549/3 797/1551/3
f 790/1552/63 794/1549/63 795/1553/63 791/1554/63
f 791/1555/5 795/1556/5 796/1557/5 792/1558/5
f 793/1546/64 789/1550/64 792/1558/64 796/1557/64
f 798/1559/61 799/1560/61 800/1561/61 801/1562/61
f 802/1563/62 805/1564/62 804/1565/62 803/1566/62
f 798/1559/3 802/1567/3 803/1568/3 806/1569/3
f 799/1570/63 803/1571/63 804/1565/63 800/1572/63
f 800/1573/5 804/1574/5 805/1575/5 801/1576/5
f 802/1577/64 798/1578/64 801/1579/64 805/1564/64
f 807/1580/61 808/1581/61 809/1582/61 810/1583/61
f 811/1584/62 814/1585/62 813/1586/62 812/1587/62
f 807/1580/3 811/1588/3 812/1589/3 815/1590/3
f 808/1591/63 812/1592/63 813/1586/63 809/1593/63
f 809/1594/5 813/1595/5 814/1596/5 810/1597/5
f 811/1598/64 807/1599/64 810/1600/64 814/1585/64
f 816/1601/61 817/1602/61 818/1603/61 819/1604/61
f 820/1605/62 823/1606/62 822/1607/62 821/1608/62
f 816/1601/3 820/1609/3 821/1610/3 824/1611/3
f 817/1612/63 821/1613/63 822/1607/63 818/1614/63
f 818/1615/5 822/1616/5 823/1617/5 819/1618/5
f 820/1619/64 816/1620/64 819/1621/64 823/1606/64
f 825/1622/61 826/1623/61 827/1624/61 828/1625/61
f 829/1626/62 832/1627/62 831/1628/62 830/1629/62
f 825/1622/3 829/1630/3 830/1631/3 833/1632/3
f 826/1633/63 830/1634/63 831/1628/63 827/1635/63
f 827/1636/5 831/1637/5 832/1638/5 828/1639/5
f 829/1640/64 825/1641/64 828/1642/64 832/1627/64
f 834/1643/61 835/1644/61 836/1645/61 837/1646/61
f 838/1647/62 841/1648/62 840/1649/62 839/1650/62
f 834/1643/3 838/1651/3 839/1652/3 842/1653/3
f 835/1654/63 839/1655/63 840/1649/63 836/1656/63
f 836/1657/5 840/1658/5 841/1659/5 837/1660/5
f 838/1661/64 834/1662/64 837/1663/64 841/1648/64
f 843/1664/61 844/1665/61 845/1666/61 846/1667/61
f 847/1668/62 850/1669/62 849/1670/62 848/1671/62
f 843/1664/3 847/1672/3 848/1673/3 851/1674/3
f 844/1675/63 848/1676/63 849/1670/63 845/1677/63
f 845/1678/5 849/1679/5 850/1680/5 846/1681/5
f 847/1682/64 843/1683/64 846/1684/64 850/1669/64
f 852/1685/61 853/1686/61 854/1687/61 855/1688/61
f 856/1689/62 859/1690/62 858/1691/62 857/1692/62
f 852/1685/3 856/1693/3 857/1694/3 860/1695/3
f 853/1696/63 857/1697/63 858/1691/63 854/1698/63
f 854/1699/5 858/1700/5 859/1701/5 855/1702/5
f 856/1703/64 852/1704/64 855/1705/64 859/1690/64
f 861/1706/61 862/1707/61 863/1708/61 864/1709/61
f 865/1710/62 868/1711/62 867/1712/62 866/1713/62
f 861/1706/3 865/1714/3 866/1715/3 869/1716/3
f 862/1717/63 866/1718/63 867/1712/63 863/1719/63
f 863/1720/5 867/1721/5 868/1722/5 864/1723/5
f 865/1724/64 861/1725/64 864/1726/64 868/1711/64
f 870/1727/61 871/1728/61 872/1729/61 873/1730/61
f 874/1731/62 877/1732/62 876/1733/62 875/1734/62
f 870/1727/3 874/1735/3 875/1736/3 878/1737/3
f 871/1738/63 875/1739/63 876/1733/63 872/1740/63
f 872/1741/5 876/1742/5 877/1743/5 879/1744/5
f 874/1745/64 870/1746/64 873/1747/64 877/1732/64
f 880/1748/61 881/1749/61 882/1750/61 883/1751/61
f 884/1752/62 887/1753/62 886/1754/62 885/1755/62
f 880/1748/3 884/1756/3 885/1757/3 888/1758/3
f 881/1759/63 885/1760/63 886/1754/63 882/1761/63
f 882/1762/5 886/1763/5 887/1764/5 889/1765/5
f 884/1766/64 880/1767/64 883/1768/64 887/1753/64
f 890/1769/61 891/1770/61 892/1771/61 893/1772/61
f 894/1773/62 897/1774/62 896/1775/62 895/1776/62
f 890/1769/3 894/1777/3 895/1778/3 898/1779/3
f 891/1780/63 895/1781/63 896/1775/63 892/1782/63
f 892/1783/5 896/1784/5 897/1785/5 899/1786/5
f 894/1787/64 890/1788/64 893/1789/64 897/1774/64
f 900/1790/61 901/1791/61 902/1792/61 903/1793/61
f 904/1794/62 907/1795/62 906/1796/62 905/1797/62
f 900/1790/3 904/1798/3 905/1799/3 908/1800/3
f 901/1801/63 905/1802/63 906/1796/63 902/1803/63
f 902/1804/5 906/1805/5 907/1806/5 909/1807/5
f 904/1808/64 900/1809/64 903/1810/64 907/1795/64
f 910/1811/61 911/1812/61 912/1813/61 913/1814/61
f 914/1815/62 917/1816/62 916/1817/62 915/1818/62
f 910/1811/3 914/1819/3 915/1820/3 918/1821/3
f 911/1822/63 915/1823/63 916/1817/63 912/1824/63
f 912/1825/5 916/1826/5 917/1827/5 919/1828/5
f 914/1829/64 910/1830/64 913/1831/64 917/1816/64
f 920/1832/61 921/1833/61 922/1834/61 923/1835/61
f 924/1836/62 927/1837/62 926/1838/62 925/1839/62
f 920/1832/3 924/1840/3 925/1841/3 928/1842/3
f 921/1843/63 925/1844/63 926/1838/63 922/1845/63
f 922/1846/5 926/1847/5 927/1848/5 923/1849/5
f 924/1850/64 920/1851/64 923/1852/64 927/1837/64
f 929/1853/61 930/1854/61 931/1855/61 932/1856/61
f 933/1857/62 936/1858/62 935/1859/62 934/1860/62
f 929/1853/3 933/1861/3 934/1862/3 937/1863/3
f 930/1864/63 934/1865/63 935/1859/63 931/1866/63
f 931/1867/5 935/1868/5 936/1869/5 932/1870/5
f 933/1871/64 929/1872/64 932/1873/64 936/1858/64
f 938/1874/61 939/1875/61 940/1876/61 941/1877/61
f 942/1878/62 945/1879/62 944/1880/62 943/1881/62
f 938/1874/3 942/1882/3 943/1883/3 946/1884/3
f 939/1885/63 943/1886/63 944/1880/63 940/1887/63
f 940/1888/5 944/1889/5 945/1890/5 941/1891/5
f 942/1892/64 938/1893/64 941/1894/64 945/1879/64
f 947/1895/61 948/1896/61 949/1897/61 950/1898/61
f 951/1899/62 954/1900/62 953/1901/62 952/1902/62
f 947/1895/3 951/1903/3 952/1904/3 955/1905/3
f 948/1906/63 952/1907/63 953/1901/63 949/1908/63
f 949/1909/5 953/1910/5 954/1911/5 950/1912/5
f 951/1913/64 947/1914/64 950/1915/64 954/1900/64
f 956/1916/61 957/1917/61 958/1918/61 959/1919/61
f 960/1920/62 963/1921/62 962/1922/62 961/1923/62
f 956/1916/3 960/1924/3 961/1925/3 964/1926/3
f 957/1927/63 961/1928/63 962/1922/63 958/1929/63
f 958/1930/5 962/1931/5 963/1932/5 959/1933/5
f 960/1934/64 956/1935/64 959/1936/64 963/1921/64
f 965/1937/61 966/1938/61 967/1939/61 968/1940/61
f 969/1941/62 972/1942/62 971/1943/62 970/1944/62
f 965/1937/3 969/1945/3 970/1946/3 973/1947/3
f 966/1948/63 970/1949/63 971/1943/63 967/1950/63
f 967/1951/5 971/1952/5 972/1953/5 968/1954/5
f 969/1955/64 965/1956/64 968/1957/64 972/1942/64
f 974/1958/61 975/1959/61 976/1960/61 977/1961/61
f 978/1962/62 981/1963/62 980/1964/62 979/1965/62
f 974/1958/3 978/1966/3 979/1967/3 982/1968/3
f 975/1969/63 979/1970/63 980/1964/63 976/1971/63
f 976/1972/5 980/1973/5 981/1974/5 977/1975/5
f 978/1976/64 974/1977/64 977/1978/64 981/1963/64
f 983/1979/61 984/1980/61 985/1981/61 986/1982/61
f 987/1983/62 990/1984/62 989/1985/62 988/1986/62
f 983/1979/3 987/1987/3 988/1988/3 991/1989/3
f 984/1990/63 988/1991/63 989/1985/63 985/1992/63
f 985/1993/5 989/1994/5 990/1995/5 986/1996/5
f 987/1997/64 983/1998/64 986/1999/64 990/1984/64
f 992/2000/61 993/2001/61 994/2002/61 995/2003/61
f 996/2004/62 999/2005/62 998/2006/62 997/2007/62
f 992/2000/3 996/2008/3 997/2009/3 1000/2010/3
f 993/2011/63 997/2012/63 998/2006/63 994/2013/63
f 994/2014/5 998/2015/5 999/2016/5 995/2017/5
f 996/2018/64 992/2019/64 995/2020/64 999/2005/64
f 1001/2021/61 1002/2022/61 1003/2023/61 1004/2024/61
f 1005/2025/62 1008/2026/62 1007/2027/62 1006/2028/62
f 1001/2021/3 1005/2029/3 1006/2030/3 1009/2031/3
f 1002/2032/63 1006/2033/63 1007/2027/63 1003/2023/63
f 1003/2034/5 1007/2035/5 1008/2036/5 1004/2037/5
f 1005/2038/64 1001/2039/64 1004/2040/64 1008/2026/64
f 1010/2041/61 1011/2042/61 1012/2043/61 1013/2044/61
f 1014/2045/62 1017/2046/62 1016/2047/62 1015/2048/62
f 1010/2041/3 1014/2049/3 1015/2050/3 1018/2051/3
f 1011/2052/63 1015/2053/63 1016/2047/63 1012/2054/63
f 1012/2055/5 1016/2056/5 1017/2057/5 1013/2058/5
f 1014/2059/64 1010/2060/64 1013/2061/64 1017/2046/64
f 1019/2062/61 1020/2063/61 1021/2064/61 1022/2065/61
f 1023/2066/62 1026/2067/62 1025/2068/62 1024/2069/62
f 1019/2062/3 1023/2070/3 1024/2071/3 1027/2072/3
f 1020/2073/63 1024/2074/63 1025/2068/63 1021/2075/63
f 1021/2076/5 1025/2077/5 1026/2078/5 1022/2079/5
f 1023/2080/64 1019/2081/64 1022/2082/64 1026/2067/64
f 1028/2083/61 1029/2084/61 1030/2085/61 1031/2086/61
f 1032/2087/62 1035/2088/62 1034/2089/62 1033/2090/62
f 1028/2083/3 1032/2091/3 1033/2092/3 1036/2093/3
f 1029/2094/63 1033/2095/63 1034/2089/63 1030/2096/63
f 1030/2097/5 1034/2098/5 1035/2099/5 1031/2100/5
f 1032/2101/64 1028/2102/64 1031/2103/64 1035/2088/64
f 1037/2104/61 1038/2105/61 1039/2106/61 1040/2107/61
f 1041/2108/62 1044/2109/62 1043/2110/62 1042/2111/62
f 1037/2104/3 1041/2112/3 1042/2113/3 1045/2114/3
f 1038/2115/63 1042/2116/63 1043/2110/63 1039/2117/63
f 1039/2118/5 1043/2119/5 1044/2120/5 1040/2121/5
f 1041/2122/64 1037/2123/64 1040/2124/64 1044/2109/64
f 1046/2125/61 1047/2126/61 1048/2127/61 1049/2128/61
f 1050/2129/62 1053/2130/62 1052/2131/62 1051/2132/62
f 1046/2125/3 1050/2133/3 1051/2134/3 1054/2135/3
f 1047/2136/63 1051/2137/63 1052/2131/63 1048/2138/63
f 1048/2139/5 1052/2140/5 1053/2141/5 1049/2142/5
f 1050/2143/64 1046/2144/64 1049/2145/64 1053/2130/64
f 1055/2146/61 1056/2147/61 1057/2148/61 1058/2149/61
f 1059/2150/62 1062/2151/62 1061/2152/62 1060/2153/62
f 1055/2146/3 1059/2154/3 1060/2155/3 1063/2156/3
f 1056/2157/63 1060/2158/63 1061/2152/63 1057/2159/63
f 1057/2160/5 1061/2161/5 1062/2162/5 1058/2163/5
f 1059/2164/64 1055/2165/64 1058/2166/64 1062/2151/64
f 1064/2167/61 1065/2168/61 1066/2169/61 1067/2170/61
f 1068/2171/62 1071/2172/62 1070/2173/62 1069/2174/62
f 1064/2167/3 1068/2175/3 1069/2176/3 1072/2177/3
f 1065/2178/63 1069/2179/63 1070/2173/63 1066/2180/63
f 1066/2181/5 1070/2182/5 1071/2183/5 1067/2184/5
f 1068/2185/64 1064/2186/64 1067/2187/64 1071/2172/64
f 1073/2188/61 1074/2189/61 1075/2190/61 1076/2191/61
f 1077/2192/62 1080/2193/62 1079/2194/62 1078/2195/62
f 1073/2188/3 1077/2196/3 1078/2197/3 1081/2198/3
f 1074/2199/63 1078/2200/63 1079/2194/63 1075/2201/63
f 1075/2202/5 1079/2203/5 1080/2204/5 1076/2205/5
f 1077/2206/64 1073/2207/64 1076/2208/64 1080/2193/64
f 1082/2209/61 1083/2210/61 1084/2211/61 1085/2212/61
f 1086/2213/62 1089/2214/62 1088/2215/62 1087/2216/62
f 1082/2209/3 1086/2217/3 1087/2218/3 1090/2219/3
f 1083/2220/63 1087/2221/63 1088/2215/63 1084/2222/63
f 1084/2223/5 1088/2224/5 1089/2225/5 1085/2226/5
f 1086/2227/64 1082/2228/64 1085/2229/64 1089/2214/64
f 1091/2230/61 1092/2231/61 1093/2232/61 1094/2233/61
f 1095/2234/62 1098/2235/62 1097/2236/62 1096/2237/62
f 1091/2230/3 1095/2238/3 1096/2239/3 1099/2240/3
f 1092/2241/63 1096/2242/63 1097/2236/63 1093/2243/63
f 1093/2244/5 1097/2245/5 1098/2246/5 1094/2247/5
f 1095/2248/64 1091/2249/64 1094/2250/64 1098/2235/64
f 1100/2251/61 1101/2252/61 1102/2253/61 1103/2254/61
f 1104/2255/62 1107/2256/62 1106/2257/62 1105/2258/62
f 1100/2251/3 1104/2259/3 1105/2260/3 1108/2261/3
f 1101/2262/63 1105/2263/63 1106/2257/63 1102/2264/63
f 1102/2265/5 1106/2266/5 1107/2267/5 1103/2268/5
f 1104/2269/64 1100/2270/64 1103/2271/64 1107/2256/64
f 1109/2272/61 1110/2273/61 1111/2274/61 1112/2275/61
f 1113/2276/62 1116/2277/62 1115/2278/62 1114/2279/62
f 1109/2272/3 1113/2280/3 1114/2281/3 1117/2282/3
f 1110/2283/63 1114/2284/63 1115/2278/63 1111/2285/63
f 1111/2286/5 1115/2287/5 1116/2288/5 1112/2289/5
f 1113/2290/64 1109/2291/64 1112/2292/64 1116/2277/64
f 1118/2293/61 1119/2294/61 1120/2295/61 1121/2296/61
f 1122/2297/62 1125/2298/62 1124/2299/62 1123/2300/62
f 1118/2293/3 1122/2301/3 1123/2302/3 1126/2303/3
f 1119/2304/63 1123/2305/63 1124/2299/63 1120/2306/63
f 1120/2307/5 1124/2308/5 1125/2309/5 1121/2310/5
f 1122/2311/64 1118/2312/64 1121/2313/64 1125/2298/64
f 1127/2314/61 1128/2315/61 1129/2316/61 1130/2317/61
f 1131/2318/62 1134/2319/62 1133/2320/62 1132/2321/62
f 1127/2314/3 1131/2322/3 1132/2323/3 1135/2324/3
f 1128/2325/63 1132/2326/63 1133/2320/63 1129/2327/63
f 1129/2328/5 1133/2329/5 1134/2330/5 1130/2331/5
f 1131/2332/64 1127/2333/64 1130/2334/64 1134/2319/64
f 1136/2335/61 1137/2336/61 1138/2337/61 1139/2338/61
f 1140/2339/62 1143/2340/62 1142/2341/62 1141/2342/62
f 1136/2335/3 1140/2343/3 1141/2344/3 1144/2345/3
f 1137/2346/63 1141/2347/63 1142/2341/63 1138/2348/63
f 1138/2349/5 1142/2350/5 1143/2351/5 1139/2352/5
f 1140/2353/64 1136/2354/64 1139/2355/64 1143/2340/64
f 1145/2356/61 1146/2357/61 1147/2358/61 1148/2359/61
f 1149/2360/62 1152/2361/62 1151/2362/62 1150/2363/62
f 1145/2364/3 1149/2365/3 1150/2366/3 1153/2367/3
f 1146/2368/63 1150/2369/63 1151/2362/63 1147/2370/63
f 1147/2371/5 1151/2372/5 1152/2373/5 1148/2374/5
f 1149/2375/64 1145/2356/64 1148/2376/64 1152/2361/64
f 1154/2377/61 1155/2378/61 1156/2379/61 1157/2380/61
f 1158/2381/62 1161/2382/62 1160/2383/62 1159/2384/62
f 1154/2385/3 1158/2386/3 1159/2387/3 1162/2388/3
f 1155/2378/63 1159/2389/63 1160/2383/63 1156/2390/63
f 1156/2391/5 1160/2392/5 1161/2393/5 1157/2394/5
f 1158/2395/64 1154/2377/64 1157/2396/64 1161/2382/64
f 1163/2397/61 1164/2398/61 1165/2399/61 1166/2400/61
f 1167/2401/62 1170/2402/62 1169/2403/62 1168/2404/62
f 1163/2405/3 1167/2406/3 1168/2407/3 1171/2408/3
f 1164/2398/63 1168/2409/63 1169/2403/63 1165/2410/63
f 1165/2411/5 1169/2412/5 1170/2413/5 1166/2414/5
f 1167/2415/64 1163/2397/64 1166/2416/64 1170/2402/64
f 1172/2417/61 1173/2418/61 1174/2419/61 1175/2420/61
f 1176/2421/62 1179/2422/62 1178/2423/62 1177/2424/62
f 1172/2425/3 1176/2426/3 1177/2427/3 1180/2428/3
f 1173/2418/63 1177/2429/63 1178/2423/63 1174/2430/63
f 1174/2431/5 1178/2432/5 1179/2433/5 1175/2434/5
f 1176/2435/64 1172/2417/64 1175/2436/64 1179/2422/64
f 1181/2437/61 1182/2438/61 1183/2439/61 1184/2440/61
f 1185/2441/62 1188/2442/62 1187/2443/62 1186/2444/62
f 1181/2445/3 1185/2446/3 1186/2447/3 1189/2448/3
f 1182/2438/63 1186/2449/63 1187/2443/63 1183/2450/63
f 1183/2451/5 1187/2452/5 1188/2453/5 1184/2454/5
f 1185/2455/64 1181/2437/64 1184/2456/64 1188/2442/64
f 1190/2457/61 1191/2458/61 1192/2459/61 1193/2460/61
f 1194/2461/62 1197/2462/62 1196/2463/62 1195/2464/62
f 1190/2465/3 1194/2466/3 1195/2467/3 1198/2468/3
f 1191/2458/63 1195/2469/63 1196/2463/63 1192/2470/63
f 1192/2471/5 1196/2472/5 1197/2473/5 1193/2474/5
f 1194/2475/64 1190/2457/64 1193/2476/64 1197/2462/64
f 1199/2477/61 1200/2478/61 1201/2479/61 1202/2480/61
f 1203/2481/62 1206/2482/62 1205/2483/62 1204/2484/62
f 1199/2485/3 1203/2486/3 1204/2487/3 1207/2488/3
f 1200/2478/63 1204/2489/63 1205/2483/63 1201/2490/63
f 1201/2491/5 1205/2492/5 1206/2493/5 1202/2494/5
f 1203/2495/64 1199/2477/64 1202/2496/64 1206/2482/64
f 1208/2497/61 1209/2498/61 1210/2499/61 1211/2500/61
f 1212/2501/62 1215/2502/62 1214/2503/62 1213/2504/62
f 1208/2505/3 1212/2506/3 1213/2507/3 1216/2508/3
f 1209/2498/63 1213/2509/63 1214/2503/63 1210/2510/63
f 1210/2511/5 1214/2512/5 1215/2513/5 1211/2514/5
f 1212/2515/64 1208/2497/64 1211/2516/64 1215/2502/64
f 1217/2517/61 1218/2518/61 1219/2519/61 1220/2520/61
f 1221/2521/62 1224/2522/62 1223/2523/62 1222/2524/62
f 1217/2525/3 1221/2526/3 1222/2527/3 1225/2528/3
f 1218/2518/63 1222/2529/63 1223/2523/63 1235/2530/63
f 1235/2531/5 1223/2532/5 1224/2533/5 1220/2534/5
f 1221/2535/64 1217/2517/64 1220/2536/64 1224/2522/64
f 1226/2537/61 1227/2538/61 1228/2539/61 1229/2540/61
f 1230/2541/62 1233/2542/62 1232/2543/62 1231/2544/62
f 1226/2545/3 1230/2546/3 1231/2547/3 1234/2548/3
f 1227/2538/63 1231/2549/63 1232/2543/63 1228/2550/63
f 1228/2551/5 1232/2552/5 1233/2553/5 1229/2554/5
f 1230/2555/64 1226/2537/64 1229/2556/64 1233/2542/64
f 1236/2557/61 1237/2558/61 1238/2559/61 1239/2560/61
f 1240/2561/62 1243/2562/62 1242/2563/62 1241/2564/62
f 1236/2565/3 1240/2566/3 1241/2567/3 1244/2568/3
f 1237/2558/63 1241/2569/63 1242/2563/63 1238/2570/63
f 1238/2571/5 1242/2572/5 1243/2573/5 1239/2574/5
f 1240/2575/64 1236/2557/64 1239/2576/64 1243/2562/64
f 1245/2577/61 1246/2578/61 1247/2579/61 1248/2580/61
f 1249/2581/62 1252/2582/62 1251/2583/62 1250/2584/62
f 1245/2585/3 1249/2586/3 1250/2587/3 1253/2588/3
f 1246/2578/63 1250/2589/63 1251/2583/63 1247/2590/63
f 1247/2591/5 1251/2592/5 1252/2593/5 1248/2594/5
f 1249/2595/64 1245/2577/64 1248/2596/64 1252/2582/64
f 1254/2597/61 1255/2598/61 1256/2599/61 1257/2600/61
f 1258/2601/62 1261/2602/62 1260/2603/62 1259/2604/62
f 1254/2605/3 1258/2606/3 1259/2607/3 1262/2608/3
f 1255/2598/63 1259/2609/63 1260/2603/63 1256/2610/63
f 1256/2611/5 1260/2612/5 1261/2613/5 1257/2614/5
f 1258/2615/64 1254/2597/64 1257/2616/64 1261/2602/64
f 1263/2617/61 1264/2618/61 1265/2619/61 1266/2620/61
f 1267/2621/62 1270/2622/62 1269/2623/62 1268/2624/62
f 1263/2625/3 1267/2626/3 1268/2627/3 1271/2628/3
f 1264/2618/63 1268/2629/63 1269/2623/63 1265/2630/63
f 1265/2631/5 1269/2632/5 1270/2633/5 1266/2634/5
f 1267/2635/64 1263/2617/64 1266/2636/64 1270/2622/64
f 1272/2637/61 1273/2638/61 1274/2639/61 1275/2640/61
f 1276/2641/62 1279/2642/62 1278/2643/62 1277/2644/62
f 1272/2645/3 1276/2646/3 1277/2647/3 1280/2648/3
f 1273/2638/63 1277/2649/63 1278/2643/63 1274/2650/63
f 1274/2651/5 1278/2652/5 1279/2653/5 1275/2654/5
f 1276/2655/64 1272/2637/64 1275/2656/64 1279/2642/64
f 1281/2657/61 1282/2658/61 1283/2659/61 1284/2660/61
f 1285/2661/62 1288/2662/62 1287/2663/62 1286/2664/62
f 1281/2665/3 1285/2666/3 1286/2667/3 1289/2668/3
f 1282/2658/63 1286/2669/63 1287/2663/63 1283/2670/63
f 1283/2671/5 1287/2672/5 1288/2673/5 1284/2674/5
f 1285/2675/64 1281/2657/64 1284/2676/64 1288/2662/64
f 1290/2677/61 1291/2678/61 1292/2679/61 1293/2680/61
f 1294/2681/62 1297/2682/62 1296/2683/62 1295/2684/62
f 1290/2685/3 1294/2686/3 1295/2687/3 1298/2688/3
f 1291/2678/63 1295/2689/63 1296/2683/63 1292/2690/63
f 1292/2691/5 1296/2692/5 1297/2693/5 1293/2694/5
f 1294/2695/64 1290/2677/64 1293/2696/64 1297/2682/64
f 1299/2697/61 1300/2698/61 1301/2699/61 1302/2700/61
f 1303/2701/62 1306/2702/62 1305/2703/62 1304/2704/62
f 1299/2705/3 1303/2706/3 1304/2707/3 1307/2708/3
f 1300/2698/63 1304/2709/63 1305/2703/63 1301/2710/63
f 1301/2711/5 1305/2712/5 1306/2713/5 1302/2714/5
f 1303/2715/64 1299/2697/64 1302/2716/64 1306/2702/64
f 1308/2717/61 1309/2718/61 1310/2719/61 1311/2720/61
f 1312/2721/62 1315/2722/62 1314/2723/62 1313/2724/62
f 1308/2725/3 1312/2726/3 1313/2727/3 1316/2728/3
f 1309/2718/63 1313/2729/63 1314/2723/63 1310/2730/63
f 1310/2731/5 1314/2732/5 1315/2733/5 1311/2734/5
f 1312/2735/64 1308/2717/64 1311/2736/64 1315/2722/64
f 1317/2737/61 1318/2738/61 1319/2739/61 1320/2740/61
f 1321/2741/62 1324/2742/62 1323/2743/62 1322/2744/62
f 1317/2745/3 1321/2746/3 1322/2747/3 1325/2748/3
f 1318/2738/63 1322/2749/63 1323/2743/63 1319/2750/63
f 1319/2751/5 1323/2752/5 1324/2753/5 1320/2754/5
f 1321/2755/64 1317/2737/64 1320/2756/64 1324/2742/64
f 1326/2757/61 1327/2758/61 1328/2759/61 1329/2760/61
f 1330/2761/62 1333/2762/62 1332/2763/62 1331/2764/62
f 1326/2765/3 1330/2766/3 1331/2767/3 1334/2768/3
f 1327/2758/63 1331/2769/63 1332/2763/63 1328/2770/63
f 1328/2771/5 1332/2772/5 1333/2773/5 1329/2774/5
f 1330/2775/64 1326/2757/64 1329/2776/64 1333/2762/64
f 1335/2777/61 1336/2778/61 1337/2779/61 1338/2780/61
f 1339/2781/62 1342/2782/62 1341/2783/62 1340/2784/62
f 1335/2785/3 1339/2786/3 1340/2787/3 1343/2788/3
f 1336/2778/63 1340/2789/63 1341/2783/63 1337/2790/63
f 1337/2791/5 1341/2792/5 1342/2793/5 1338/2794/5
f 1339/2795/64 1335/2777/64 1338/2796/64 1342/2782/64
f 1344/2797/61 1345/2798/61 1346/2799/61 1347/2800/61
f 1348/2801/62 1351/2802/62 1350/2803/62 1349/2804/62
f 1344/2805/3 1348/2806/3 1349/2807/3 1352/2808/3
f 1345/2798/63 1349/2809/63 1350/2803/63 1346/2810/63
f 1346/2811/5 1350/2812/5 1351/2813/5 1347/2814/5
f 1348/2815/64 1344/2797/64 1347/2816/64 1351/2802/64
f 1353/2817/61 1354/2818/61 1355/2819/61 1356/2820/61
f 1357/2821/62 1360/2822/62 1359/2823/62 1358/2824/62
f 1353/2825/3 1357/2826/3 1358/2827/3 1361/2828/3
f 1354/2818/63 1358/2829/63 1359/2823/63 1355/2830/63
f 1355/2831/5 1359/2832/5 1360/2833/5 1356/2834/5
f 1357/2835/64 1353/2817/64 1356/2836/64 1360/2822/64
f 1362/2837/61 1363/2838/61 1364/2839/61 1365/2840/61
f 1366/2841/62 1369/2842/62 1368/2843/62 1367/2844/62
f 1362/2845/3 1366/2846/3 1367/2847/3 1370/2848/3
f 1363/2838/63 1367/2849/63 1368/2843/63 1364/2850/63
f 1364/2851/5 1368/2852/5 1369/2853/5 1365/2854/5
f 1366/2855/64 1362/2837/64 1365/2856/64 1369/2842/64
f 1371/2857/61 1372/2858/61 1373/2859/61 1374/2860/61
f 1375/2861/62 1378/2862/62 1377/2863/62 1376/2864/62
f 1371/2865/3 1375/2866/3 1376/2867/3 1379/2868/3
f 1372/2858/63 1376/2869/63 1377/2863/63 1373/2870/63
f 1373/2871/5 1377/2872/5 1378/2873/5 1374/2874/5
f 1375/2875/64 1371/2857/64 1374/2876/64 1378/2862/64
f 1380/2877/61 1381/2878/61 1382/2879/61 1383/2880/61
f 1384/2881/62 1387/2882/62 1386/2883/62 1385/2884/62
f 1380/2885/3 1384/2886/3 1385/2887/3 1388/2888/3
f 1381/2878/63 1385/2889/63 1386/2883/63 1382/2890/63
f 1382/2891/5 1386/2892/5 1387/2893/5 1383/2894/5
f 1384/2895/64 1380/2877/64 1383/2896/64 1387/2882/64
f 1389/2897/61 1390/2898/61 1391/2899/61 1392/2900/61
f 1393/2901/62 1396/2902/62 1395/2903/62 1394/2904/62
f 1389/2905/3 1393/2906/3 1394/2907/3 1397/2908/3
f 1390/2898/63 1394/2909/63 1395/2903/63 1391/2910/63
f 1391/2911/5 1395/2912/5 1396/2913/5 1392/2914/5
f 1393/2915/64 1389/2897/64 1392/2916/64 1396/2902/64
f 1398/2917/61 1399/2918/61 1400/2919/61 1401/2920/61
f 1402/2921/62 1405/2922/62 1404/2923/62 1403/2924/62
f 1398/2925/3 1402/2926/3 1403/2927/3 1406/2928/3
f 1399/2918/63 1403/2929/63 1404/2923/63 1400/2930/63
f 1400/2931/5 1404/2932/5 1405/2933/5 1401/2934/5
f 1402/2935/64 1398/2917/64 1401/2936/64 1405/2922/64
f 1407/2937/61 1408/2938/61 1409/2939/61 1410/2940/61
f 1411/2941/62 1414/2942/62 1413/2943/62 1412/2944/62
f 1407/2945/3 1411/2946/3 1412/2947/3 1415/2948/3
f 1408/2938/63 1412/2949/63 1413/2943/63 1409/2950/63
f 1409/2951/5 1413/2952/5 1414/2953/5 1410/2954/5
f 1411/2955/64 1407/2937/64 1410/2956/64 1414/2942/64
f 1416/2957/61 1417/2958/61 1418/2959/61 1419/2960/61
f 1420/2961/62 1423/2962/62 1422/2963/62 1421/2964/62
f 1416/2965/3 1420/2966/3 1421/2967/3 1424/2968/3
f 1417/2958/63 1421/2969/63 1422/2963/63 1418/2970/63
f 1418/2971/5 1422/2972/5 1423/2973/5 1419/2974/5
f 1420/2975/64 1416/2957/64 1419/2976/64 1423/2962/64
f 1425/2977/61 1426/2978/61 1427/2979/61 1428/2980/61
f 1429/2981/62 1432/2982/62 1431/2983/62 1430/2984/62
f 1425/2985/3 1429/2986/3 1430/2987/3 1433/2988/3
f 1426/2978/63 1430/2989/63 1431/2983/63 1427/2990/63
f 1427/2991/5 1431/2992/5 1432/2993/5 1428/2994/5
f 1429/2995/64 1425/2977/64 1428/2996/64 1432/2982/64
f 1434/2997/61 1435/2998/61 1436/2999/61 1437/3000/61
f 1438/3001/62 1441/3002/62 1440/3003/62 1439/3004/62
f 1434/3005/3 1438/3006/3 1439/3007/3 1442/3008/3
f 1435/2998/63 1439/3009/63 1440/3003/63 1436/3010/63
f 1436/3011/5 1440/3012/5 1441/3013/5 1437/3014/5
f 1438/3015/64 1434/2997/64 1437/3016/64 1441/3002/64
f 1443/3017/61 1444/3018/61 1445/3019/61 1446/3020/61
f 1447/3021/62 1450/3022/62 1449/3023/62 1448/3024/62
f 1443/3025/3 1447/3026/3 1448/3027/3 1451/3028/3
f 1444/3018/63 1448/3029/63 1449/3023/63 1445/3030/63
f 1445/3031/5 1449/3032/5 1450/3033/5 1446/3034/5
f 1447/3035/64 1443/3017/64 1446/3036/64 1450/3022/64
f 1452/3037/61 1453/3038/61 1454/3039/61 1455/3040/61
f 1456/3041/62 1459/3042/62 1458/3043/62 1457/3044/62
f 1452/3045/3 1456/3046/3 1457/3047/3 1460/3048/3
f 1453/3038/63 1457/3049/63 1458/3043/63 1454/3050/63
f 1454/3051/5 1458/3052/5 1459/3053/5 1455/3054/5
f 1456/3055/64 1452/3037/64 1455/3056/64 1459/3042/64
f 1461/3057/61 1462/3058/61 1463/3059/61 1464/3060/61
f 1465/3061/62 1468/3062/62 1467/3063/62 1466/3064/62
f 1461/3065/3 1465/3066/3 1466/3067/3 1469/3068/3
f 1462/3058/63 1466/3069/63 1467/3063/63 1463/3070/63
f 1463/3071/5 1467/3072/5 1468/3073/5 1464/3074/5
f 1465/3075/64 1461/3057/64 1464/3076/64 1468/3062/64
f 1470/3077/61 1471/3078/61 1472/3079/61 1473/3080/61
f 1474/3081/62 1477/3082/62 1476/3083/62 1475/3084/62
f 1470/3085/3 1474/3086/3 1475/3087/3 1478/3088/3
f 1471/3078/63 1475/3089/63 1476/3083/63 1472/3090/63
f 1472/3091/5 1476/3092/5 1477/3093/5 1473/3094/5
f 1474/3095/64 1470/3077/64 1473/3096/64 1477/3082/64
f 1479/3097/61 1480/3098/61 1481/3099/61 1482/3100/61
f 1483/3101/62 1486/3102/62 1485/3103/62 1484/3104/62
f 1479/3105/3 1483/3106/3 1484/3107/3 1487/3108/3
f 1480/3098/63 1484/3109/63 1485/3103/63 1481/3110/63
f 1481/3111/5 1485/3112/5 1486/3113/5 1482/3114/5
f 1483/3115/64 1479/3097/64 1482/3116/64 1486/3102/64
f 1488/3117/61 1489/3118/61 1490/3119/61 1491/3120/61
f 1492/3121/62 1495/3122/62 1494/3123/62 1493/3124/62
f 1488/3125/3 1492/3126/3 1493/3127/3 1496/3128/3
f 1489/3118/63 1493/3129/63 1494/3123/63 1490/3130/63
f 1490/3131/5 1494/3132/5 1495/3133/5 1491/3134/5
f 1492/3135/64 1488/3117/64 1491/3136/64 1495/3122/64
f 1497/3137/61 1498/3138/61 1499/3139/61 1500/3140/61
f 1501/3141/62 1504/3142/62 1503/3143/62 1502/3144/62
f 1497/3145/3 1501/3146/3 1502/3147/3 1505/3148/3
f 1498/3138/63 1502/3149/63 1503/3143/63 1499/3150/63
f 1499/3151/5 1503/3152/5 1504/3153/5 1500/3154/5
f 1501/3155/64 1497/3137/64 1500/3156/64 1504/3142/64
f 1506/3157/61 1507/3158/61 1508/3159/61 1509/3160/61
f 1510/3161/62 1513/3162/62 1512/3163/62 1511/3164/62
f 1506/3165/3 1510/3166/3 1511/3167/3 1514/3168/3
f 1507/3158/63 1511/3169/63 1512/3163/63 1508/3170/63
f 1508/3171/5 1512/3172/5 1513/3173/5 1509/3174/5
f 1510/3175/64 1506/3157/64 1509/3176/64 1513/3162/64
f 1515/3177/61 1516/3178/61 1517/3179/61 1518/3180/61
f 1519/3181/62 1522/3182/62 1521/3183/62 1520/3184/62
f 1515/3185/3 1519/3186/3 1520/3187/3 1523/3188/3
f 1516/3178/63 1520/3189/63 1521/3183/63 1517/3190/63
f 1517/3191/5 1521/3192/5 1522/3193/5 1518/3194/5
f 1519/3195/64 1515/3177/64 1518/3196/64 1522/3182/64
f 1524/3197/61 1525/3198/61 1526/3199/61 1527/3200/61
f 1528/3201/62 1531/3202/62 1530/3203/62 1529/3204/62
f 1524/3205/3 1528/3206/3 1529/3207/3 1532/3208/3
f 1525/3198/63 1529/3209/63 1530/3203/63 1526/3210/63
f 1526/3211/5 1530/3212/5 1531/3213/5 1527/3214/5
f 1528/3215/64 1524/3197/64 1527/3216/64 1531/3202/64
f 1533/3217/61 1534/3218/61 1535/3219/61 1536/3220/61
f 1537/3221/62 1540/3222/62 1539/3223/62 1538/3224/62
f 1533/3225/3 1537/3226/3 1538/3227/3 1541/3228/3
f 1534/3218/63 1538/3229/63 1539/3223/63 1535/3230/63
f 1535/3231/5 1539/3232/5 1540/3233/5 1536/3234/5
f 1537/3235/64 1533/3217/64 1536/3236/64 1540/3222/64
f 1542/3237/61 1543/3238/61 1544/3239/61 1545/3240/61
f 1546/3241/62 1549/3242/62 1548/3243/62 1547/3244/62
f 1542/3245/3 1546/3246/3 1547/3247/3 1550/3248/3
f 1543/3238/63 1547/3249/63 1548/3243/63 1544/3250/63
f 1544/3251/5 1548/3252/5 1549/3253/5 1545/3254/5
f 1546/3255/64 1542/3237/64 1545/3256/64 1549/3242/64
f 1551/3257/61 1552/3258/61 1553/3259/61 1554/3260/61
f 1555/3261/62 1558/3262/62 1557/3263/62 1556/3264/62
f 1551/3265/3 1555/3266/3 1556/3267/3 1559/3268/3
f 1552/3258/63 1556/3269/63 1557/3263/63 1553/3270/63
f 1553/3271/5 1557/3272/5 1558/3273/5 1554/3274/5
f 1555/3275/64 1551/3257/64 1554/3276/64 1558/3262/64
f 1560/3277/61 1561/3278/61 1562/3279/61 1563/3280/61
f 1564/3281/62 1567/3282/62 1566/3283/62 1565/3284/62
f 1560/3285/3 1564/3286/3 1565/3287/3 1568/3288/3
f 1561/3278/63 1565/3289/63 1566/3283/63 1562/3290/63
f 1562/3291/5 1566/3292/5 1567/3293/5 1563/3294/5
f 1564/3295/64 1560/3277/64 1563/3296/64 1567/3282/64
f 1569/3297/65 1570/3298/65 1571/3299/65 1572/3300/65
f 1573/3301/66 1576/3302/66 1575/3303/66 1574/3304/66
f 1569/3305/3 1573/3301/3 1574/3304/3 1577/3306/3
f 1570/3307/67 1574/3304/67 1575/3308/67 1571/3309/67
f 1571/3310/5 1575/3311/5 1576/3312/5 1572/3313/5
f 1573/3314/68 1569/3315/68 1572/3316/68 1576/3317/68
f 1578/3318/66 1579/3319/66 1580/3320/66 1581/3321/66
f 1582/3322/65 1585/3323/65 1584/3324/65 1583/3325/65
f 1578/3318/3 1582/3326/3 1583/3327/3 1586/3328/3
f 1579/3329/68 1583/3330/68 1584/3324/68 1580/3331/68
f 1580/3332/5 1584/3333/5 1585/3334/5 1581/3335/5
f 1582/3336/67 1578/3337/67 1581/3338/67 1585/3323/67
f 1587/3339/66 1588/3340/66 1589/3341/66 1590/3342/66
f 1591/3343/65 1594/3344/65 1593/3345/65 1592/3346/65
f 1587/3339/3 1591/3347/3 1592/3348/3 1595/3349/3
f 1588/3350/68 1592/3351/68 1593/3345/68 1589/3352/68
f 1589/3353/5 1593/3354/5 1594/3355/5 1590/3356/5
f 1591/3357/67 1587/3358/67 1590/3359/67 1594/3344/67
f 1596/3360/66 1597/3361/66 1598/3362/66 1599/3363/66
f 1600/3364/65 1603/3365/65 1602/3366/65 1601/3367/65
f 1596/3360/3 1600/3368/3 1601/3369/3 1604/3370/3
f 1597/3371/68 1601/3372/68 1602/3366/68 1598/3373/68
f 1598/3374/5 1602/3375/5 1603/3376/5 1599/3377/5
f 1600/3378/67 1596/3379/67 1599/3380/67 1603/3365/67
f 1605/3381/66 1606/3382/66 1607/3383/66 1608/3384/66
f 1609/3385/65 1612/3386/65 1611/3387/65 1610/3388/65
f 1605/3381/3 1609/3389/3 1610/3390/3 1613/3391/3
f 1606/3392/69 1610/3393/69 1611/3387/69 1607/3394/69
f 1607/3395/5 1611/3396/5 1612/3397/5 1608/3398/5
f 1609/3399/67 1605/3400/67 1608/3401/67 1612/3386/67
f 1614/3402/66 1615/3403/66 1616/3404/66 1617/3405/66
f 1618/3406/65 1621/3407/65 1620/3408/65 1619/3409/65
f 1614/3402/3 1618/3410/3 1619/3411/3 1622/3412/3
f 1615/3413/69 1619/3414/69 1620/3408/69 1616/3415/69
f 1616/3416/5 1620/3417/5 1621/3418/5 1617/3419/5
f 1618/3420/67 1614/3421/67 1617/3422/67 1621/3407/67
f 1623/3423/66 1624/3424/66 1625/3425/66 1626/3426/66
f 1627/3427/65 1630/3428/65 1629/3429/65 1628/3430/65
f 1623/3423/3 1627/3431/3 1628/3432/3 1631/3433/3
f 1624/3434/69 1628/3435/69 1629/3429/69 1625/3436/69
f 1625/3437/5 1629/3438/5 1630/3439/5 1626/3440/5
f 1627/3441/67 1623/3442/67 1626/3443/67 1630/3428/67
f 1632/3444/66 1633/3445/66 1634/3446/66 1635/3447/66
f 1636/3448/65 1639/3449/65 1638/3450/65 1637/3451/65
f 1632/3444/3 1636/3452/3 1637/3453/3 1640/3454/3
f 1633/3455/68 1637/3456/68 1638/3450/68 1634/3457/68
f 1634/3458/5 1638/3459/5 1639/3460/5 1635/3461/5
f 1636/3462/67 1632/3463/67 1635/3464/67 1639/3449/67
f 1641/3465/66 1642/3466/66 1643/3467/66 1644/3468/66
f 1645/3469/65 1648/3470/65 1647/3471/65 1646/3472/65
f 1641/3465/3 1645/3473/3 1646/3474/3 1649/3475/3
f 1642/3476/69 1646/3477/69 1647/3471/69 1643/3478/69
f 1643/3479/5 1647/3480/5 1648/3481/5 1644/3482/5
f 1645/3483/67 1641/3484/67 1644/3485/67 1648/3470/67
f 1650/3486/66 1651/3487/66 1652/3488/66 1653/3489/66
f 1654/3490/70 1657/3491/70 1656/3492/70 1655/3493/70
f 1650/3486/3 1654/3494/3 1655/3495/3 1658/3496/3
f 1651/3497/69 1655/3498/69 1656/3492/69 1652/3499/69
f 1652/3500/5 1656/3501/5 1657/3502/5 1659/3503/5
f 1654/3504/67 1650/3505/67 1653/3506/67 1657/3491/67
f 1660/3507/66 1661/3508/66 1662/3509/66 1663/3510/66
f 1664/3511/65 1667/3512/65 1666/3513/65 1665/3514/65
f 1660/3507/3 1664/3515/3 1665/3516/3 1668/3517/3
f 1661/3518/68 1665/3519/68 1666/3513/68 1662/3520/68
f 1662/3521/5 1666/3522/5 1667/3523/5 1669/3524/5
f 1664/3525/67 1660/3526/67 1663/3527/67 1667/3512/67
f 1670/3528/66 1671/3529/66 1672/3530/66 1673/3531/66
f 1674/3532/65 1677/3533/65 1676/3534/65 1675/3535/65
f 1670/3528/3 1674/3536/3 1675/3537/3 1678/3538/3
f 1671/3539/69 1675/3540/69 1676/3534/69 1672/3541/69
f 1672/3542/5 1676/3543/5 1677/3544/5 1679/3545/5
f 1674/3546/67 1670/3547/67 1673/3548/67 1677/3533/67
f 1680/3549/66 1681/3550/66 1682/3551/66 1683/3552/66
f 1684/3553/65 1687/3554/65 1686/3555/65 1685/3556/65
f 1680/3549/3 1684/3557/3 1685/3558/3 1688/3559/3
f 1681/3560/68 1685/3561/68 1686/3555/68 1682/3562/68
f 1682/3563/5 1686/3564/5 1687/3565/5 1689/3566/5
f 1684/3567/67 1680/3568/67 1683/3569/67 1687/3554/67
f 1690/3570/66 1691/3571/66 1692/3572/66 1693/3573/66
f 1694/3574/65 1697/3575/65 1696/3576/65 1695/3577/65
f 1690/3570/3 1694/3578/3 1695/3579/3 1698/3580/3
f 1691/3581/68 1695/3582/68 1696/3576/68 1692/3583/68
f 1692/3584/5 1696/3585/5 1697/3586/5 1699/3587/5
f 1694/3588/67 1690/3589/67 1693/3590/67 1697/3575/67
f 1700/3591/66 1701/3592/66 1702/3593/66 1703/3594/66
f 1704/3595/65 1707/3596/65 1706/3597/65 1705/3598/65
f 1700/3591/3 1704/3599/3 1705/3600/3 1708/3601/3
f 1701/3602/69 1705/3603/69 1706/3597/69 1702/3604/69
f 1702/3605/5 1706/3606/5 1707/3607/5 1703/3608/5
f 1704/3609/71 1700/3610/71 1703/3611/71 1707/3596/71
f 1709/3612/66 1710/3613/66 1711/3614/66 1712/3615/66
f 1713/3616/70 1716/3617/70 1715/3618/70 1714/3619/70
f 1709/3612/3 1713/3620/3 1714/3621/3 1717/3622/3
f 1710/3623/69 1714/3624/69 1715/3618/69 1711/3625/69
f 1711/3626/5 1715/3627/5 1716/3628/5 1712/3629/5
f 1713/3630/67 1709/3631/67 1712/3632/67 1716/3617/67
f 1718/3633/66 1719/3634/66 1720/3635/66 1721/3636/66
f 1722/3637/65 1725/3638/65 1724/3639/65 1723/3640/65
f 1718/3633/3 1722/3641/3 1723/3642/3 1726/3643/3
f 1719/3644/68 1723/3645/68 1724/3639/68 1720/3646/68
f 1720/3647/5 1724/3648/5 1725/3649/5 1721/3650/5
f 1722/3651/67 1718/3652/67 1721/3653/67 1725/3638/67
f 1727/3654/66 1728/3655/66 1729/3656/66 1730/3657/66
f 1731/3658/65 1734/3659/65 1733/3660/65 1732/3661/65
f 1727/3654/3 1731/3662/3 1732/3663/3 1735/3664/3
f 1728/3665/68 1732/3666/68 1733/3660/68 1729/3667/68
f 1729/3668/5 1733/3669/5 1734/3670/5 1730/3671/5
f 1731/3672/71 1727/3673/71 1730/3674/71 1734/3659/71
f 1736/3675/66 1737/3676/66 1738/3677/66 1739/3678/66
f 1740/3679/65 1743/3680/65 1742/3681/65 1741/3682/65
f 1736/3675/3 1740/3683/3 1741/3684/3 1744/3685/3
f 1737/3686/69 1741/3687/69 1742/3681/69 1738/3688/69
f 1738/3689/5 1742/3690/5 1743/3691/5 1739/3692/5
f 1740/3693/71 1736/3694/71 1739/3695/71 1743/3680/71
f 1745/3696/72 1746/3697/72 1747/3698/72 1748/3699/72
f 1749/3700/65 1752/3701/65 1751/3702/65 1750/3703/65
f 1745/3696/3 1749/3704/3 1750/3705/3 1753/3706/3
f 1746/3707/68 1750/3708/68 1751/3702/68 1747/3709/68
f 1747/3710/5 1751/3711/5 1752/3712/5 1748/3713/5
f 1749/3714/67 1745/3715/67 1748/3716/67 1752/3701/67
f 1754/3717/66 1755/3718/66 1756/3719/66 1757/3720/66
f 1758/3721/65 1761/3722/65 1760/3723/65 1759/3724/65
f 1754/3717/3 1758/3725/3 1759/3726/3 1762/3727/3
f 1755/3728/69 1759/3729/69 1760/3723/69 1756/3730/69
f 1756/3731/5 1760/3732/5 1761/3733/5 1757/3734/5
f 1758/3735/67 1754/3736/67 1757/3737/67 1761/3722/67
f 1763/3738/66 1764/3739/66 1765/3740/66 1766/3741/66
f 1767/3742/65 1770/3743/65 1769/3744/65 1768/3745/65
f 1763/3738/3 1767/3746/3 1768/3747/3 1771/3748/3
f 1764/3749/68 1768/3750/68 1769/3744/68 1765/3751/68
f 1765/3752/5 1769/3753/5 1770/3754/5 1766/3755/5
f 1767/3756/67 1763/3757/67 1766/3758/67 1770/3743/67
f 1772/3759/66 1773/3760/66 1774/3761/66 1775/3762/66
f 1776/3763/65 1779/3764/65 1778/3765/65 1777/3766/65
f 1772/3759/3 1776/3767/3 1777/3768/3 1780/3769/3
f 1773/3770/69 1777/3771/69 1778/3765/69 1774/3772/69
f 1774/3773/5 1778/3774/5 1779/3775/5 1775/3776/5
f 1776/3777/67 1772/3778/67 1775/3779/67 1779/3764/67
f 1781/3780/66 1782/3781/66 1783/3782/66 1784/3783/66
f 1785/3784/65 1788/3785/65 1787/3786/65 1786/3787/65
f 1781/3780/3 1785/3788/3 1786/3789/3 1789/3790/3
f 1782/3791/68 1786/3792/68 1787/3786/68 1783/3782/68
f 1783/3793/5 1787/3794/5 1788/3795/5 1784/3796/5
f 1785/3797/67 1781/3798/67 1784/3799/67 1788/3785/67
f 1790/3800/66 1791/3801/66 1792/3802/66 1793/3803/66
f 1794/3804/65 1797/3805/65 1796/3806/65 1795/3807/65
f 1790/3800/3 1794/3808/3 1795/3809/3 1798/3810/3
f 1791/3811/68 1795/3812/68 1796/3806/68 1792/3813/68
f 1792/3814/5 1796/3815/5 1797/3816/5 1793/3817/5
f 1794/3818/67 1790/3819/67 1793/3820/67 1797/3805/67
f 1799/3821/66 1800/3822/66 1801/3823/66 1802/3824/66
f 1803/3825/65 1806/3826/65 1805/3827/65 1804/3828/65
f 1799/3821/3 1803/3829/3 1804/3830/3 1807/3831/3
f 1800/3832/69 1804/3833/69 1805/3827/69 1801/3834/69
f 1801/3835/5 1805/3836/5 1806/3837/5 1802/3838/5
f 1803/3839/71 1799/3840/71 1802/3841/71 1806/3826/71
f 1808/3842/66 1809/3843/66 1810/3844/66 1811/3845/66
f 1812/3846/65 1815/3847/65 1814/3848/65 1813/3849/65
f 1808/3842/3 1812/3850/3 1813/3851/3 1816/3852/3
f 1809/3853/69 1813/3854/69 1814/3848/69 1810/3855/69
f 1810/3856/5 1814/3857/5 1815/3858/5 1811/3859/5
f 1812/3860/67 1808/3861/67 1811/3862/67 1815/3847/67
f 1817/3863/66 1818/3864/66 1819/3865/66 1820/3866/66
f 1821/3867/65 1824/3868/65 1823/3869/65 1822/3870/65
f 1817/3863/3 1821/3871/3 1822/3872/3 1825/3873/3
f 1818/3874/68 1822/3875/68 1823/3869/68 1819/3876/68
f 1819/3877/5 1823/3878/5 1824/3879/5 1820/3880/5
f 1821/3881/67 1817/3882/67 1820/3883/67 1824/3868/67
f 1826/3884/66 1827/3885/66 1828/3886/66 1829/3887/66
f 1830/3888/65 1833/3889/65 1832/3890/65 1831/3891/65
f 1826/3884/3 1830/3892/3 1831/3893/3 1834/3894/3
f 1827/3895/69 1831/3896/69 1832/3890/69 1828/3897/69
f 1828/3898/5 1832/3899/5 1833/3900/5 1829/3901/5
f 1830/3902/67 1826/3903/67 1829/3904/67 1833/3889/67
f 1835/3905/66 1836/3906/66 1837/3907/66 1838/3908/66
f 1839/3909/65 1842/3910/65 1841/3911/65 1840/3912/65
f 1835/3905/3 1839/3913/3 1840/3914/3 1843/3915/3
f 1836/3916/68 1840/3917/68 1841/3911/68 1837/3918/68
f 1837/3919/5 1841/3920/5 1842/3921/5 1838/3922/5
f 1839/3923/67 1835/3924/67 1838/3925/67 1842/3910/67
f 1844/3926/66 1845/3927/66 1846/3928/66 1847/3929/66
f 1848/3930/65 1851/3931/65 1850/3932/65 1849/3933/65
f 1844/3926/3 1848/3934/3 1849/3935/3 1852/3936/3
f 1845/3937/69 1849/3938/69 1850/3932/69 1846/3939/69
f 1846/3940/5 1850/3941/5 1851/3942/5 1847/3943/5
f 1848/3944/67 1844/3945/67 1847/3946/67 1851/3931/67
f 1853/3947/66 1854/3948/66 1855/3949/66 1856/3950/66
f 1857/3951/65 1860/3952/65 1859/3953/65 1858/3954/65
f 1853/3947/3 1857/3955/3 1858/3956/3 1861/3957/3
f 1854/3958/69 1858/3959/69 1859/3953/69 1855/3960/69
f 1855/3961/5 1859/3962/5 1860/3963/5 1856/3964/5
f 1857/3965/67 1853/3966/67 1856/3967/67 1860/3952/67
f 1862/3968/66 1863/3969/66 1864/3970/66 1865/3971/66
f 1866/3972/65 1869/3973/65 1868/3974/65 1867/3975/65
f 1862/3968/3 1866/3976/3 1867/3977/3 1870/3978/3
f 1863/3979/69 1867/3980/69 1868/3974/69 1864/3981/69
f 1864/3982/5 1868/3983/5 1869/3984/5 1865/3985/5
f 1866/3986/67 1862/3987/67 1865/3988/67 1869/3973/67
f 1871/3989/66 1872/3990/66 1873/3991/66 1874/3992/66
f 1875/3993/65 1878/3994/65 1877/3995/65 1876/3996/65
f 1871/3989/3 1875/3997/3 1876/3998/3 1879/3999/3
f 1872/4000/69 1876/4001/69 1877/3995/69 1873/4002/69
f 1873/4003/5 1877/4004/5 1878/4005/5 1874/4006/5
f 1875/4007/67 1871/4008/67 1874/4009/67 1878/3994/67
f 1880/4010/66 1881/4011/66 1882/4012/66 1883/4013/66
f 1884/4014/65 1887/4015/65 1886/4016/65 1885/4017/65
f 1880/4010/3 1884/4018/3 1885/4019/3 1888/4020/3
f 1881/4021/69 1885/4022/69 1886/4016/69 1882/4023/69
f 1882/4024/5 1886/4025/5 1887/4026/5 1883/4027/5
f 1884/4028/67 1880/4029/67 1883/4030/67 1887/4015/67
f 1889/4031/66 1890/4032/66 1891/4033/66 1892/4034/66
f 1893/4035/65 1896/4036/65 1895/4037/65 1894/4038/65
f 1889/4031/3 1893/4039/3 1894/4040/3 1897/4041/3
f 1890/4042/69 1894/4043/69 1895/4037/69 1891/4044/69
f 1891/4045/5 1895/4046/5 1896/4047/5 1892/4048/5
f 1893/4049/67 1889/4050/67 1892/4051/67 1896/4036/67
f 1898/4052/66 1899/4053/66 1900/4054/66 1901/4055/66
f 1902/4056/65 1905/4057/65 1904/4058/65 1903/4059/65
f 1898/4052/3 1902/4060/3 1903/4061/3 1906/4062/3
f 1899/4063/68 1903/4064/68 1904/4058/68 1900/4065/68
f 1900/4066/5 1904/4067/5 1905/4068/5 1901/4069/5
f 1902/4070/67 1898/4071/67 1901/4072/67 1905/4057/67
f 1907/4073/66 1908/4074/66 1909/4075/66 1910/4076/66
f 1911/4077/65 1914/4078/65 1913/4079/65 1912/4080/65
f 1907/4073/3 1911/4081/3 1912/4082/3 1915/4083/3
f 1908/4084/68 1912/4085/68 1913/4079/68 1909/4086/68
f 1909/4087/5 1913/4088/5 1914/4089/5 1910/4090/5
f 1911/4091/67 1907/4092/67 1910/4093/67 1914/4078/67
f 1916/4094/66 1917/4095/66 1918/4096/66 1919/4097/66
f 1920/4098/65 1923/4099/65 1922/4100/65 1921/4101/65
f 1916/4094/3 1920/4102/3 1921/4103/3 1924/4104/3
f 1917/4105/69 1921/4106/69 1922/4100/69 1918/4107/69
f 1918/4108/5 1922/4109/5 1923/4110/5 1919/4111/5
f 1920/4112/67 1916/4113/67 1919/4114/67 1923/4099/67
f 1925/4115/66 1926/4116/66 1927/4117/66 1928/4118/66
f 1929/4119/65 1932/4120/65 1931/4121/65 1930/4122/65
f 1925/4123/3 1929/4124/3 1930/4125/3 1933/4126/3
f 1926/4127/68 1930/4128/68 1931/4121/68 1927/4129/68
f 1927/4130/5 1931/4131/5 1932/4132/5 1928/4133/5
f 1929/4134/67 1925/4115/67 1928/4135/67 1932/4120/67
f 1934/4136/66 1935/4137/66 1936/4138/66 1937/4139/66
f 1938/4140/65 1941/4141/65 1940/4142/65 1939/4143/65
f 1934/4144/3 1938/4145/3 1939/4146/3 1942/4147/3
f 1935/4137/68 1939/4148/68 1940/4142/68 1936/4149/68
f 1936/4150/5 1940/4151/5 1941/4152/5 1937/4153/5
f 1938/4154/67 1934/4136/67 1937/4155/67 1941/4141/67
f 1943/4156/66 1944/4157/66 1945/4158/66 1946/4159/66
f 1947/4160/65 1950/4161/65 1949/4162/65 1948/4163/65
f 1943/4164/3 1947/4165/3 1948/4166/3 1951/4167/3
f 1944/4157/68 1948/4168/68 1949/4162/68 1945/4169/68
f 1945/4170/5 1949/4171/5 1950/4172/5 1946/4173/5
f 1947/4174/67 1943/4156/67 1946/4175/67 1950/4161/67
f 1952/4176/66 1953/4177/66 1954/4178/66 1955/4179/66
f 1956/4180/65 1959/4181/65 1958/4182/65 1957/4183/65
f 1952/4184/3 1956/4185/3 1957/4186/3 1960/4187/3
f 1953/4177/69 1957/4188/69 1958/4182/69 1954/4189/69
f 1954/4190/5 1958/4191/5 1959/4192/5 1955/4193/5
f 1956/4194/67 1952/4176/67 1955/4195/67 1959/4181/67
f 1961/4196/66 1962/4197/66 1963/4198/66 1964/4199/66
f 1965/4200/65 1968/4201/65 1967/4202/65 1966/4203/65
f 1961/4204/3 1965/4205/3 1966/4206/3 1969/4207/3
f 1962/4197/69 1966/4208/69 1967/4202/69 1963/4209/69
f 1963/4210/5 1967/4211/5 1968/4212/5 1964/4213/5
f 1965/4214/67 1961/4196/67 1964/4215/67 1968/4201/67
f 1970/4216/66 1971/4217/66 1972/4218/66 1973/4219/66
f 1974/4220/65 1977/4221/65 1976/4222/65 1975/4223/65
f 1970/4224/3 1974/4225/3 1975/4226/3 1978/4227/3
f 1971/4217/68 1975/4228/68 1976/4222/68 1972/4229/68
f 1972/4230/5 1976/4231/5 1977/4232/5 1973/4233/5
f 1974/4234/67 1970/4216/67 1973/4235/67 1977/4221/67
f 1979/4236/66 1980/4237/66 1981/4238/66 1982/4239/66
f 1983/4240/65 1986/4241/65 1985/4242/65 1984/4243/65
f 1979/4244/3 1983/4245/3 1984/4246/3 1987/4247/3
f 1980/4237/68 1984/4248/68 1985/4242/68 1981/4249/68
f 1981/4250/5 1985/4251/5 1986/4252/5 1982/4253/5
f 1983/4254/67 1979/4236/67 1982/4255/67 1986/4241/67
f 1988/4256/66 1989/4257/66 1990/4258/66 1991/4259/66
f 1992/4260/65 1995/4261/65 1994/4262/65 1993/4263/65
f 1988/4264/3 1992/4265/3 1993/4266/3 1996/4267/3
f 1989/4257/68 1993/4268/68 1994/4262/68 1990/4269/68
f 1990/4270/5 1994/4271/5 1995/4272/5 1991/4273/5
f 1992/4274/67 1988/4256/67 1991/4275/67 1995/4261/67
f 1997/4276/66 1998/4277/66 1999/4278/66 2000/4279/66
f 2001/4280/65 2004/4281/65 2003/4282/65 2002/4283/65
f 1997/4284/3 2001/4285/3 2002/4286/3 2005/4287/3
f 1998/4277/68 2002/4288/68 2003/4282/68 2015/4289/68
f 2015/4290/5 2003/4291/5 2004/4292/5 2000/4293/5
f 2001/4294/67 1997/4276/67 2000/4295/67 2004/4281/67
f 2006/4296/66 2007/4297/66 2008/4298/66 2009/4299/66
f 2010/4300/65 2013/4301/65 2012/4302/65 2011/4303/65
f 2006/4304/3 2010/4305/3 2011/4306/3 2014/4307/3
f 2007/4297/68 2011/4308/68 2012/4302/68 2008/4309/68
f 2008/4310/5 2012/4311/5 2013/4312/5 2009/4313/5
f 2010/4314/67 2006/4296/67 2009/4315/67 2013/4301/67
f 2016/4316/66 2017/4317/66 2018/4318/66 2019/4319/66
f 2020/4320/65 2023/4321/65 2022/4322/65 2021/4323/65
f 2016/4324/3 2020/4325/3 2021/4326/3 2024/4327/3
f 2017/4317/68 2021/4328/68 2022/4322/68 2018/4329/68
f 2018/4330/5 2022/4331/5 2023/4332/5 2019/4333/5
f 2020/4334/67 2016/4316/67 2019/4335/67 2023/4321/67
f 2025/4336/66 2026/4337/66 2027/4338/66 2028/4339/66
f 2029/4340/70 2032/4341/70 2031/4342/70 2030/4343/70
f 2025/4344/3 2029/4345/3 2030/4346/3 2033/4347/3
f 2026/4337/68 2030/4348/68 2031/4342/68 2027/4349/68
f 2027/4350/5 2031/4351/5 2032/4352/5 2028/4353/5
f 2029/4354/67 2025/4336/67 2028/4355/67 2032/4341/67
f 2034/4356/66 2035/4357/66 2036/4358/66 2037/4359/66
f 2038/4360/65 2041/4361/65 2040/4362/65 2039/4363/65
f 2034/4364/3 2038/4365/3 2039/4366/3 2042/4367/3
f 2035/4357/68 2039/4368/68 2040/4362/68 2036/4369/68
f 2036/4370/5 2040/4371/5 2041/4372/5 2037/4373/5
f 2038/4374/67 2034/4356/67 2037/4375/67 2041/4361/67
f 2043/4376/66 2044/4377/66 2045/4378/66 2046/4379/66
f 2047/4380/65 2050/4381/65 2049/4382/65 2048/4383/65
f 2043/4384/3 2047/4385/3 2048/4386/3 2051/4387/3
f 2044/4377/68 2048/4388/68 2049/4382/68 2045/4389/68
f 2045/4390/5 2049/4391/5 2050/4392/5 2046/4393/5
f 2047/4394/67 2043/4376/67 2046/4395/67 2050/4381/67
f 2052/4396/66 2053/4397/66 2054/4398/66 2055/4399/66
f 2056/4400/65 2059/4401/65 2058/4402/65 2057/4403/65
f 2052/4404/3 2056/4405/3 2057/4406/3 2060/4407/3
f 2053/4397/68 2057/4408/68 2058/4402/68 2054/4409/68
f 2054/4410/5 2058/4411/5 2059/4412/5 2055/4413/5
f 2056/4414/67 2052/4396/67 2055/4415/67 2059/4401/67
f 2061/4416/72 2062/4417/72 2063/4418/72 2064/4419/72
f 2065/4420/65 2068/4421/65 2067/4422/65 2066/4423/65
f 2061/4424/3 2065/4425/3 2066/4426/3 2069/4427/3
f 2062/4417/68 2066/4428/68 2067/4422/68 2063/4429/68
f 2063/4430/5 2067/4431/5 2068/4432/5 2064/4433/5
f 2065/4434/67 2061/4416/67 2064/4435/67 2068/4421/67
f 2070/4436/66 2071/4437/66 2072/4438/66 2073/4439/66
f 2074/4440/65 2077/4441/65 2076/4442/65 2075/4443/65
f 2070/4444/3 2074/4445/3 2075/4446/3 2078/4447/3
f 2071/4437/68 2075/4448/68 2076/4442/68 2072/4449/68
f 2072/4450/5 2076/4451/5 2077/4452/5 2073/4453/5
f 2074/4454/67 2070/4436/67 2073/4455/67 2077/4441/67
f 2079/4456/66 2080/4457/66 2081/4458/66 2082/4459/66
f 2083/4460/65 2086/4461/65 2085/4462/65 2084/4463/65
f 2079/4464/3 2083/4465/3 2084/4466/3 2087/4467/3
f 2080/4457/68 2084/4468/68 2085/4462/68 2081/4469/68
f 2081/4470/5 2085/4471/5 2086/4472/5 2082/4473/5
f 2083/4474/67 2079/4456/67 2082/4475/67 2086/4461/67
f 2088/4476/66 2089/4477/66 2090/4478/66 2091/4479/66
f 2092/4480/65 2095/4481/65 2094/4482/65 2093/4483/65
f 2088/4484/3 2092/4485/3 2093/4486/3 2096/4487/3
f 2089/4477/68 2093/4488/68 2094/4482/68 2090/4489/68
f 2090/4490/5 2094/4491/5 2095/4492/5 2091/4493/5
f 2092/4494/67 2088/4476/67 2091/4495/67 2095/4481/67
f 2097/4496/66 2098/4497/66 2099/4498/66 2100/4499/66
f 2101/4500/65 2104/4501/65 2103/4502/65 2102/4503/65
f 2097/4504/3 2101/4505/3 2102/4506/3 2105/4507/3
f 2098/4497/68 2102/4508/68 2103/4502/68 2099/4509/68
f 2099/4510/5 2103/4511/5 2104/4512/5 2100/4513/5
f 2101/4514/67 2097/4496/67 2100/4515/67 2104/4501/67
f 2106/4516/66 2107/4517/66 2108/4518/66 2109/4519/66
f 2110/4520/65 2113/4521/65 2112/4522/65 2111/4523/65
f 2106/4524/3 2110/4525/3 2111/4526/3 2114/4527/3
f 2107/4517/68 2111/4528/68 2112/4522/68 2108/4529/68
f 2108/4530/5 2112/4531/5 2113/4532/5 2109/4533/5
f 2110/4534/67 2106/4516/67 2109/4535/67 2113/4521/67
f 2115/4536/72 2116/4537/72 2117/4538/72 2118/4539/72
f 2119/4540/65 2122/4541/65 2121/4542/65 2120/4543/65
f 2115/4544/3 2119/4545/3 2120/4546/3 2123/4547/3
f 2116/4537/68 2120/4548/68 2121/4542/68 2117/4549/68
f 2117/4550/5 2121/4551/5 2122/4552/5 2118/4553/5
f 2119/4554/67 2115/4536/67 2118/4555/67 2122/4541/67
f 2124/4556/66 2125/4557/66 2126/4558/66 2127/4559/66
f 2128/4560/70 2131/4561/70 2130/4562/70 2129/4563/70
f 2124/4564/3 2128/4565/3 2129/4566/3 2132/4567/3
f 2125/4557/69 2129/4568/69 2130/4562/69 2126/4569/69
f 2126/4570/5 2130/4571/5 2131/4572/5 2127/4573/5
f 2128/4574/67 2124/4556/67 2127/4575/67 2131/4561/67
f 2133/4576/66 2134/4577/66 2135/4578/66 2136/4579/66
f 2137/4580/65 2140/4581/65 2139/4582/65 2138/4583/65
f 2133/4584/3 2137/4585/3 2138/4586/3 2141/4587/3
f 2134/4577/68 2138/4588/68 2139/4582/68 2135/4589/68
f 2135/4590/5 2139/4591/5 2140/4592/5 2136/4593/5
f 2137/4594/67 2133/4576/67 2136/4595/67 2140/4581/67
f 2142/4596/72 2143/4597/72 2144/4598/72 2145/4599/72
f 2146/4600/65 2149/4601/65 2148/4602/65 2147/4603/65
f 2142/4604/3 2146/4605/3 2147/4606/3 2150/4607/3
f 2143/4597/68 2147/4608/68 2148/4602/68 2144/4609/68
f 2144/4610/5 2148/4611/5 2149/4612/5 2145/4613/5
f 2146/4614/67 2142/4596/67 2145/4615/67 2149/4601/67
f 2151/4616/66 2152/4617/66 2153/4618/66 2154/4619/66
f 2155/4620/65 2158/4621/65 2157/4622/65 2156/4623/65
f 2151/4624/3 2155/4625/3 2156/4626/3 2159/4627/3
f 2152/4617/69 2156/4628/69 2157/4622/69 2153/4629/69
f 2153/4630/5 2157/4631/5 2158/4632/5 2154/4633/5
f 2155/4634/67 2151/4616/67 2154/4635/67 2158/4621/67
f 2160/4636/66 2161/4637/66 2162/4638/66 2163/4639/66
f 2164/4640/65 2167/4641/65 2166/4642/65 2165/4643/65
f 2160/4644/3 2164/4645/3 2165/4646/3 2168/4647/3
f 2161/4637/68 2165/4648/68 2166/4642/68 2162/4649/68
f 2162/4650/5 2166/4651/5 2167/4652/5 2163/4653/5
f 2164/4654/67 2160/4636/67 2163/4655/67 2167/4641/67
f 2169/4656/66 2170/4657/66 2171/4658/66 2172/4659/66
f 2173/4660/65 2176/4661/65 2175/4662/65 2174/4663/65
f 2169/4664/3 2173/4665/3 2174/4666/3 2177/4667/3
f 2170/4657/68 2174/4668/68 2175/4662/68 2171/4669/68
f 2171/4670/5 2175/4671/5 2176/4672/5 2172/4673/5
f 2173/4674/67 2169/4656/67 2172/4675/67 2176/4661/67
f 2178/4676/66 2179/4677/66 2180/4678/66 2181/4679/66
f 2182/4680/65 2185/4681/65 2184/4682/65 2183/4683/65
f 2178/4684/3 2182/4685/3 2183/4686/3 2186/4687/3
f 2179/4677/68 2183/4688/68 2184/4682/68 2180/4689/68
f 2180/4690/5 2184/4691/5 2185/4692/5 2181/4693/5
f 2182/4694/67 2178/4676/67 2181/4695/67 2185/4681/67
f 2187/4696/66 2188/4697/66 2189/4698/66 2190/4699/66
f 2191/4700/65 2194/4701/65 2193/4702/65 2192/4703/65
f 2187/4704/3 2191/4705/3 2192/4706/3 2195/4707/3
f 2188/4697/68 2192/4708/68 2193/4702/68 2189/4709/68
f 2189/4710/5 2193/4711/5 2194/4712/5 2190/4713/5
f 2191/4714/67 2187/4696/67 2190/4715/67 2194/4701/67
f 2196/4716/66 2197/4717/66 2198/4718/66 2199/4719/66
f 2200/4720/65 2203/4721/65 2202/4722/65 2201/4723/65
f 2196/4724/3 2200/4725/3 2201/4726/3 2204/4727/3
f 2197/4717/68 2201/4728/68 2202/4722/68 2198/4729/68
f 2198/4730/5 2202/4731/5 2203/4732/5 2199/4733/5
f 2200/4734/71 2196/4716/71 2199/4735/71 2203/4721/71
f 2205/4736/66 2206/4737/66 2207/4738/66 2208/4739/66
f 2209/4740/70 2212/4741/70 2211/4742/70 2210/4743/70
f 2205/4744/3 2209/4745/3 2210/4746/3 2213/4747/3
f 2206/4737/69 2210/4748/69 2211/4742/69 2207/4749/69
f 2207/4750/5 2211/4751/5 2212/4752/5 2208/4753/5
f 2209/4754/67 2205/4736/67 2208/4755/67 2212/4741/67
f 2214/4756/72 2215/4757/72 2216/4758/72 2217/4759/72
f 2218/4760/65 2221/4761/65 2220/4762/65 2219/4763/65
f 2214/4764/3 2218/4765/3 2219/4766/3 2222/4767/3
f 2215/4757/68 2219/4768/68 2220/4762/68 2216/4769/68
f 2216/4770/5 2220/4771/5 2221/4772/5 2217/4773/5
f 2218/4774/71 2214/4756/71 2217/4775/71 2221/4761/71
f 2223/4776/66 2224/4777/66 2225/4778/66 2226/4779/66
f 2227/4780/65 2230/4781/65 2229/4782/65 2228/4783/65
f 2223/4784/3 2227/4785/3 2228/4786/3 2231/4787/3
f 2224/4777/68 2228/4788/68 2229/4782/68 2225/4789/68
f 2225/4790/5 2229/4791/5 2230/4792/5 2226/4793/5
f 2227/4794/67 2223/4776/67 2226/4795/67 2230/4781/67
f 2232/4796/66 2233/4797/66 2234/4798/66 2235/4799/66
f 2236/4800/65 2239/4801/65 2238/4802/65 2237/4803/65
f 2232/4804/3 2236/4805/3 2237/4806/3 2240/4807/3
f 2233/4797/68 2237/4808/68 2238/4802/68 2234/4809/68
f 2234/4810/5 2238/4811/5 2239/4812/5 2235/4813/5
f 2236/4814/67 2232/4796/67 2235/4815/67 2239/4801/67
f 2241/4816/66 2242/4817/66 2243/4818/66 2244/4819/66
f 2245/4820/65 2248/4821/65 2247/4822/65 2246/4823/65
f 2241/4824/3 2245/4825/3 2246/4826/3 2249/4827/3
f 2242/4817/68 2246/4828/68 2247/4822/68 2243/4829/68
f 2243/4830/5 2247/4831/5 2248/4832/5 2244/4833/5
f 2245/4834/67 2241/4816/67 2244/4835/67 2248/4821/67
f 2250/4836/72 2251/4837/72 2252/4838/72 2253/4839/72
f 2254/4840/65 2257/4841/65 2256/4842/65 2255/4843/65
f 2250/4844/3 2254/4845/3 2255/4846/3 2258/4847/3
f 2251/4837/68 2255/4848/68 2256/4842/68 2252/4849/68
f 2252/4850/5 2256/4851/5 2257/4852/5 2253/4853/5
f 2254/4854/67 2250/4836/67 2253/4855/67 2257/4841/67
f 2259/4856/66 2260/4857/66 2261/4858/66 2262/4859/66
f 2263/4860/65 2266/4861/65 2265/4862/65 2264/4863/65
f 2259/4864/3 2263/4865/3 2264/4866/3 2267/4867/3
f 2260/4857/69 2264/4868/69 2265/4862/69 2261/4869/69
f 2261/4870/5 2265/4871/5 2266/4872/5 2262/4873/5
f 2263/4874/67 2259/4856/67 2262/4875/67 2266/4861/67
f 2268/4876/66 2269/4877/66 2270/4878/66 2271/4879/66
f 2272/4880/65 2275/4881/65 2274/4882/65 2273/4883/65
f 2268/4884/3 2272/4885/3 2273/4886/3 2276/4887/3
f 2269/4877/68 2273/4888/68 2274/4882/68 2270/4889/68
f 2270/4890/5 2274/4891/5 2275/4892/5 2271/4893/5
f 2272/4894/71 2268/4876/71 2271/4895/71 2275/4881/71
f 2277/4896/66 2278/4897/66 2279/4898/66 2280/4899/66
f 2281/4900/65 2284/4901/65 2283/4902/65 2282/4903/65
f 2277/4904/3 2281/4905/3 2282/4906/3 2285/4907/3
f 2278/4897/68 2282/4908/68 2283/4902/68 2279/4909/68
f 2279/4910/5 2283/4911/5 2284/4912/5 2280/4913/5
f 2281/4914/67 2277/4896/67 2280/4915/67 2284/4901/67
f 2286/4916/66 2287/4917/66 2288/4918/66 2289/4919/66
f 2290/4920/65 2293/4921/65 2292/4922/65 2291/4923/65
f 2286/4924/3 2290/4925/3 2291/4926/3 2294/4927/3
f 2287/4917/69 2291/4928/69 2292/4922/69 2288/4929/69
f 2288/4930/5 2292/4931/5 2293/4932/5 2289/4933/5
f 2290/4934/67 2286/4916/67 2289/4935/67 2293/4921/67
f 2295/4936/72 2296/4937/72 2297/4938/72 2298/4939/72
f 2299/4940/65 2302/4941/65 2301/4942/65 2300/4943/65
f 2295/4944/3 2299/4945/3 2300/4946/3 2303/4947/3
f 2296/4937/68 2300/4948/68 2301/4942/68 2297/4949/68
f 2297/4950/5 2301/4951/5 2302/4952/5 2298/4953/5
f 2299/4954/67 2295/4936/67 2298/4955/67 2302/4941/67
f 2304/4956/66 2305/4957/66 2306/4958/66 2307/4959/66
f 2308/4960/65 2311/4961/65 2310/4962/65 2309/4963/65
f 2304/4964/3 2308/4965/3 2309/4966/3 2312/4967/3
f 2305/4957/68 2309/4968/68 2310/4962/68 2306/4969/68
f 2306/4970/5 2310/4971/5 2311/4972/5 2307/4973/5
f 2308/4974/67 2304/4956/67 2307/4975/67 2311/4961/67
f 2313/4976/66 2314/4977/66 2315/4978/66 2316/4979/66
f 2317/4980/65 2320/4981/65 2319/4982/65 2318/4983/65
f 2313/4984/3 2317/4985/3 2318/4986/3 2321/4987/3
f 2314/4977/68 2318/4988/68 2319/4982/68 2315/4989/68
f 2315/4990/5 2319/4991/5 2320/4992/5 2316/4993/5
f 2317/4994/67 2313/4976/67 2316/4995/67 2320/4981/67
f 2322/4996/66 2323/4997/66 2324/4998/66 2325/4999/66
f 2326/5000/65 2329/5001/65 2328/5002/65 2327/5003/65
f 2322/5004/3 2326/5005/3 2327/5006/3 2330/5007/3
f 2323/4997/68 2327/5008/68 2328/5002/68 2324/5009/68
f 2324/5010/5 2328/5011/5 2329/5012/5 2325/5013/5
f 2326/5014/67 2322/4996/67 2325/5015/67 2329/5001/67
f 2331/5016/66 2332/5017/66 2333/5018/66 2334/5019/66
f 2335/5020/65 2338/5021/65 2337/5022/65 2336/5023/65
f 2331/5024/3 2335/5025/3 2336/5026/3 2339/5027/3
f 2332/5017/68 2336/5028/68 2337/5022/68 2333/5029/68
f 2333/5030/5 2337/5031/5 2338/5032/5 2334/5033/5
f 2335/5034/67 2331/5016/67 2334/5035/67 2338/5021/67
f 2340/5036/66 2341/5037/66 2342/5038/66 2343/5039/66
f 2344/5040/65 2347/5041/65 2346/5042/65 2345/5043/65
f 2340/5044/3 2344/5045/3 2345/5046/3 2348/5047/3
f 2341/5037/68 2345/5048/68 2346/5042/68 2342/5049/68
f 2342/5050/5 2346/5051/5 2347/5052/5 2343/5053/5
f 2344/5054/67 2340/5036/67 2343/5055/67 2347/5041/67
f 2349/5056/73 2350/5057/73 2351/5058/73 2352/5059/73
f 2353/5060/74 2356/5061/74 2355/5062/74 2354/5063/74
f 2349/5064/3 2353/5060/3 2354/5063/3 2357/5065/3
f 2350/5066/75 2354/5063/75 2355/5067/75 2351/5068/75
f 2351/5069/5 2355/5070/5 2356/5071/5 2352/5072/5
f 2353/5060/76 2349/5064/76 2352/5072/76 2356/5071/76
f 2358/5073/74 2359/5074/74 2360/5075/74 2361/5076/74
f 2362/5077/73 2365/5078/73 2364/5079/73 2363/5080/73
f 2358/5073/3 2362/5081/3 2363/5082/3 2366/5083/3
f 2359/5084/77 2363/5085/77 2364/5079/77 2360/5086/77
f 2360/5087/5 2364/5088/5 2365/5089/5 2361/5090/5
f 2362/5091/75 2358/5092/75 2361/5093/75 2365/5078/75
f 2367/5094/74 2368/5095/74 2369/5096/74 2370/5097/74
f 2371/5098/73 2374/5099/73 2373/5100/73 2372/5101/73
f 2367/5094/3 2371/5102/3 2372/5103/3 2375/5104/3
f 2368/5105/77 2372/5106/77 2373/5100/77 2369/5107/77
f 2369/5108/5 2373/5109/5 2374/5110/5 2370/5111/5
f 2371/5112/78 2367/5113/78 2370/5114/78 2374/5099/78
f 2376/5115/74 2377/5116/74 2378/5117/74 2379/5118/74
f 2380/5119/73 2383/5120/73 2382/5121/73 2381/5122/73
f 2376/5115/3 2380/5123/3 2381/5124/3 2384/5125/3
f 2377/5126/77 2381/5127/77 2382/5121/77 2378/5128/77
f 2378/5129/5 2382/5130/5 2383/5131/5 2379/5132/5
f 2380/5133/75 2376/5134/75 2379/5135/75 2383/5120/75
f 2385/5136/74 2386/5137/74 2387/5138/74 2388/5139/74
f 2389/5140/73 2392/5141/73 2391/5142/73 2390/5143/73
f 2385/5136/3 2389/5144/3 2390/5145/3 2393/5146/3
f 2386/5147/77 2390/5148/77 2391/5142/77 2387/5149/77
f 2387/5150/5 2391/5151/5 2392/5152/5 2388/5153/5
f 2389/5154/75 2385/5155/75 2388/5156/75 2392/5141/75
f 2394/5157/74 2395/5158/74 2396/5159/74 2397/5160/74
f 2398/5161/73 2401/5162/73 2400/5163/73 2399/5164/73
f 2394/5157/3 2398/5165/3 2399/5166/3 2402/5167/3
f 2395/5168/77 2399/5169/77 2400/5163/77 2396/5170/77
f 2396/5171/5 2400/5172/5 2401/5173/5 2397/5174/5
f 2398/5175/75 2394/5176/75 2397/5177/75 2401/5162/75
f 2403/5178/74 2404/5179/74 2405/5180/74 2406/5181/74
f 2407/5182/79 2410/5183/79 2409/5184/79 2408/5185/79
f 2403/5178/3 2407/5186/3 2408/5187/3 2411/5188/3
f 2404/5189/77 2408/5190/77 2409/5184/77 2405/5191/77
f 2405/5192/5 2409/5193/5 2410/5194/5 2406/5195/5
f 2407/5196/75 2403/5197/75 2406/5198/75 2410/5183/75
f 2412/5199/74 2413/5200/74 2414/5201/74 2415/5202/74
f 2416/5203/73 2419/5204/73 2418/5205/73 2417/5206/73
f 2412/5199/3 2416/5207/3 2417/5208/3 2420/5209/3
f 2413/5210/76 2417/5211/76 2418/5205/76 2414/5212/76
f 2414/5213/5 2418/5214/5 2419/5215/5 2415/5216/5
f 2416/5217/75 2412/5218/75 2415/5219/75 2419/5204/75
f 2421/5220/74 2422/5221/74 2423/5222/74 2424/5223/74
f 2425/5224/73 2428/5225/73 2427/5226/73 2426/5227/73
f 2421/5220/3 2425/5228/3 2426/5229/3 2429/5230/3
f 2422/5231/76 2426/5232/76 2427/5226/76 2423/5233/76
f 2423/5234/5 2427/5235/5 2428/5236/5 2424/5237/5
f 2425/5238/75 2421/5239/75 2424/5240/75 2428/5225/75
f 2430/5241/74 2431/5242/74 2432/5243/74 2433/5244/74
f 2434/5245/79 2437/5246/79 2436/5247/79 2435/5248/79
f 2430/5241/3 2434/5249/3 2435/5250/3 2438/5251/3
f 2431/5252/77 2435/5253/77 2436/5247/77 2432/5254/77
f 2432/5255/5 2436/5256/5 2437/5257/5 2439/5258/5
f 2434/5259/75 2430/5260/75 2433/5261/75 2437/5246/75
f 2440/5262/80 2441/5263/80 2442/5264/80 2443/5265/80
f 2444/5266/73 2447/5267/73 2446/5268/73 2445/5269/73
f 2440/5262/3 2444/5270/3 2445/5271/3 2448/5272/3
f 2441/5273/77 2445/5274/77 2446/5268/77 2442/5275/77
f 2442/5276/5 2446/5277/5 2447/5278/5 2449/5279/5
f 2444/5280/75 2440/5281/75 2443/5282/75 2447/5267/75
f 2450/5283/74 2451/5284/74 2452/5285/74 2453/5286/74
f 2454/5287/73 2457/5288/73 2456/5289/73 2455/5290/73
f 2450/5283/3 2454/5291/3 2455/5292/3 2458/5293/3
f 2451/5294/77 2455/5295/77 2456/5289/77 2452/5296/77
f 2452/5297/5 2456/5298/5 2457/5299/5 2459/5300/5
f 2454/5301/75 2450/5302/75 2453/5303/75 2457/5288/75
f 2460/5304/74 2461/5305/74 2462/5306/74 2463/5307/74
f 2464/5308/73 2467/5309/73 2466/5310/73 2465/5311/73
f 2460/5304/3 2464/5312/3 2465/5313/3 2468/5314/3
f 2461/5315/77 2465/5316/77 2466/5310/77 2462/5317/77
f 2462/5318/5 2466/5319/5 2467/5320/5 2469/5321/5
f 2464/5322/75 2460/5323/75 2463/5324/75 2467/5309/75
f 2470/5325/74 2471/5326/74 2472/5327/74 2473/5328/74
f 2474/5329/79 2477/5330/79 2476/5331/79 2475/5332/79
f 2470/5325/3 2474/5333/3 2475/5334/3 2478/5335/3
f 2471/5336/76 2475/5337/76 2476/5331/76 2472/5338/76
f 2472/5339/5 2476/5340/5 2477/5341/5 2479/5342/5
f 2474/5343/75 2470/5344/75 2473/5345/75 2477/5330/75
f 2480/5346/80 2481/5347/80 2482/5348/80 2483/5349/80
f 2484/5350/73 2487/5351/73 2486/5352/73 2485/5353/73
f 2480/5346/3 2484/5354/3 2485/5355/3 2488/5356/3
f 2481/5357/77 2485/5358/77 2486/5352/77 2482/5359/77
f 2482/5360/5 2486/5361/5 2487/5362/5 2483/5363/5
f 2484/5364/75 2480/5365/75 2483/5366/75 2487/5351/75
f 2489/5367/74 2490/5368/74 2491/5369/74 2492/5370/74
f 2493/5371/73 2496/5372/73 2495/5373/73 2494/5374/73
f 2489/5367/3 2493/5375/3 2494/5376/3 2497/5377/3
f 2490/5378/77 2494/5379/77 2495/5373/77 2491/5380/77
f 2491/5381/5 2495/5382/5 2496/5383/5 2492/5384/5
f 2493/5385/75 2489/5386/75 2492/5387/75 2496/5372/75
f 2498/5388/74 2499/5389/74 2500/5390/74 2501/5391/74
f 2502/5392/73 2505/5393/73 2504/5394/73 2503/5395/73
f 2498/5388/3 2502/5396/3 2503/5397/3 2506/5398/3
f 2499/5399/77 2503/5400/77 2504/5394/77 2500/5401/77
f 2500/5402/5 2504/5403/5 2505/5404/5 2501/5405/5
f 2502/5406/75 2498/5407/75 2501/5408/75 2505/5393/75
f 2507/5409/74 2508/5410/74 2509/5411/74 2510/5412/74
f 2511/5413/79 2514/5414/79 2513/5415/79 2512/5416/79
f 2507/5409/3 2511/5417/3 2512/5418/3 2515/5419/3
f 2508/5420/77 2512/5421/77 2513/5415/77 2509/5422/77
f 2509/5423/5 2513/5424/5 2514/5425/5 2510/5426/5
f 2511/5427/75 2507/5428/75 2510/5429/75 2514/5414/75
f 2516/5430/74 2517/5431/74 2518/5432/74 2519/5433/74
f 2520/5434/73 2523/5435/73 2522/5436/73 2521/5437/73
f 2516/5430/3 2520/5438/3 2521/5439/3 2524/5440/3
f 2517/5441/77 2521/5442/77 2522/5436/77 2518/5443/77
f 2518/5444/5 2522/5445/5 2523/5446/5 2519/5447/5
f 2520/5448/75 2516/5449/75 2519/5450/75 2523/5435/75
f 2525/5451/80 2526/5452/80 2527/5453/80 2528/5454/80
f 2529/5455/73 2532/5456/73 2531/5457/73 2530/5458/73
f 2525/5451/3 2529/5459/3 2530/5460/3 2533/5461/3
f 2526/5462/77 2530/5463/77 2531/5457/77 2527/5464/77
f 2527/5465/5 2531/5466/5 2532/5467/5 2528/5468/5
f 2529/5469/78 2525/5470/78 2528/5471/78 2532/5456/78
f 2534/5472/74 2535/5473/74 2536/5474/74 2537/5475/74
f 2538/5476/73 2541/5477/73 2540/5478/73 2539/5479/73
f 2534/5472/3 2538/5480/3 2539/5481/3 2542/5482/3
f 2535/5483/77 2539/5484/77 2540/5478/77 2536/5485/77
f 2536/5486/5 2540/5487/5 2541/5488/5 2537/5489/5
f 2538/5490/75 2534/5491/75 2537/5492/75 2541/5477/75
f 2543/5493/74 2544/5494/74 2545/5495/74 2546/5496/74
f 2547/5497/73 2550/5498/73 2549/5499/73 2548/5500/73
f 2543/5493/3 2547/5501/3 2548/5502/3 2551/5503/3
f 2544/5504/77 2548/5505/77 2549/5499/77 2545/5506/77
f 2545/5507/5 2549/5508/5 2550/5509/5 2546/5510/5
f 2547/5511/75 2543/5512/75 2546/5513/75 2550/5498/75
f 2552/5514/74 2553/5515/74 2554/5516/74 2555/5517/74
f 2556/5518/73 2559/5519/73 2558/5520/73 2557/5521/73
f 2552/5514/3 2556/5522/3 2557/5523/3 2560/5524/3
f 2553/5525/76 2557/5526/76 2558/5520/76 2554/5527/76
f 2554/5528/5 2558/5529/5 2559/5530/5 2555/5531/5
f 2556/5532/75 2552/5533/75 2555/5534/75 2559/5519/75
f 2561/5535/80 2562/5536/80 2563/5537/80 2564/5538/80
f 2565/5539/73 2568/5540/73 2567/5541/73 2566/5542/73
f 2561/5535/3 2565/5543/3 2566/5544/3 2569/5545/3
f 2562/5546/77 2566/5547/77 2567/5541/77 2563/5537/77
f 2563/5548/5 2567/5549/5 2568/5550/5 2564/5551/5
f 2565/5552/75 2561/5553/75 2564/5554/75 2568/5540/75
f 2570/5555/74 2571/5556/74 2572/5557/74 2573/5558/74
f 2574/5559/73 2577/5560/73 2576/5561/73 2575/5562/73
f 2570/5555/3 2574/5563/3 2575/5564/3 2578/5565/3
f 2571/5566/77 2575/5567/77 2576/5561/77 2572/5568/77
f 2572/5569/5 2576/5570/5 2577/5571/5 2573/5572/5
f 2574/5573/75 2570/5574/75 2573/5575/75 2577/5560/75
f 2579/5576/80 2580/5577/80 2581/5578/80 2582/5579/80
f 2583/5580/73 2586/5581/73 2585/5582/73 2584/5583/73
f 2579/5576/3 2583/5584/3 2584/5585/3 2587/5586/3
f 2580/5587/77 2584/5588/77 2585/5582/77 2581/5589/77
f 2581/5590/5 2585/5591/5 2586/5592/5 2582/5593/5
f 2583/5594/75 2579/5595/75 2582/5596/75 2586/5581/75
f 2588/5597/74 2589/5598/74 2590/5599/74 2591/5600/74
f 2592/5601/79 2595/5602/79 2594/5603/79 2593/5604/79
f 2588/5597/3 2592/5605/3 2593/5606/3 2596/5607/3
f 2589/5608/76 2593/5609/76 2594/5603/76 2590/5610/76
f 2590/5611/5 2594/5612/5 2595/5613/5 2591/5614/5
f 2592/5615/75 2588/5616/75 2591/5617/75 2595/5602/75
f 2597/5618/74 2598/5619/74 2599/5620/74 2600/5621/74
f 2601/5622/73 2604/5623/73 2603/5624/73 2602/5625/73
f 2597/5618/3 2601/5626/3 2602/5627/3 2605/5628/3
f 2598/5629/77 2602/5630/77 2603/5624/77 2599/5631/77
f 2599/5632/5 2603/5633/5 2604/5634/5 2600/5635/5
f 2601/5636/75 2597/5637/75 2600/5638/75 2604/5623/75
f 2606/5639/74 2607/5640/74 2608/5641/74 2609/5642/74
f 2610/5643/73 2613/5644/73 2612/5645/73 2611/5646/73
f 2606/5639/3 2610/5647/3 2611/5648/3 2614/5649/3
f 2607/5650/77 2611/5651/77 2612/5645/77 2608/5652/77
f 2608/5653/5 2612/5654/5 2613/5655/5 2609/5656/5
f 2610/5657/75 2606/5658/75 2609/5659/75 2613/5644/75
f 2615/5660/80 2616/5661/80 2617/5662/80 2618/5663/80
f 2619/5664/79 2622/5665/79 2621/5666/79 2620/5667/79
f 2615/5660/3 2619/5668/3 2620/5669/3 2623/5670/3
f 2616/5671/77 2620/5672/77 2621/5666/77 2617/5673/77
f 2617/5674/5 2621/5675/5 2622/5676/5 2618/5677/5
f 2619/5678/75 2615/5679/75 2618/5680/75 2622/5665/75
f 2624/5681/74 2625/5682/74 2626/5683/74 2627/5684/74
f 2628/5685/73 2631/5686/73 2630/5687/73 2629/5688/73
f 2624/5681/3 2628/5689/3 2629/5690/3 2632/5691/3
f 2625/5692/77 2629/5693/77 2630/5687/77 2626/5694/77
f 2626/5695/5 2630/5696/5 2631/5697/5 2627/5698/5
f 2628/5699/75 2624/5700/75 2627/5701/75 2631/5686/75
f 2633/5702/74 2634/5703/74 2635/5704/74 2636/5705/74
f 2637/5706/73 2640/5707/73 2639/5708/73 2638/5709/73
f 2633/5702/3 2637/5710/3 2638/5711/3 2641/5712/3
f 2634/5713/77 2638/5714/77 2639/5708/77 2635/5715/77
f 2635/5716/5 2639/5717/5 2640/5718/5 2636/5719/5
f 2637/5720/75 2633/5721/75 2636/5722/75 2640/5707/75
f 2642/5723/74 2643/5724/74 2644/5725/74 2645/5726/74
f 2646/5727/73 2649/5728/73 2648/5729/73 2647/5730/73
f 2642/5723/3 2646/5731/3 2647/5732/3 2650/5733/3
f 2643/5734/77 2647/5735/77 2648/5729/77 2644/5736/77
f 2644/5737/5 2648/5738/5 2649/5739/5 2645/5740/5
f 2646/5741/75 2642/5742/75 2645/5743/75 2649/5728/75
f 2651/5744/74 2652/5745/74 2653/5746/74 2654/5747/74
f 2655/5748/73 2658/5749/73 2657/5750/73 2656/5751/73
f 2651/5744/3 2655/5752/3 2656/5753/3 2659/5754/3
f 2652/5755/77 2656/5756/77 2657/5750/77 2653/5757/77
f 2653/5758/5 2657/5759/5 2658/5760/5 2654/5761/5
f 2655/5762/75 2651/5763/75 2654/5764/75 2658/5749/75
f 2660/5765/74 2661/5766/74 2662/5767/74 2663/5768/74
f 2664/5769/73 2667/5770/73 2666/5771/73 2665/5772/73
f 2660/5765/3 2664/5773/3 2665/5774/3 2668/5775/3
f 2661/5776/77 2665/5777/77 2666/5771/77 2662/5778/77
f 2662/5779/5 2666/5780/5 2667/5781/5 2663/5782/5
f 2664/5783/75 2660/5784/75 2663/5785/75 2667/5770/75
f 2669/5786/74 2670/5787/74 2671/5788/74 2672/5789/74
f 2673/5790/73 2676/5791/73 2675/5792/73 2674/5793/73
f 2669/5786/3 2673/5794/3 2674/5795/3 2677/5796/3
f 2670/5797/77 2674/5798/77 2675/5792/77 2671/5799/77
f 2671/5800/5 2675/5801/5 2676/5802/5 2672/5803/5
f 2673/5804/75 2669/5805/75 2672/5806/75 2676/5791/75
f 2678/5807/80 2679/5808/80 2680/5809/80 2681/5810/80
f 2682/5811/73 2685/5812/73 2684/5813/73 2683/5814/73
f 2678/5807/3 2682/5815/3 2683/5816/3 2686/5817/3
f 2679/5818/76 2683/5819/76 2684/5813/76 2680/5820/76
f 2680/5821/5 2684/5822/5 2685/5823/5 2681/5824/5
f 2682/5825/75 2678/5826/75 2681/5827/75 2685/5812/75
f 2687/5828/74 2688/5829/74 2689/5830/74 2690/5831/74
f 2691/5832/73 2694/5833/73 2693/5834/73 2692/5835/73
f 2687/5828/3 2691/5836/3 2692/5837/3 2695/5838/3
f 2688/5839/76 2692/5840/76 2693/5834/76 2689/5841/76
f 2689/5842/5 2693/5843/5 2694/5844/5 2690/5845/5
f 2691/5846/75 2687/5847/75 2690/5848/75 2694/5833/75
f 2696/5849/74 2697/5850/74 2698/5851/74 2699/5852/74
f 2700/5853/73 2703/5854/73 2702/5855/73 2701/5856/73
f 2696/5849/3 2700/5857/3 2701/5858/3 2704/5859/3
f 2697/5860/76 2701/5861/76 2702/5855/76 2698/5862/76
f 2698/5863/5 2702/5864/5 2703/5865/5 2699/5866/5
f 2700/5867/75 2696/5868/75 2699/5869/75 2703/5854/75
f 2705/5870/74 2706/5871/74 2707/5872/74 2708/5873/74
f 2709/5874/79 2712/5875/79 2711/5876/79 2710/5877/79
f 2705/5878/3 2709/5879/3 2710/5880/3 2713/5881/3
f 2706/5882/77 2710/5883/77 2711/5876/77 2707/5884/77
f 2707/5885/5 2711/5886/5 2712/5887/5 2708/5888/5
f 2709/5889/75 2705/5870/75 2708/5890/75 2712/5875/75
f 2714/5891/74 2715/5892/74 2716/5893/74 2717/5894/74
f 2718/5895/73 2721/5896/73 2720/5897/73 2719/5898/73
f 2714/5899/3 2718/5900/3 2719/5901/3 2722/5902/3
f 2715/5892/77 2719/5903/77 2720/5897/77 2716/5904/77
f 2716/5905/5 2720/5906/5 2721/5907/5 2717/5908/5
f 2718/5909/75 2714/5891/75 2717/5910/75 2721/5896/75
f 2723/5911/74 2724/5912/74 2725/5913/74 2726/5914/74
f 2727/5915/79 2730/5916/79 2729/5917/79 2728/5918/79
f 2723/5919/3 2727/5920/3 2728/5921/3 2731/5922/3
f 2724/5912/77 2728/5923/77 2729/5917/77 2725/5924/77
f 2725/5925/5 2729/5926/5 2730/5927/5 2726/5928/5
f 2727/5929/75 2723/5911/75 2726/5930/75 2730/5916/75
f 2732/5931/74 2733/5932/74 2734/5933/74 2735/5934/74
f 2736/5935/79 2739/5936/79 2738/5937/79 2737/5938/79
f 2732/5939/3 2736/5940/3 2737/5941/3 2740/5942/3
f 2733/5932/77 2737/5943/77 2738/5937/77 2734/5944/77
f 2734/5945/5 2738/5946/5 2739/5947/5 2735/5948/5
f 2736/5949/75 2732/5931/75 2735/5950/75 2739/5936/75
f 2741/5951/74 2742/5952/74 2743/5953/74 2744/5954/74
f 2745/5955/73 2748/5956/73 2747/5957/73 2746/5958/73
f 2741/5959/3 2745/5960/3 2746/5961/3 2749/5962/3
f 2742/5952/76 2746/5963/76 2747/5957/76 2743/5964/76
f 2743/5965/5 2747/5966/5 2748/5967/5 2744/5968/5
f 2745/5969/75 2741/5951/75 2744/5970/75 2748/5956/75
f 2750/5971/74 2751/5972/74 2752/5973/74 2753/5974/74
f 2754/5975/73 2757/5976/73 2756/5977/73 2755/5978/73
f 2750/5979/3 2754/5980/3 2755/5981/3 2758/5982/3
f 2751/5972/76 2755/5983/76 2756/5977/76 2752/5984/76
f 2752/5985/5 2756/5986/5 2757/5987/5 2753/5988/5
f 2754/5989/75 2750/5971/75 2753/5990/75 2757/5976/75
f 2759/5991/74 2760/5992/74 2761/5993/74 2762/5994/74
f 2763/5995/73 2766/5996/73 2765/5997/73 2764/5998/73
f 2759/5999/3 2763/6000/3 2764/6001/3 2767/6002/3
f 2760/5992/76 2764/6003/76 2765/5997/76 2761/6004/76
f 2761/6005/5 2765/6006/5 2766/6007/5 2762/6008/5
f 2763/6009/75 2759/5991/75 2762/6010/75 2766/5996/75
f 2768/6011/74 2769/6012/74 2770/6013/74 2771/6014/74
f 2772/6015/79 2775/6016/79 2774/6017/79 2773/6018/79
f 2768/6019/3 2772/6020/3 2773/6021/3 2776/6022/3
f 2769/6012/76 2773/6023/76 2774/6017/76 2770/6024/76
f 2770/6025/5 2774/6026/5 2775/6027/5 2771/6028/5
f 2772/6029/75 2768/6011/75 2771/6030/75 2775/6016/75
f 2777/6031/74 2778/6032/74 2779/6033/74 2780/6034/74
f 2781/6035/79 2784/6036/79 2783/6037/79 2782/6038/79
f 2777/6039/3 2781/6040/3 2782/6041/3 2785/6042/3
f 2778/6032/77 2782/6043/77 2783/6037/77 2795/6044/77
f 2795/6045/5 2783/6046/5 2784/6047/5 2780/6048/5
f 2781/6049/75 2777/6031/75 2780/6050/75 2784/6036/75
f 2786/6051/80 2787/6052/80 2788/6053/80 2789/6054/80
f 2790/6055/73 2793/6056/73 2792/6057/73 2791/6058/73
f 2786/6059/3 2790/6060/3 2791/6061/3 2794/6062/3
f 2787/6052/77 2791/6063/77 2792/6057/77 2788/6064/77
f 2788/6065/5 2792/6066/5 2793/6067/5 2789/6068/5
f 2790/6069/75 2786/6051/75 2789/6070/75 2793/6056/75
f 2796/6071/74 2797/6072/74 2798/6073/74 2799/6074/74
f 2800/6075/73 2803/6076/73 2802/6077/73 2801/6078/73
f 2796/6079/3 2800/6080/3 2801/6081/3 2804/6082/3
f 2797/6072/76 2801/6083/76 2802/6077/76 2798/6084/76
f 2798/6085/5 2802/6086/5 2803/6087/5 2799/6088/5
f 2800/6089/75 2796/6071/75 2799/6090/75 2803/6076/75
f 2805/6091/74 2806/6092/74 2807/6093/74 2808/6094/74
f 2809/6095/73 2812/6096/73 2811/6097/73 2810/6098/73
f 2805/6099/3 2809/6100/3 2810/6101/3 2813/6102/3
f 2806/6092/76 2810/6103/76 2811/6097/76 2807/6104/76
f 2807/6105/5 2811/6106/5 2812/6107/5 2808/6108/5
f 2809/6109/75 2805/6091/75 2808/6110/75 2812/6096/75
f 2814/6111/74 2815/6112/74 2816/6113/74 2817/6114/74
f 2818/6115/79 2821/6116/79 2820/6117/79 2819/6118/79
f 2814/6119/3 2818/6120/3 2819/6121/3 2822/6122/3
f 2815/6112/77 2819/6123/77 2820/6117/77 2816/6124/77
f 2816/6125/5 2820/6126/5 2821/6127/5 2817/6128/5
f 2818/6129/75 2814/6111/75 2817/6130/75 2821/6116/75
f 2823/6131/74 2824/6132/74 2825/6133/74 2826/6134/74
f 2827/6135/73 2830/6136/73 2829/6137/73 2828/6138/73
f 2823/6139/3 2827/6140/3 2828/6141/3 2831/6142/3
f 2824/6132/77 2828/6143/77 2829/6137/77 2825/6144/77
f 2825/6145/5 2829/6146/5 2830/6147/5 2826/6148/5
f 2827/6149/75 2823/6131/75 2826/6150/75 2830/6136/75
f 2832/6151/74 2833/6152/74 2834/6153/74 2835/6154/74
f 2836/6155/79 2839/6156/79 2838/6157/79 2837/6158/79
f 2832/6159/3 2836/6160/3 2837/6161/3 2840/6162/3
f 2833/6152/77 2837/6163/77 2838/6157/77 2834/6164/77
f 2834/6165/5 2838/6166/5 2839/6167/5 2835/6168/5
f 2836/6169/75 2832/6151/75 2835/6170/75 2839/6156/75
f 2841/6171/80 2842/6172/80 2843/6173/80 2844/6174/80
f 2845/6175/73 2848/6176/73 2847/6177/73 2846/6178/73
f 2841/6179/3 2845/6180/3 2846/6181/3 2849/6182/3
f 2842/6172/77 2846/6183/77 2847/6177/77 2843/6184/77
f 2843/6185/5 2847/6186/5 2848/6187/5 2844/6188/5
f 2845/6189/75 2841/6171/75 2844/6190/75 2848/6176/75
f 2850/6191/74 2851/6192/74 2852/6193/74 2853/6194/74
f 2854/6195/79 2857/6196/79 2856/6197/79 2855/6198/79
f 2850/6199/3 2854/6200/3 2855/6201/3 2858/6202/3
f 2851/6192/76 2855/6203/76 2856/6197/76 2852/6204/76
f 2852/6205/5 2856/6206/5 2857/6207/5 2853/6208/5
f 2854/6209/75 2850/6191/75 2853/6210/75 2857/6196/75
f 2859/6211/74 2860/6212/74 2861/6213/74 2862/6214/74
f 2863/6215/73 2866/6216/73 2865/6217/73 2864/6218/73
f 2859/6219/3 2863/6220/3 2864/6221/3 2867/6222/3
f 2860/6212/76 2864/6223/76 2865/6217/76 2861/6224/76
f 2861/6225/5 2865/6226/5 2866/6227/5 2862/6228/5
f 2863/6229/75 2859/6211/75 2862/6230/75 2866/6216/75
f 2868/6231/74 2869/6232/74 2870/6233/74 2871/6234/74
f 2872/6235/73 2875/6236/73 2874/6237/73 2873/6238/73
f 2868/6239/3 2872/6240/3 2873/6241/3 2876/6242/3
f 2869/6232/77 2873/6243/77 2874/6237/77 2870/6244/77
f 2870/6245/5 2874/6246/5 2875/6247/5 2871/6248/5
f 2872/6249/75 2868/6231/75 2871/6250/75 2875/6236/75
f 2877/6251/80 2878/6252/80 2879/6253/80 2880/6254/80
f 2881/6255/73 2884/6256/73 2883/6257/73 2882/6258/73
f 2877/6259/3 2881/6260/3 2882/6261/3 2885/6262/3
f 2878/6252/77 2882/6263/77 2883/6257/77 2879/6264/77
f 2879/6265/5 2883/6266/5 2884/6267/5 2880/6268/5
f 2881/6269/75 2877/6251/75 2880/6270/75 2884/6256/75
f 2886/6271/74 2887/6272/74 2888/6273/74 2889/6274/74
f 2890/6275/79 2893/6276/79 2892/6277/79 2891/6278/79
f 2886/6279/3 2890/6280/3 2891/6281/3 2894/6282/3
f 2887/6272/77 2891/6283/77 2892/6277/77 2888/6284/77
f 2888/6285/5 2892/6286/5 2893/6287/5 2889/6288/5
f 2890/6289/75 2886/6271/75 2889/6290/75 2893/6276/75
f 2895/6291/80 2896/6292/80 2897/6293/80 2898/6294/80
f 2899/6295/73 2902/6296/73 2901/6297/73 2900/6298/73
f 2895/6299/3 2899/6300/3 2900/6301/3 2903/6302/3
f 2896/6292/77 2900/6303/77 2901/6297/77 2897/6304/77
f 2897/6305/5 2901/6306/5 2902/6307/5 2898/6308/5
f 2899/6309/75 2895/6291/75 2898/6310/75 2902/6296/75
f 2904/6311/74 2905/6312/74 2906/6313/74 2907/6314/74
f 2908/6315/73 2911/6316/73 2910/6317/73 2909/6318/73
f 2904/6319/3 2908/6320/3 2909/6321/3 2912/6322/3
f 2905/6312/76 2909/6323/76 2910/6317/76 2906/6324/76
f 2906/6325/5 2910/6326/5 2911/6327/5 2907/6328/5
f 2908/6329/75 2904/6311/75 2907/6330/75 2911/6316/75
f 2913/6331/80 2914/6332/80 2915/6333/80 2916/6334/80
f 2917/6335/73 2920/6336/73 2919/6337/73 2918/6338/73
f 2913/6339/3 2917/6340/3 2918/6341/3 2921/6342/3
f 2914/6332/76 2918/6343/76 2919/6337/76 2915/6344/76
f 2915/6345/5 2919/6346/5 2920/6347/5 2916/6348/5
f 2917/6349/75 2913/6331/75 2916/6350/75 2920/6336/75
f 2922/6351/80 2923/6352/80 2924/6353/80 2925/6354/80
f 2926/6355/73 2929/6356/73 2928/6357/73 2927/6358/73
f 2922/6359/3 2926/6360/3 2927/6361/3 2930/6362/3
f 2923/6352/77 2927/6363/77 2928/6357/77 2924/6364/77
f 2924/6365/5 2928/6366/5 2929/6367/5 2925/6368/5
f 2926/6369/75 2922/6351/75 2925/6370/75 2929/6356/75
f 2931/6371/74 2932/6372/74 2933/6373/74 2934/6374/74
f 2935/6375/73 2938/6376/73 2937/6377/73 2936/6378/73
f 2931/6379/3 2935/6380/3 2936/6381/3 2939/6382/3
f 2932/6372/77 2936/6383/77 2937/6377/77 2933/6384/77
f 2933/6385/5 2937/6386/5 2938/6387/5 2934/6388/5
f 2935/6389/75 2931/6371/75 2934/6390/75 2938/6376/75
f 2940/6391/74 2941/6392/74 2942/6393/74 2943/6394/74
f 2944/6395/73 2947/6396/73 2946/6397/73 2945/6398/73
f 2940/6399/3 2944/6400/3 2945/6401/3 2948/6402/3
f 2941/6392/77 2945/6403/77 2946/6397/77 2942/6404/77
f 2942/6405/5 2946/6406/5 2947/6407/5 2943/6408/5
f 2944/6409/75 2940/6391/75 2943/6410/75 2947/6396/75
f 2949/6411/74 2950/6412/74 2951/6413/74 2952/6414/74
f 2953/6415/73 2956/6416/73 2955/6417/73 2954/6418/73
f 2949/6419/3 2953/6420/3 2954/6421/3 2957/6422/3
f 2950/6412/76 2954/6423/76 2955/6417/76 2951/6424/76
f 2951/6425/5 2955/6426/5 2956/6427/5 2952/6428/5
f 2953/6429/75 2949/6411/75 2952/6430/75 2956/6416/75
f 2958/6431/74 2959/6432/74 2960/6433/74 2961/6434/74
f 2962/6435/73 2965/6436/73 2964/6437/73 2963/6438/73
f 2958/6439/3 2962/6440/3 2963/6441/3 2966/6442/3
f 2959/6432/77 2963/6443/77 2964/6437/77 2960/6444/77
f 2960/6445/5 2964/6446/5 2965/6447/5 2961/6448/5
f 2962/6449/75 2958/6431/75 2961/6450/75 2965/6436/75
f 2967/6451/74 2968/6452/74 2969/6453/74 2970/6454/74
f 2971/6455/73 2974/6456/73 2973/6457/73 2972/6458/73
f 2967/6459/3 2971/6460/3 2972/6461/3 2975/6462/3
f 2968/6452/77 2972/6463/77 2973/6457/77 2969/6464/77
f 2969/6465/5 2973/6466/5 2974/6467/5 2970/6468/5
f 2971/6469/75 2967/6451/75 2970/6470/75 2974/6456/75
f 2976/6471/74 2977/6472/74 2978/6473/74 2979/6474/74
f 2980/6475/73 2983/6476/73 2982/6477/73 2981/6478/73
f 2976/6479/3 2980/6480/3 2981/6481/3 2984/6482/3
f 2977/6472/77 2981/6483/77 2982/6477/77 2978/6484/77
f 2978/6485/5 2982/6486/5 2983/6487/5 2979/6488/5
f 2980/6489/75 2976/6471/75 2979/6490/75 2983/6476/75
f 2985/6491/74 2986/6492/74 2987/6493/74 2988/6494/74
f 2989/6495/73 2992/6496/73 2991/6497/73 2990/6498/73
f 2985/6499/3 2989/6500/3 2990/6501/3 2993/6502/3
f 2986/6492/76 2990/6503/76 2991/6497/76 2987/6504/76
f 2987/6505/5 2991/6506/5 2992/6507/5 2988/6508/5
f 2989/6509/75 2985/6491/75 2988/6510/75 2992/6496/75
f 2994/6511/74 2995/6512/74 2996/6513/74 2997/6514/74
f 2998/6515/73 3001/6516/73 3000/6517/73 2999/6518/73
f 2994/6519/3 2998/6520/3 2999/6521/3 3002/6522/3
f 2995/6512/77 2999/6523/77 3000/6517/77 2996/6524/77
f 2996/6525/5 3000/6526/5 3001/6527/5 2997/6528/5
f 2998/6529/75 2994/6511/75 2997/6530/75 3001/6516/75
f 3003/6531/74 3004/6532/74 3005/6533/74 3006/6534/74
f 3007/6535/73 3010/6536/73 3009/6537/73 3008/6538/73
f 3003/6539/3 3007/6540/3 3008/6541/3 3011/6542/3
f 3004/6532/76 3008/6543/76 3009/6537/76 3005/6544/76
f 3005/6545/5 3009/6546/5 3010/6547/5 3006/6548/5
f 3007/6549/75 3003/6531/75 3006/6550/75 3010/6536/75
f 3012/6551/80 3013/6552/80 3014/6553/80 3015/6554/80
f 3016/6555/73 3019/6556/73 3018/6557/73 3017/6558/73
f 3012/6559/3 3016/6560/3 3017/6561/3 3020/6562/3
f 3013/6552/77 3017/6563/77 3018/6557/77 3014/6564/77
f 3014/6565/5 3018/6566/5 3019/6567/5 3015/6568/5
f 3016/6569/75 3012/6551/75 3015/6570/75 3019/6556/75
f 3021/6571/74 3022/6572/74 3023/6573/74 3024/6574/74
f 3025/6575/73 3028/6576/73 3027/6577/73 3026/6578/73
f 3021/6579/3 3025/6580/3 3026/6581/3 3029/6582/3
f 3022/6572/76 3026/6583/76 3027/6577/76 3023/6584/76
f 3023/6585/5 3027/6586/5 3028/6587/5 3024/6588/5
f 3025/6589/75 3021/6571/75 3024/6590/75 3028/6576/75
f 3030/6591/74 3031/6592/74 3032/6593/74 3033/6594/74
f 3034/6595/73 3037/6596/73 3036/6597/73 3035/6598/73
f 3030/6599/3 3034/6600/3 3035/6601/3 3038/6602/3
f 3031/6592/77 3035/6603/77 3036/6597/77 3032/6604/77
f 3032/6605/5 3036/6606/5 3037/6607/5 3033/6608/5
f 3034/6609/75 3030/6591/75 3033/6610/75 3037/6596/75
f 3039/6611/74 3040/6612/74 3041/6613/74 3042/6614/74
f 3043/6615/73 3046/6616/73 3045/6617/73 3044/6618/73
f 3039/6619/3 3043/6620/3 3044/6621/3 3047/6622/3
f 3040/6612/77 3044/6623/77 3045/6617/77 3041/6624/77
f 3041/6625/5 3045/6626/5 3046/6627/5 3042/6628/5
f 3043/6629/75 3039/6611/75 3042/6630/75 3046/6616/75
f 3048/6631/74 3049/6632/74 3050/6633/74 3051/6634/74
f 3052/6635/79 3055/6636/79 3054/6637/79 3053/6638/79
f 3048/6639/3 3052/6640/3 3053/6641/3 3056/6642/3
f 3049/6632/77 3053/6643/77 3054/6637/77 3050/6644/77
f 3050/6645/5 3054/6646/5 3055/6647/5 3051/6648/5
f 3052/6649/75 3048/6631/75 3051/6650/75 3055/6636/75
f 3057/6651/74 3058/6652/74 3059/6653/74 3060/6654/74
f 3061/6655/73 3064/6656/73 3063/6657/73 3062/6658/73
f 3057/6659/3 3061/6660/3 3062/6661/3 3065/6662/3
f 3058/6652/76 3062/6663/76 3063/6657/76 3059/6664/76
f 3059/6665/5 3063/6666/5 3064/6667/5 3060/6668/5
f 3061/6669/75 3057/6651/75 3060/6670/75 3064/6656/75
f 3066/6671/80 3067/6672/80 3068/6673/80 3069/6674/80
f 3070/6675/73 3073/6676/73 3072/6677/73 3071/6678/73
f 3066/6679/3 3070/6680/3 3071/6681/3 3074/6682/3
f 3067/6672/77 3071/6683/77 3072/6677/77 3068/6684/77
f 3068/6685/5 3072/6686/5 3073/6687/5 3069/6688/5
f 3070/6689/75 3066/6671/75 3069/6690/75 3073/6676/75
f 3075/6691/74 3076/6692/74 3077/6693/74 3078/6694/74
f 3079/6695/73 3082/6696/73 3081/6697/73 3080/6698/73
f 3075/6699/3 3079/6700/3 3080/6701/3 3083/6702/3
f 3076/6692/77 3080/6703/77 3081/6697/77 3077/6704/77
f 3077/6705/5 3081/6706/5 3082/6707/5 3078/6708/5
f 3079/6709/75 3075/6691/75 3078/6710/75 3082/6696/75
f 3084/6711/74 3085/6712/74 3086/6713/74 3087/6714/74
f 3088/6715/73 3091/6716/73 3090/6717/73 3089/6718/73
f 3084/6719/3 3088/6720/3 3089/6721/3 3092/6722/3
f 3085/6712/77 3089/6723/77 3090/6717/77 3086/6724/77
f 3086/6725/5 3090/6726/5 3091/6727/5 3087/6728/5
f 3088/6729/75 3084/6711/75 3087/6730/75 3091/6716/75
f 3093/6731/74 3094/6732/74 3095/6733/74 3096/6734/74
f 3097/6735/73 3100/6736/73 3099/6737/73 3098/6738/73
f 3093/6739/3 3097/6740/3 3098/6741/3 3101/6742/3
f 3094/6732/76 3098/6743/76 3099/6737/76 3095/6744/76
f 3095/6745/5 3099/6746/5 3100/6747/5 3096/6748/5
f 3097/6749/75 3093/6731/75 3096/6750/75 3100/6736/75
f 3102/6751/74 3103/6752/74 3104/6753/74 3105/6754/74
f 3106/6755/73 3109/6756/73 3108/6757/73 3107/6758/73
f 3102/6759/3 3106/6760/3 3107/6761/3 3110/6762/3
f 3103/6752/77 3107/6763/77 3108/6757/77 3104/6764/77
f 3104/6765/5 3108/6766/5 3109/6767/5 3105/6768/5
f 3106/6769/75 3102/6751/75 3105/6770/75 3109/6756/75
f 3111/6771/74 3112/6772/74 3113/6773/74 3114/6774/74
f 3115/6775/73 3118/6776/73 3117/6777/73 3116/6778/73
f 3111/6779/3 3115/6780/3 3116/6781/3 3119/6782/3
f 3112/6772/76 3116/6783/76 3117/6777/76 3113/6784/76
f 3113/6785/5 3117/6786/5 3118/6787/5 3114/6788/5
f 3115/6789/75 3111/6771/75 3114/6790/75 3118/6776/75
f 3120/6791/74 3121/6792/74 3122/6793/74 3123/6794/74
f 3124/6795/79 3127/6796/79 3126/6797/79 3125/6798/79
f 3120/6799/3 3124/6800/3 3125/6801/3 3128/6802/3
f 3121/6792/76 3125/6803/76 3126/6797/76 3122/6804/76
f 3122/6805/5 3126/6806/5 3127/6807/5 3123/6808/5
f 3124/6809/75 3120/6791/75 3123/6810/75 3127/6796/75
f 3129/6811/81 3130/6812/81 3131/6813/81 3132/6814/81
f 3133/6815/82 3136/6816/82 3135/6817/82 3134/6818/82
f 3129/6819/3 3133/6815/3 3134/6818/3 3137/6820/3
f 3130/6821/83 3134/6818/83 3135/6822/83 3131/6823/83
f 3131/6824/5 3135/6825/5 3136/6826/5 3132/6827/5
f 3133/6828/84 3129/6829/84 3132/6830/84 3136/6831/84
f 3138/6832/81 3139/6833/81 3140/6834/81 3141/6835/81
f 3142/6836/82 3145/6837/82 3144/6838/82 3143/6839/82
f 3138/6832/3 3142/6840/3 3143/6841/3 3146/6842/3
f 3139/6843/83 3143/6844/83 3144/6838/83 3140/6845/83
f 3140/6846/5 3144/6847/5 3145/6848/5 3141/6849/5
f 3142/6850/84 3138/6851/84 3141/6852/84 3145/6837/84
f 3147/6853/81 3148/6854/81 3149/6855/81 3150/6856/81
f 3151/6857/82 3154/6858/82 3153/6859/82 3152/6860/82
f 3147/6853/3 3151/6861/3 3152/6862/3 3155/6863/3
f 3148/6864/83 3152/6865/83 3153/6859/83 3149/6866/83
f 3149/6867/5 3153/6868/5 3154/6869/5 3150/6870/5
f 3151/6871/84 3147/6872/84 3150/6873/84 3154/6858/84
f 3156/6874/81 3157/6875/81 3158/6876/81 3159/6877/81
f 3160/6878/82 3163/6879/82 3162/6880/82 3161/6881/82
f 3156/6874/3 3160/6882/3 3161/6883/3 3164/6884/3
f 3157/6885/83 3161/6886/83 3162/6880/83 3158/6887/83
f 3158/6888/5 3162/6889/5 3163/6890/5 3159/6891/5
f 3160/6892/84 3156/6893/84 3159/6894/84 3163/6879/84
f 3165/6895/81 3166/6896/81 3167/6897/81 3168/6898/81
f 3169/6899/82 3172/6900/82 3171/6901/82 3170/6902/82
f 3165/6895/3 3169/6903/3 3170/6904/3 3173/6905/3
f 3166/6906/83 3170/6907/83 3171/6901/83 3167/6908/83
f 3167/6909/5 3171/6910/5 3172/6911/5 3168/6912/5
f 3169/6913/84 3165/6914/84 3168/6915/84 3172/6900/84
f 3174/6916/81 3175/6917/81 3176/6918/81 3177/6919/81
f 3178/6920/82 3181/6921/82 3180/6922/82 3179/6923/82
f 3174/6916/3 3178/6924/3 3179/6925/3 3182/6926/3
f 3175/6927/83 3179/6928/83 3180/6922/83 3176/6929/83
f 3176/6930/5 3180/6931/5 3181/6932/5 3177/6933/5
f 3178/6934/84 3174/6935/84 3177/6936/84 3181/6921/84
f 3183/6937/81 3184/6938/81 3185/6939/81 3186/6940/81
f 3187/6941/82 3190/6942/82 3189/6943/82 3188/6944/82
f 3183/6937/3 3187/6945/3 3188/6946/3 3191/6947/3
f 3184/6948/83 3188/6949/83 3189/6943/83 3185/6950/83
f 3185/6951/5 3189/6952/5 3190/6953/5 3186/6954/5
f 3187/6955/84 3183/6956/84 3186/6957/84 3190/6942/84
f 3192/6958/81 3193/6959/81 3194/6960/81 3195/6961/81
f 3196/6962/82 3199/6963/82 3198/6964/82 3197/6965/82
f 3192/6958/3 3196/6966/3 3197/6967/3 3200/6968/3
f 3193/6969/83 3197/6970/83 3198/6964/83 3194/6971/83
f 3194/6972/5 3198/6973/5 3199/6974/5 3195/6975/5
f 3196/6976/84 3192/6977/84 3195/6978/84 3199/6963/84
f 3201/6979/81 3202/6980/81 3203/6981/81 3204/6982/81
f 3205/6983/82 3208/6984/82 3207/6985/82 3206/6986/82
f 3201/6979/3 3205/6987/3 3206/6988/3 3209/6989/3
f 3202/6990/83 3206/6991/83 3207/6985/83 3203/6992/83
f 3203/6993/5 3207/6994/5 3208/6995/5 3204/6996/5
f 3205/6997/84 3201/6998/84 3204/6999/84 3208/6984/84
f 3210/7000/81 3211/7001/81 3212/7002/81 3213/7003/81
f 3214/7004/82 3217/7005/82 3216/7006/82 3215/7007/82
f 3210/7000/3 3214/7008/3 3215/7009/3 3218/7010/3
f 3211/7011/83 3215/7012/83 3216/7006/83 3212/7013/83
f 3212/7014/5 3216/7015/5 3217/7016/5 3219/7017/5
f 3214/7018/84 3210/7019/84 3213/7020/84 3217/7005/84
f 3220/7021/81 3221/7022/81 3222/7023/81 3223/7024/81
f 3224/7025/82 3227/7026/82 3226/7027/82 3225/7028/82
f 3220/7021/3 3224/7029/3 3225/7030/3 3228/7031/3
f 3221/7032/83 3225/7033/83 3226/7027/83 3222/7034/83
f 3222/7035/5 3226/7036/5 3227/7037/5 3229/7038/5
f 3224/7039/84 3220/7040/84 3223/7041/84 3227/7026/84
f 3230/7042/81 3231/7043/81 3232/7044/81 3233/7045/81
f 3234/7046/82 3237/7047/82 3236/7048/82 3235/7049/82
f 3230/7042/3 3234/7050/3 3235/7051/3 3238/7052/3
f 3231/7053/83 3235/7054/83 3236/7048/83 3232/7055/83
f 3232/7056/5 3236/7057/5 3237/7058/5 3239/7059/5
f 3234/7060/84 3230/7061/84 3233/7062/84 3237/7047/84
f 3240/7063/81 3241/7064/81 3242/7065/81 3243/7066/81
f 3244/7067/82 3247/7068/82 3246/7069/82 3245/7070/82
f 3240/7063/3 3244/7071/3 3245/7072/3 3248/7073/3
f 3241/7074/83 3245/7075/83 3246/7069/83 3242/7076/83
f 3242/7077/5 3246/7078/5 3247/7079/5 3249/7080/5
f 3244/7081/84 3240/7082/84 3243/7083/84 3247/7068/84
f 3250/7084/81 3251/7085/81 3252/7086/81 3253/7087/81
f 3254/7088/82 3257/7089/82 3256/7090/82 3255/7091/82
f 3250/7084/3 3254/7092/3 3255/7093/3 3258/7094/3
f 3251/7095/83 3255/7096/83 3256/7090/83 3252/7097/83
f 3252/7098/5 3256/7099/5 3257/7100/5 3259/7101/5
f 3254/7102/84 3250/7103/84 3253/7104/84 3257/7089/84
f 3260/7105/81 3261/7106/81 3262/7107/81 3263/7108/81
f 3264/7109/82 3267/7110/82 3266/7111/82 3265/7112/82
f 3260/7105/3 3264/7113/3 3265/7114/3 3268/7115/3
f 3261/7116/83 3265/7117/83 3266/7111/83 3262/7118/83
f 3262/7119/5 3266/7120/5 3267/7121/5 3263/7122/5
f 3264/7123/84 3260/7124/84 3263/7125/84 3267/7110/84
f 3269/7126/81 3270/7127/81 3271/7128/81 3272/7129/81
f 3273/7130/82 3276/7131/82 3275/7132/82 3274/7133/82
f 3269/7126/3 3273/7134/3 3274/7135/3 3277/7136/3
f 3270/7137/83 3274/7138/83 3275/7132/83 3271/7139/83
f 3271/7140/5 3275/7141/5 3276/7142/5 3272/7143/5
f 3273/7144/84 3269/7145/84 3272/7146/84 3276/7131/84
f 3278/7147/81 3279/7148/81 3280/7149/81 3281/7150/81
f 3282/7151/82 3285/7152/82 3284/7153/82 3283/7154/82
f 3278/7147/3 3282/7155/3 3283/7156/3 3286/7157/3
f 3279/7158/83 3283/7159/83 3284/7153/83 3280/7160/83
f 3280/7161/5 3284/7162/5 3285/7163/5 3281/7164/5
f 3282/7165/84 3278/7166/84 3281/7167/84 3285/7152/84
f 3287/7168/81 3288/7169/81 3289/7170/81 3290/7171/81
f 3291/7172/82 3294/7173/82 3293/7174/82 3292/7175/82
f 3287/7168/3 3291/7176/3 3292/7177/3 3295/7178/3
f 3288/7179/83 3292/7180/83 3293/7174/83 3289/7181/83
f 3289/7182/5 3293/7183/5 3294/7184/5 3290/7185/5
f 3291/7186/84 3287/7187/84 3290/7188/84 3294/7173/84
f 3296/7189/81 3297/7190/81 3298/7191/81 3299/7192/81
f 3300/7193/82 3303/7194/82 3302/7195/82 3301/7196/82
f 3296/7189/3 3300/7197/3 3301/7198/3 3304/7199/3
f 3297/7200/83 3301/7201/83 3302/7195/83 3298/7202/83
f 3298/7203/5 3302/7204/5 3303/7205/5 3299/7206/5
f 3300/7207/84 3296/7208/84 3299/7209/84 3303/7194/84
f 3305/7210/81 3306/7211/81 3307/7212/81 3308/7213/81
f 3309/7214/82 3312/7215/82 3311/7216/82 3310/7217/82
f 3305/7210/3 3309/7218/3 3310/7219/3 3313/7220/3
f 3306/7221/83 3310/7222/83 3311/7216/83 3307/7223/83
f 3307/7224/5 3311/7225/5 3312/7226/5 3308/7227/5
f 3309/7228/84 3305/7229/84 3308/7230/84 3312/7215/84
f 3314/7231/81 3315/7232/81 3316/7233/81 3317/7234/81
f 3318/7235/82 3321/7236/82 3320/7237/82 3319/7238/82
f 3314/7231/3 3318/7239/3 3319/7240/3 3322/7241/3
f 3315/7242/83 3319/7243/83 3320/7237/83 3316/7244/83
f 3316/7245/5 3320/7246/5 3321/7247/5 3317/7248/5
f 3318/7249/84 3314/7250/84 3317/7251/84 3321/7236/84
f 3323/7252/81 3324/7253/81 3325/7254/81 3326/7255/81
f 3327/7256/82 3330/7257/82 3329/7258/82 3328/7259/82
f 3323/7252/3 3327/7260/3 3328/7261/3 3331/7262/3
f 3324/7263/83 3328/7264/83 3329/7258/83 3325/7265/83
f 3325/7266/5 3329/7267/5 3330/7268/5 3326/7269/5
f 3327/7270/84 3323/7271/84 3326/7272/84 3330/7257/84
f 3332/7273/81 3333/7274/81 3334/7275/81 3335/7276/81
f 3336/7277/82 3339/7278/82 3338/7279/82 3337/7280/82
f 3332/7273/3 3336/7281/3 3337/7282/3 3340/7283/3
f 3333/7284/83 3337/7285/83 3338/7279/83 3334/7286/83
f 3334/7287/5 3338/7288/5 3339/7289/5 3335/7290/5
f 3336/7291/84 3332/7292/84 3335/7293/84 3339/7278/84
f 3341/7294/81 3342/7295/81 3343/7296/81 3344/7297/81
f 3345/7298/82 3348/7299/82 3347/7300/82 3346/7301/82
f 3341/7294/3 3345/7302/3 3346/7303/3 3349/7304/3
f 3342/7305/83 3346/7306/83 3347/7300/83 3343/7296/83
f 3343/7307/5 3347/7308/5 3348/7309/5 3344/7310/5
f 3345/7311/84 3341/7312/84 3344/7313/84 3348/7299/84
f 3350/7314/81 3351/7315/81 3352/7316/81 3353/7317/81
f 3354/7318/82 3357/7319/82 3356/7320/82 3355/7321/82
f 3350/7314/3 3354/7322/3 3355/7323/3 3358/7324/3
f 3351/7325/83 3355/7326/83 3356/7320/83 3352/7327/83
f 3352/7328/5 3356/7329/5 3357/7330/5 3353/7331/5
f 3354/7332/84 3350/7333/84 3353/7334/84 3357/7319/84
f 3359/7335/81 3360/7336/81 3361/7337/81 3362/7338/81
f 3363/7339/82 3366/7340/82 3365/7341/82 3364/7342/82
f 3359/7335/3 3363/7343/3 3364/7344/3 3367/7345/3
f 3360/7346/83 3364/7347/83 3365/7341/83 3361/7348/83
f 3361/7349/5 3365/7350/5 3366/7351/5 3362/7352/5
f 3363/7353/84 3359/7354/84 3362/7355/84 3366/7340/84
f 3368/7356/81 3369/7357/81 3370/7358/81 3371/7359/81
f 3372/7360/82 3375/7361/82 3374/7362/82 3373/7363/82
f 3368/7356/3 3372/7364/3 3373/7365/3 3376/7366/3
f 3369/7367/83 3373/7368/83 3374/7362/83 3370/7369/83
f 3370/7370/5 3374/7371/5 3375/7372/5 3371/7373/5
f 3372/7374/85 3368/7375/85 3371/7376/85 3375/7361/85
f 3377/7377/81 3378/7378/81 3379/7379/81 3380/7380/81
f 3381/7381/82 3384/7382/82 3383/7383/82 3382/7384/82
f 3377/7377/3 3381/7385/3 3382/7386/3 3385/7387/3
f 3378/7388/83 3382/7389/83 3383/7383/83 3379/7390/83
f 3379/7391/5 3383/7392/5 3384/7393/5 3380/7394/5
f 3381/7395/84 3377/7396/84 3380/7397/84 3384/7382/84
f 3386/7398/81 3387/7399/81 3388/7400/81 3389/7401/81
f 3390/7402/82 3393/7403/82 3392/7404/82 3391/7405/82
f 3386/7398/3 3390/7406/3 3391/7407/3 3394/7408/3
f 3387/7409/83 3391/7410/83 3392/7404/83 3388/7411/83
f 3388/7412/5 3392/7413/5 3393/7414/5 3389/7415/5
f 3390/7416/84 3386/7417/84 3389/7418/84 3393/7403/84
f 3395/7419/81 3396/7420/81 3397/7421/81 3398/7422/81
f 3399/7423/82 3402/7424/82 3401/7425/82 3400/7426/82
f 3395/7419/3 3399/7427/3 3400/7428/3 3403/7429/3
f 3396/7430/83 3400/7431/83 3401/7425/83 3397/7432/83
f 3397/7433/5 3401/7434/5 3402/7435/5 3398/7436/5
f 3399/7437/84 3395/7438/84 3398/7439/84 3402/7424/84
f 3404/7440/81 3405/7441/81 3406/7442/81 3407/7443/81
f 3408/7444/82 3411/7445/82 3410/7446/82 3409/7447/82
f 3404/7440/3 3408/7448/3 3409/7449/3 3412/7450/3
f 3405/7451/83 3409/7452/83 3410/7446/83 3406/7453/83
f 3406/7454/5 3410/7455/5 3411/7456/5 3407/7457/5
f 3408/7458/84 3404/7459/84 3407/7460/84 3411/7445/84
f 3413/7461/81 3414/7462/81 3415/7463/81 3416/7464/81
f 3417/7465/82 3420/7466/82 3419/7467/82 3418/7468/82
f 3413/7461/3 3417/7469/3 3418/7470/3 3421/7471/3
f 3414/7472/83 3418/7473/83 3419/7467/83 3415/7474/83
f 3415/7475/5 3419/7476/5 3420/7477/5 3416/7478/5
f 3417/7479/84 3413/7480/84 3416/7481/84 3420/7466/84
f 3422/7482/81 3423/7483/81 3424/7484/81 3425/7485/81
f 3426/7486/82 3429/7487/82 3428/7488/82 3427/7489/82
f 3422/7482/3 3426/7490/3 3427/7491/3 3430/7492/3
f 3423/7493/83 3427/7494/83 3428/7488/83 3424/7495/83
f 3424/7496/5 3428/7497/5 3429/7498/5 3425/7499/5
f 3426/7500/84 3422/7501/84 3425/7502/84 3429/7487/84
f 3431/7503/81 3432/7504/81 3433/7505/81 3434/7506/81
f 3435/7507/82 3438/7508/82 3437/7509/82 3436/7510/82
f 3431/7503/3 3435/7511/3 3436/7512/3 3439/7513/3
f 3432/7514/83 3436/7515/83 3437/7509/83 3433/7516/83
f 3433/7517/5 3437/7518/5 3438/7519/5 3434/7520/5
f 3435/7521/84 3431/7522/84 3434/7523/84 3438/7508/84
f 3440/7524/81 3441/7525/81 3442/7526/81 3443/7527/81
f 3444/7528/82 3447/7529/82 3446/7530/82 3445/7531/82
f 3440/7524/3 3444/7532/3 3445/7533/3 3448/7534/3
f 3441/7535/83 3445/7536/83 3446/7530/83 3442/7537/83
f 3442/7538/5 3446/7539/5 3447/7540/5 3443/7541/5
f 3444/7542/84 3440/7543/84 3443/7544/84 3447/7529/84
f 3449/7545/81 3450/7546/81 3451/7547/81 3452/7548/81
f 3453/7549/82 3456/7550/82 3455/7551/82 3454/7552/82
f 3449/7545/3 3453/7553/3 3454/7554/3 3457/7555/3
f 3450/7556/83 3454/7557/83 3455/7551/83 3451/7558/83
f 3451/7559/5 3455/7560/5 3456/7561/5 3452/7562/5
f 3453/7563/84 3449/7564/84 3452/7565/84 3456/7550/84
f 3458/7566/81 3459/7567/81 3460/7568/81 3461/7569/81
f 3462/7570/82 3465/7571/82 3464/7572/82 3463/7573/82
f 3458/7566/3 3462/7574/3 3463/7575/3 3466/7576/3
f 3459/7577/83 3463/7578/83 3464/7572/83 3460/7579/83
f 3460/7580/5 3464/7581/5 3465/7582/5 3461/7583/5
f 3462/7584/84 3458/7585/84 3461/7586/84 3465/7571/84
f 3467/7587/81 3468/7588/81 3469/7589/81 3470/7590/81
f 3471/7591/82 3474/7592/82 3473/7593/82 3472/7594/82
f 3467/7587/3 3471/7595/3 3472/7596/3 3475/7597/3
f 3468/7598/83 3472/7599/83 3473/7593/83 3469/7600/83
f 3469/7601/5 3473/7602/5 3474/7603/5 3470/7604/5
f 3471/7605/84 3467/7606/84 3470/7607/84 3474/7592/84
f 3476/7608/81 3477/7609/81 3478/7610/81 3479/7611/81
f 3480/7612/82 3483/7613/82 3482/7614/82 3481/7615/82
f 3476/7608/3 3480/7616/3 3481/7617/3 3484/7618/3
f 3477/7619/83 3481/7620/83 3482/7614/83 3478/7621/83
f 3478/7622/5 3482/7623/5 3483/7624/5 3479/7625/5
f 3480/7626/84 3476/7627/84 3479/7628/84 3483/7613/84
f 3485/7629/81 3486/7630/81 3487/7631/81 3488/7632/81
f 3489/7633/82 3492/7634/82 3491/7635/82 3490/7636/82
f 3485/7637/3 3489/7638/3 3490/7639/3 3493/7640/3
f 3486/7641/83 3490/7642/83 3491/7635/83 3487/7643/83
f 3487/7644/5 3491/7645/5 3492/7646/5 3488/7647/5
f 3489/7648/84 3485/7629/84 3488/7649/84 3492/7634/84
f 3494/7650/81 3495/7651/81 3496/7652/81 3497/7653/81
f 3498/7654/82 3501/7655/82 3500/7656/82 3499/7657/82
f 3494/7658/3 3498/7659/3 3499/7660/3 3502/7661/3
f 3495/7651/83 3499/7662/83 3500/7656/83 3496/7663/83
f 3496/7664/5 3500/7665/5 3501/7666/5 3497/7667/5
f 3498/7668/84 3494/7650/84 3497/7669/84 3501/7655/84
f 3503/7670/81 3504/7671/81 3505/7672/81 3506/7673/81
f 3507/7674/82 3510/7675/82 3509/7676/82 3508/7677/82
f 3503/7678/3 3507/7679/3 3508/7680/3 3511/7681/3
f 3504/7671/83 3508/7682/83 3509/7676/83 3505/7683/83
f 3505/7684/5 3509/7685/5 3510/7686/5 3506/7687/5
f 3507/7688/84 3503/7670/84 3506/7689/84 3510/7675/84
f 3512/7690/81 3513/7691/81 3514/7692/81 3515/7693/81
f 3516/7694/82 3519/7695/82 3518/7696/82 3517/7697/82
f 3512/7698/3 3516/7699/3 3517/7700/3 3520/7701/3
f 3513/7691/83 3517/7702/83 3518/7696/83 3514/7703/83
f 3514/7704/5 3518/7705/5 3519/7706/5 3515/7707/5
f 3516/7708/84 3512/7690/84 3515/7709/84 3519/7695/84
f 3521/7710/81 3522/7711/81 3523/7712/81 3524/7713/81
f 3525/7714/82 3528/7715/82 3527/7716/82 3526/7717/82
f 3521/7718/3 3525/7719/3 3526/7720/3 3529/7721/3
f 3522/7711/83 3526/7722/83 3527/7716/83 3523/7723/83
f 3523/7724/5 3527/7725/5 3528/7726/5 3524/7727/5
f 3525/7728/84 3521/7710/84 3524/7729/84 3528/7715/84
f 3530/7730/81 3531/7731/81 3532/7732/81 3533/7733/81
f 3534/7734/82 3537/7735/82 3536/7736/82 3535/7737/82
f 3530/7738/3 3534/7739/3 3535/7740/3 3538/7741/3
f 3531/7731/83 3535/7742/83 3536/7736/83 3532/7743/83
f 3532/7744/5 3536/7745/5 3537/7746/5 3533/7747/5
f 3534/7748/84 3530/7730/84 3533/7749/84 3537/7735/84
f 3539/7750/81 3540/7751/81 3541/7752/81 3542/7753/81
f 3543/7754/82 3546/7755/82 3545/7756/82 3544/7757/82
f 3539/7758/3 3543/7759/3 3544/7760/3 3547/7761/3
f 3540/7751/83 3544/7762/83 3545/7756/83 3541/7763/83
f 3541/7764/5 3545/7765/5 3546/7766/5 3542/7767/5
f 3543/7768/84 3539/7750/84 3542/7769/84 3546/7755/84
f 3548/7770/81 3549/7771/81 3550/7772/81 3551/7773/81
f 3552/7774/82 3555/7775/82 3554/7776/82 3553/7777/82
f 3548/7778/3 3552/7779/3 3553/7780/3 3556/7781/3
f 3549/7771/83 3553/7782/83 3554/7776/83 3550/7783/83
f 3550/7784/5 3554/7785/5 3555/7786/5 3551/7787/5
f 3552/7788/84 3548/7770/84 3551/7789/84 3555/7775/84
f 3557/7790/81 3558/7791/81 3559/7792/81 3560/7793/81
f 3561/7794/82 3564/7795/82 3563/7796/82 3562/7797/82
f 3557/7798/3 3561/7799/3 3562/7800/3 3565/7801/3
f 3558/7791/83 3562/7802/83 3563/7796/83 3575/7803/83
f 3575/7804/5 3563/7805/5 3564/7806/5 3560/7807/5
f 3561/7808/84 3557/7790/84 3560/7809/84 3564/7795/84
f 3566/7810/81 3567/7811/81 3568/7812/81 3569/7813/81
f 3570/7814/82 3573/7815/82 3572/7816/82 3571/7817/82
f 3566/7818/3 3570/7819/3 3571/7820/3 3574/7821/3
f 3567/7811/83 3571/7822/83 3572/7816/83 3568/7823/83
f 3568/7824/5 3572/7825/5 3573/7826/5 3569/7827/5
f 3570/7828/84 3566/7810/84 3569/7829/84 3573/7815/84
f 3576/7830/81 3577/7831/81 3578/7832/81 3579/7833/81
f 3580/7834/82 3583/7835/82 3582/7836/82 3581/7837/82
f 3576/7838/3 3580/7839/3 3581/7840/3 3584/7841/3
f 3577/7831/83 3581/7842/83 3582/7836/83 3578/7843/83
f 3578/7844/5 3582/7845/5 3583/7846/5 3579/7847/5
f 3580/7848/84 3576/7830/84 3579/7849/84 3583/7835/84
f 3585/7850/81 3586/7851/81 3587/7852/81 3588/7853/81
f 3589/7854/82 3592/7855/82 3591/7856/82 3590/7857/82
f 3585/7858/3 3589/7859/3 3590/7860/3 3593/7861/3
f 3586/7851/83 3590/7862/83 3591/7856/83 3587/7863/83
f 3587/7864/5 3591/7865/5 3592/7866/5 3588/7867/5
f 3589/7868/84 3585/7850/84 3588/7869/84 3592/7855/84
f 3594/7870/81 3595/7871/81 3596/7872/81 3597/7873/81
f 3598/7874/82 3601/7875/82 3600/7876/82 3599/7877/82
f 3594/7878/3 3598/7879/3 3599/7880/3 3602/7881/3
f 3595/7871/83 3599/7882/83 3600/7876/83 3596/7883/83
f 3596/7884/5 3600/7885/5 3601/7886/5 3597/7887/5
f 3598/7888/84 3594/7870/84 3597/7889/84 3601/7875/84
f 3603/7890/81 3604/7891/81 3605/7892/81 3606/7893/81
f 3607/7894/82 3610/7895/82 3609/7896/82 3608/7897/82
f 3603/7898/3 3607/7899/3 3608/7900/3 3611/7901/3
f 3604/7891/83 3608/7902/83 3609/7896/83 3605/7903/83
f 3605/7904/5 3609/7905/5 3610/7906/5 3606/7907/5
f 3607/7908/84 3603/7890/84 3606/7909/84 3610/7895/84
f 3612/7910/81 3613/7911/81 3614/7912/81 3615/7913/81
f 3616/7914/82 3619/7915/82 3618/7916/82 3617/7917/82
f 3612/7918/3 3616/7919/3 3617/7920/3 3620/7921/3
f 3613/7911/83 3617/7922/83 3618/7916/83 3614/7923/83
f 3614/7924/5 3618/7925/5 3619/7926/5 3615/7927/5
f 3616/7928/84 3612/7910/84 3615/7929/84 3619/7915/84
f 3621/7930/81 3622/7931/81 3623/7932/81 3624/7933/81
f 3625/7934/82 3628/7935/82 3627/7936/82 3626/7937/82
f 3621/7938/3 3625/7939/3 3626/7940/3 3629/7941/3
f 3622/7931/83 3626/7942/83 3627/7936/83 3623/7943/83
f 3623/7944/5 3627/7945/5 3628/7946/5 3624/7947/5
f 3625/7948/84 3621/7930/84 3624/7949/84 3628/7935/84
f 3630/7950/81 3631/7951/81 3632/7952/81 3633/7953/81
f 3634/7954/82 3637/7955/82 3636/7956/82 3635/7957/82
f 3630/7958/3 3634/7959/3 3635/7960/3 3638/7961/3
f 3631/7951/83 3635/7962/83 3636/7956/83 3632/7963/83
f 3632/7964/5 3636/7965/5 3637/7966/5 3633/7967/5
f 3634/7968/84 3630/7950/84 3633/7969/84 3637/7955/84
f 3639/7970/81 3640/7971/81 3641/7972/81 3642/7973/81
f 3643/7974/82 3646/7975/82 3645/7976/82 3644/7977/82
f 3639/7978/3 3643/7979/3 3644/7980/3 3647/7981/3
f 3640/7971/83 3644/7982/83 3645/7976/83 3641/7983/83
f 3641/7984/5 3645/7985/5 3646/7986/5 3642/7987/5
f 3643/7988/84 3639/7970/84 3642/7989/84 3646/7975/84
f 3648/7990/81 3649/7991/81 3650/7992/81 3651/7993/81
f 3652/7994/82 3655/7995/82 3654/7996/82 3653/7997/82
f 3648/7998/3 3652/7999/3 3653/8000/3 3656/8001/3
f 3649/7991/83 3653/8002/83 3654/7996/83 3650/8003/83
f 3650/8004/5 3654/8005/5 3655/8006/5 3651/8007/5
f 3652/8008/84 3648/7990/84 3651/8009/84 3655/7995/84
f 3657/8010/81 3658/8011/81 3659/8012/81 3660/8013/81
f 3661/8014/82 3664/8015/82 3663/8016/82 3662/8017/82
f 3657/8018/3 3661/8019/3 3662/8020/3 3665/8021/3
f 3658/8011/83 3662/8022/83 3663/8016/83 3659/8023/83
f 3659/8024/5 3663/8025/5 3664/8026/5 3660/8027/5
f 3661/8028/84 3657/8010/84 3660/8029/84 3664/8015/84
f 3666/8030/81 3667/8031/81 3668/8032/81 3669/8033/81
f 3670/8034/82 3673/8035/82 3672/8036/82 3671/8037/82
f 3666/8038/3 3670/8039/3 3671/8040/3 3674/8041/3
f 3667/8031/83 3671/8042/83 3672/8036/83 3668/8043/83
f 3668/8044/5 3672/8045/5 3673/8046/5 3669/8047/5
f 3670/8048/84 3666/8030/84 3669/8049/84 3673/8035/84
f 3675/8050/81 3676/8051/81 3677/8052/81 3678/8053/81
f 3679/8054/82 3682/8055/82 3681/8056/82 3680/8057/82
f 3675/8058/3 3679/8059/3 3680/8060/3 3683/8061/3
f 3676/8051/83 3680/8062/83 3681/8056/83 3677/8063/83
f 3677/8064/5 3681/8065/5 3682/8066/5 3678/8067/5
f 3679/8068/84 3675/8050/84 3678/8069/84 3682/8055/84
f 3684/8070/81 3685/8071/81 3686/8072/81 3687/8073/81
f 3688/8074/82 3691/8075/82 3690/8076/82 3689/8077/82
f 3684/8078/3 3688/8079/3 3689/8080/3 3692/8081/3
f 3685/8071/83 3689/8082/83 3690/8076/83 3686/8083/83
f 3686/8084/5 3690/8085/5 3691/8086/5 3687/8087/5
f 3688/8088/84 3684/8070/84 3687/8089/84 3691/8075/84
f 3693/8090/81 3694/8091/81 3695/8092/81 3696/8093/81
f 3697/8094/82 3700/8095/82 3699/8096/82 3698/8097/82
f 3693/8098/3 3697/8099/3 3698/8100/3 3701/8101/3
f 3694/8091/83 3698/8102/83 3699/8096/83 3695/8103/83
f 3695/8104/5 3699/8105/5 3700/8106/5 3696/8107/5
f 3697/8108/84 3693/8090/84 3696/8109/84 3700/8095/84
f 3702/8110/81 3703/8111/81 3704/8112/81 3705/8113/81
f 3706/8114/82 3709/8115/82 3708/8116/82 3707/8117/82
f 3702/8118/3 3706/8119/3 3707/8120/3 3710/8121/3
f 3703/8111/83 3707/8122/83 3708/8116/83 3704/8123/83
f 3704/8124/5 3708/8125/5 3709/8126/5 3705/8127/5
f 3706/8128/84 3702/8110/84 3705/8129/84 3709/8115/84
f 3711/8130/81 3712/8131/81 3713/8132/81 3714/8133/81
f 3715/8134/82 3718/8135/82 3717/8136/82 3716/8137/82
f 3711/8138/3 3715/8139/3 3716/8140/3 3719/8141/3
f 3712/8131/83 3716/8142/83 3717/8136/83 3713/8143/83
f 3713/8144/5 3717/8145/5 3718/8146/5 3714/8147/5
f 3715/8148/84 3711/8130/84 3714/8149/84 3718/8135/84
f 3720/8150/81 3721/8151/81 3722/8152/81 3723/8153/81
f 3724/8154/82 3727/8155/82 3726/8156/82 3725/8157/82
f 3720/8158/3 3724/8159/3 3725/8160/3 3728/8161/3
f 3721/8151/83 3725/8162/83 3726/8156/83 3722/8163/83
f 3722/8164/5 3726/8165/5 3727/8166/5 3723/8167/5
f 3724/8168/84 3720/8150/84 3723/8169/84 3727/8155/84
f 3729/8170/81 3730/8171/81 3731/8172/81 3732/8173/81
f 3733/8174/82 3736/8175/82 3735/8176/82 3734/8177/82
f 3729/8178/3 3733/8179/3 3734/8180/3 3737/8181/3
f 3730/8171/83 3734/8182/83 3735/8176/83 3731/8183/83
f 3731/8184/5 3735/8185/5 3736/8186/5 3732/8187/5
f 3733/8188/84 3729/8170/84 3732/8189/84 3736/8175/84
f 3738/8190/81 3739/8191/81 3740/8192/81 3741/8193/81
f 3742/8194/82 3745/8195/82 3744/8196/82 3743/8197/82
f 3738/8198/3 3742/8199/3 3743/8200/3 3746/8201/3
f 3739/8191/83 3743/8202/83 3744/8196/83 3740/8203/83
f 3740/8204/5 3744/8205/5 3745/8206/5 3741/8207/5
f 3742/8208/84 3738/8190/84 3741/8209/84 3745/8195/84
f 3747/8210/81 3748/8211/81 3749/8212/81 3750/8213/81
f 3751/8214/82 3754/8215/82 3753/8216/82 3752/8217/82
f 3747/8218/3 3751/8219/3 3752/8220/3 3755/8221/3
f 3748/8211/83 3752/8222/83 3753/8216/83 3749/8223/83
f 3749/8224/5 3753/8225/5 3754/8226/5 3750/8227/5
f 3751/8228/84 3747/8210/84 3750/8229/84 3754/8215/84
f 3756/8230/81 3757/8231/81 3758/8232/81 3759/8233/81
f 3760/8234/82 3763/8235/82 3762/8236/82 3761/8237/82
f 3756/8238/3 3760/8239/3 3761/8240/3 3764/8241/3
f 3757/8231/83 3761/8242/83 3762/8236/83 3758/8243/83
f 3758/8244/5 3762/8245/5 3763/8246/5 3759/8247/5
f 3760/8248/84 3756/8230/84 3759/8249/84 3763/8235/84
f 3765/8250/81 3766/8251/81 3767/8252/81 3768/8253/81
f 3769/8254/82 3772/8255/82 3771/8256/82 3770/8257/82
f 3765/8258/3 3769/8259/3 3770/8260/3 3773/8261/3
f 3766/8251/83 3770/8262/83 3771/8256/83 3767/8263/83
f 3767/8264/5 3771/8265/5 3772/8266/5 3768/8267/5
f 3769/8268/84 3765/8250/84 3768/8269/84 3772/8255/84
f 3774/8270/81 3775/8271/81 3776/8272/81 3777/8273/81
f 3778/8274/82 3781/8275/82 3780/8276/82 3779/8277/82
f 3774/8278/3 3778/8279/3 3779/8280/3 3782/8281/3
f 3775/8271/83 3779/8282/83 3780/8276/83 3776/8283/83
f 3776/8284/5 3780/8285/5 3781/8286/5 3777/8287/5
f 3778/8288/84 3774/8270/84 3777/8289/84 3781/8275/84
f 3783/8290/81 3784/8291/81 3785/8292/81 3786/8293/81
f 3787/8294/82 3790/8295/82 3789/8296/82 3788/8297/82
f 3783/8298/3 3787/8299/3 3788/8300/3 3791/8301/3
f 3784/8291/83 3788/8302/83 3789/8296/83 3785/8303/83
f 3785/8304/5 3789/8305/5 3790/8306/5 3786/8307/5
f 3787/8308/84 3783/8290/84 3786/8309/84 3790/8295/84
f 3792/8310/81 3793/8311/81 3794/8312/81 3795/8313/81
f 3796/8314/82 3799/8315/82 3798/8316/82 3797/8317/82
f 3792/8318/3 3796/8319/3 3797/8320/3 3800/8321/3
f 3793/8311/83 3797/8322/83 3798/8316/83 3794/8323/83
f 3794/8324/5 3798/8325/5 3799/8326/5 3795/8327/5
f 3796/8328/84 3792/8310/84 3795/8329/84 3799/8315/84
f 3801/8330/81 3802/8331/81 3803/8332/81 3804/8333/81
f 3805/8334/82 3808/8335/82 3807/8336/82 3806/8337/82
f 3801/8338/3 3805/8339/3 3806/8340/3 3809/8341/3
f 3802/8331/83 3806/8342/83 3807/8336/83 3803/8343/83
f 3803/8344/5 3807/8345/5 3808/8346/5 3804/8347/5
f 3805/8348/84 3801/8330/84 3804/8349/84 3808/8335/84
f 3810/8350/81 3811/8351/81 3812/8352/81 3813/8353/81
f 3814/8354/82 3817/8355/82 3816/8356/82 3815/8357/82
f 3810/8358/3 3814/8359/3 3815/8360/3 3818/8361/3
f 3811/8351/83 3815/8362/83 3816/8356/83 3812/8363/83
f 3812/8364/5 3816/8365/5 3817/8366/5 3813/8367/5
f 3814/8368/84 3810/8350/84 3813/8369/84 3817/8355/84
f 3819/8370/81 3820/8371/81 3821/8372/81 3822/8373/81
f 3823/8374/82 3826/8375/82 3825/8376/82 3824/8377/82
f 3819/8378/3 3823/8379/3 3824/8380/3 3827/8381/3
f 3820/8371/83 3824/8382/83 3825/8376/83 3821/8383/83
f 3821/8384/5 3825/8385/5 3826/8386/5 3822/8387/5
f 3823/8388/84 3819/8370/84 3822/8389/84 3826/8375/84
f 3828/8390/81 3829/8391/81 3830/8392/81 3831/8393/81
f 3832/8394/82 3835/8395/82 3834/8396/82 3833/8397/82
f 3828/8398/3 3832/8399/3 3833/8400/3 3836/8401/3
f 3829/8391/83 3833/8402/83 3834/8396/83 3830/8403/83
f 3830/8404/5 3834/8405/5 3835/8406/5 3831/8407/5
f 3832/8408/84 3828/8390/84 3831/8409/84 3835/8395/84
f 3837/8410/81 3838/8411/81 3839/8412/81 3840/8413/81
f 3841/8414/82 3844/8415/82 3843/8416/82 3842/8417/82
f 3837/8418/3 3841/8419/3 3842/8420/3 3845/8421/3
f 3838/8411/83 3842/8422/83 3843/8416/83 3839/8423/83
f 3839/8424/5 3843/8425/5 3844/8426/5 3840/8427/5
f 3841/8428/84 3837/8410/84 3840/8429/84 3844/8415/84
f 3846/8430/81 3847/8431/81 3848/8432/81 3849/8433/81
f 3850/8434/82 3853/8435/82 3852/8436/82 3851/8437/82
f 3846/8438/3 3850/8439/3 3851/8440/3 3854/8441/3
f 3847/8431/83 3851/8442/83 3852/8436/83 3848/8443/83
f 3848/8444/5 3852/8445/5 3853/8446/5 3849/8447/5
f 3850/8448/84 3846/8430/84 3849/8449/84 3853/8435/84
f 3855/8450/81 3856/8451/81 3857/8452/81 3858/8453/81
f 3859/8454/82 3862/8455/82 3861/8456/82 3860/8457/82
f 3855/8458/3 3859/8459/3 3860/8460/3 3863/8461/3
f 3856/8451/83 3860/8462/83 3861/8456/83 3857/8463/83
f 3857/8464/5 3861/8465/5 3862/8466/5 3858/8467/5
f 3859/8468/84 3855/8450/84 3858/8469/84 3862/8455/84
f 3864/8470/81 3865/8471/81 3866/8472/81 3867/8473/81
f 3868/8474/82 3871/8475/82 3870/8476/82 3869/8477/82
f 3864/8478/3 3868/8479/3 3869/8480/3 3872/8481/3
f 3865/8471/83 3869/8482/83 3870/8476/83 3866/8483/83
f 3866/8484/5 3870/8485/5 3871/8486/5 3867/8487/5
f 3868/8488/84 3864/8470/84 3867/8489/84 3871/8475/84
f 3873/8490/81 3874/8491/81 3875/8492/81 3876/8493/81
f 3877/8494/82 3880/8495/82 3879/8496/82 3878/8497/82
f 3873/8498/3 3877/8499/3 3878/8500/3 3881/8501/3
f 3874/8491/83 3878/8502/83 3879/8496/83 3875/8503/83
f 3875/8504/5 3879/8505/5 3880/8506/5 3876/8507/5
f 3877/8508/84 3873/8490/84 3876/8509/84 3880/8495/84
f 3882/8510/81 3883/8511/81 3884/8512/81 3885/8513/81
f 3886/8514/82 3889/8515/82 3888/8516/82 3887/8517/82
f 3882/8518/3 3886/8519/3 3887/8520/3 3890/8521/3
f 3883/8511/83 3887/8522/83 3888/8516/83 3884/8523/83
f 3884/8524/5 3888/8525/5 3889/8526/5 3885/8527/5
f 3886/8528/84 3882/8510/84 3885/8529/84 3889/8515/84
f 3891/8530/81 3892/8531/81 3893/8532/81 3894/8533/81
f 3895/8534/82 3898/8535/82 3897/8536/82 3896/8537/82
f 3891/8538/3 3895/8539/3 3896/8540/3 3899/8541/3
f 3892/8531/83 3896/8542/83 3897/8536/83 3893/8543/83
f 3893/8544/5 3897/8545/5 3898/8546/5 3894/8547/5
f 3895/8548/84 3891/8530/84 3894/8549/84 3898/8535/84
f 3900/8550/81 3901/8551/81 3902/8552/81 3903/8553/81
f 3904/8554/82 3907/8555/82 3906/8556/82 3905/8557/82
f 3900/8558/3 3904/8559/3 3905/8560/3 3908/8561/3
f 3901/8551/83 3905/8562/83 3906/8556/83 3902/8563/83
f 3902/8564/5 3906/8565/5 3907/8566/5 3903/8567/5
f 3904/8568/84 3900/8550/84 3903/8569/84 3907/8555/84
f 3910/8570/1 3921/539/1 3914/542/1 315/8571/1
f 312/8572/1 3909/8573/1 3921/539/1 3910/8570/1
f 3909/8573/1 313/8574/1 3912/540/1 3921/539/1
f 3917/548/2 3922/543/2 3919/546/2 317/549/2
f 316/8575/2 3918/8576/2 3922/543/2 3917/548/2
f 3918/8576/2 319/8577/2 3920/544/2 3922/543/2
f 3909/8578/3 3923/547/3 3913/550/3 313/8579/3
f 312/8580/3 3911/8581/3 3923/547/3 3909/8578/3
f 3911/8581/3 316/8575/3 3917/548/3 3923/547/3
f 3912/8582/4 3924/551/4 3915/554/4 314/8583/4
f 313/8579/4 3913/550/4 3924/551/4 3912/8582/4
f 3913/550/4 317/549/4 3919/552/4 3924/551/4
f 3914/8584/5 3925/555/5 3916/558/5 315/8585/5
f 314/8586/5 3915/8587/5 3925/555/5 3914/8584/5
f 3915/8587/5 318/8588/5 3920/556/5 3925/555/5
f 3918/8589/6 3926/559/6 3916/562/6 319/8590/6
f 316/8575/6 3911/8581/6 3926/559/6 3918/8589/6
f 3911/8581/6 312/8580/6 3910/560/6 3926/559/6
f 112/180/4 3930/11/4 3928/13/4 110/181/4
f 117/184/5 3935/14/5 3929/17/5 111/185/5
f 116/188/3 3934/53/3 3931/54/3 113/167/3
f 123/192/5 3940/55/5 3932/58/5 114/193/5
f 114/193/5 3932/58/5 3933/74/5 115/195/5
f 121/198/3 3938/82/3 3934/53/3 116/188/3
f 122/200/5 3939/88/5 3935/14/5 117/184/5
f 108/186/3 3927/101/3 3936/102/3 118/201/3
f 110/206/5 3928/120/5 3937/123/5 120/207/5
f 118/201/3 3936/102/3 3938/82/3 121/198/3
f 115/195/5 3933/74/5 3939/88/5 122/200/5
f 120/207/5 3937/123/5 3940/55/5 123/192/5
f 5/97/6 3927/101/6 3929/17/6 8/16/6
f 119/176/3 3942/9/3 3941/10/3 109/177/3
f 124/168/3 3943/112/3 3942/9/3 119/176/3
